period,rgdp,ngdp,k,lp,rva,y,x,lf,c,W,sW,cW,ceW1,ceW2,rer0,tot0,nx0,ex0,im0,exrate0,texrate0,mktpen0,mktpenw0,Z0,tau0,ntb0,rer2,tot2,nx2,ex2,im2,exrate2,texrate2,mktpen2,mktpenw2,Z2,tau2,ntb2
0,582.3058136678258734,582.3058151166720791,727.7604678570812666,232.8833493747264640,340.4775224185322031,1164.9039136553776643,43.6656294534372336,6.7822694649564275,538.6401843230338500,48.9672894964516345,0.0000000000000000,5386.4018389907168967,0.0000000000000000,0.0000000000000000,0.9999999975118812,1.0000000052156841,-1.0975556597924054,13.7358977811838923,14.8334534409762977,0.0574419850770575,0.0571999991715401,0.1440591208624354,0.2548024125762191,0.8669992515115729,0.0000000000000000,0.0000000000000000,0.9999999946088590,1.0000000128728819,1.0975545154850721,112.1945392196249998,111.0969847041399277,0.3677395352555066,0.3699999874939802,0.2199212969977918,0.4166484259373902,2.1736930411558832,0.0000000000000000,0.0000000000000000
1,582.3058132118175081,582.3058154029203024,727.7604691304483140,232.8833502397640132,340.4775234602391265,1164.9039153682242613,43.6656297218230733,6.7822695275226490,538.6401836542996762,48.9672894977055719,0.0000000000000000,5386.4018555492766609,0.0000000000000000,0.0000000000000000,0.9999999962371955,0.9999999964033182,-1.0975552691030153,13.7358982615549969,14.8334535306580122,0.0574419850770575,0.0571999990059855,0.1440591204926058,0.2548024122761278,0.8669992504985132,0.0000000000000000,0.0000000000000000,0.9999999965925166,1.0000000157968394,1.0975541339868187,112.1945380347189740,111.0969839007321553,0.3677395352555066,0.3699999899832686,0.2199212984474141,0.4166484271580351,2.1736930470313531,0.0000000000000000,0.0000000000000000
2,582.3058128062409651,582.3058139991824191,727.7604705401391811,232.8833506319159028,340.4775240622967658,1164.9039161716748367,43.6656296268892632,6.7822695523337684,538.6401832688072773,48.9672895051643167,0.0000000000000000,5386.4018498975801776,0.0000000000000000,0.0000000000000000,0.9999999979513490,1.0000000016885324,-1.0975554467741127,13.7358979837091528,14.8334534304832655,0.0574419850770575,0.0571999995904141,0.1440591217438769,0.2548024133427829,0.8669992540294823,0.0000000000000000,0.0000000000000000,0.9999999968454164,1.0000000149287096,1.0975545946750600,112.1945375452571056,111.0969829505820456,0.3677395352555065,0.3699999904711657,0.2199212990193611,0.4166484274436241,2.1736930486014514,0.0000000000000000,0.0000000000000000
3,582.3058140048393625,582.3058162524090449,727.7604718451643748,232.8833488488021430,340.4775225278602306,1164.9039139942003658,43.6656291639917100,6.7822694328193283,538.6401850093872099,48.9672895168734144,0.0000000000000000,5386.4018472921907232,0.0000000000000000,0.0000000000000000,0.9999999961402246,1.0000000085108767,-1.0975559318223915,13.7358976717904682,14.8334536036128597,0.0574419850770575,0.0571999986972772,0.1440591192603608,0.2548024108863733,0.8669992475014634,0.0000000000000000,0.0000000000000000,0.9999999944801032,1.0000000103151416,1.0975555718812444,112.1945403522644114,111.0969847803831669,0.3677395352555062,0.3699999869506454,0.2199212967032420,0.4166484256219578,2.1736930400100691,0.0000000000000000,0.0000000000000000
4,582.3058133651850312,582.3058150761097522,727.7604725299066786,232.8833501935542074,340.4775239453371114,1164.9039163199020095,43.6656294789565607,6.7822695372049067,538.6401840145263122,48.9672895139299555,0.0000000000000000,5386.4018547091773144,0.0000000000000000,0.0000000000000000,0.9999999970618108,0.9999999960913415,-1.0975551989267665,13.7358982889049432,14.8334534878317097,0.0574419850770575,0.0571999992311021,0.1440591208839549,0.2548024127316377,0.8669992517770222,0.0000000000000000,0.0000000000000000,0.9999999969162874,1.0000000145328760,1.0975548088022862,112.1945384303132727,111.0969836215109865,0.3677395352555056,0.3699999901773582,0.2199212984998633,0.4166484272064732,2.1736930473043001,0.0000000000000000,0.0000000000000000
5,582.3058131693189807,582.3058128231946284,727.7604735287709445,232.8833504862101051,340.4775243863512628,1164.9039170410705992,43.6656293965231299,6.7822695808607225,538.6401837468408758,48.9672895197363474,0.0000000000000000,5386.4018406522955047,0.0000000000000000,0.0000000000000000,1.0000000005944030,1.0000000133441596,-1.0975559299012279,13.7358975691125753,14.8334534990138032,0.0574419850770575,0.0572000002448455,0.1440591236203679,0.2548024151551020,0.8669992592671809,0.0000000000000000,0.0000000000000000,0.9999999975881617,1.0000000134259743,1.0975556084722484,112.1945386036979073,111.0969829952256589,0.3677395352555057,0.3699999908075751,0.2199212993048849,0.4166484276519355,2.1736930496103248,0.0000000000000000,0.0000000000000000
6,582.3058137906734828,582.3058146013391934,727.7604745395227610,232.8833493872131726,340.4775234728134592,1164.9039156307183021,43.6656290839935082,6.7822694917122526,538.6401847674696910,48.9672895285568757,0.0000000000000000,5386.4018425013300657,0.0000000000000000,0.0000000000000000,0.9999999986078350,1.0000000071715351,-1.0975556974233758,13.7358976735291307,14.8334533709525065,0.0574419850770575,0.0571999994549750,0.1440591217712656,0.2548024133372502,0.8669992541716949,0.0000000000000000,0.0000000000000000,0.9999999957344856,1.0000000110752649,1.0975557845231521,112.1945398977081680,111.0969841131850160,0.3677395352555060,0.3699999883164048,0.2199212976560739,0.4166484263423146,2.1736930435110078,0.0000000000000000,0.0000000000000000
7,582.3058139894440046,582.3058162778248743,727.7604750903551576,232.8833492427647514,340.4775234179245444,1164.9039156477463166,43.6656291063762936,6.7822694736414029,538.6401850546676542,48.9672895289810128,0.0000000000000000,5386.4018551381113866,0.0000000000000000,0.0000000000000000,0.9999999960701391,0.9999999952331291,-1.0975552197852849,13.7358983857992527,14.8334536055845376,0.0574419850770575,0.0571999987132431,0.1440591196099421,0.2548024113391865,0.8669992482388817,0.0000000000000000,0.0000000000000000,0.9999999957138039,1.0000000117584102,1.0975554727490220,112.1945397421953743,111.0969842694463523,0.3677395352555066,0.3699999882831857,0.2199212975360516,0.4166484263348412,2.1736930430969235,0.0000000000000000,0.0000000000000000
8,582.3058136560595131,582.3058148750341161,727.7604755197103259,232.8833501629322882,340.4775243817435921,1164.9039173644780476,43.6656293585751172,6.7822695627946290,538.6401843888921803,48.9672895268366730,0.0000000000000000,5386.4018560670019724,0.0000000000000000,0.0000000000000000,0.9999999979066418,0.9999999985276626,-1.0975552771233161,13.7358981705317280,14.8334534476550441,0.0574419850770575,0.0571999994058952,0.1440591213670679,0.2548024132651908,0.8669992531119128,0.0000000000000000,0.0000000000000000,0.9999999979344798,1.0000000143983239,1.0975553476529711,112.1945391583473111,111.0969838106943399,0.3677395352555063,0.3699999908376466,0.2199212992721460,0.4166484276754291,2.1736930494682105,0.0000000000000000,0.0000000000000000
9,582.3058137241740724,582.3058152107997785,727.7604762556950391,232.8833497242705448,340.4775240689669999,1164.9039167232044747,43.6656291375196162,6.7822695169975411,538.6401846981326571,48.9672895305304152,0.0000000000000000,5386.4018536306257374,0.0000000000000000,0.0000000000000000,0.9999999974470015,1.0000000054498479,-1.0975556832554982,13.7358978084264045,14.8334534916819027,0.0574419850770575,0.0571999992199154,0.1440591210634004,0.2548024128671751,0.8669992522411428,0.0000000000000000,0.0000000000000000,0.9999999967788574,1.0000000116267016,1.0975560223093908,112.1945397803989692,111.0969837580895785,0.3677395352555068,0.3699999895177437,0.2199212985148299,0.4166484268060510,2.1736930462108721,0.0000000000000000,0.0000000000000000
10,582.3058138826631875,582.3058150433060973,727.7604767063945701,232.8833499361580550,340.4775243457734746,1164.9039174470963189,43.6656292656167153,6.7822695561854021,538.6401847040801840,48.9672895317822494,0.0000000000000000,5386.4018560857512057,0.0000000000000000,0.0000000000000000,0.9999999980068155,0.9999999982990639,-1.0975552628104825,13.7358982383956452,14.8334535012061277,0.0574419850770576,0.0571999993595109,0.1440591213901538,0.2548024131771454,0.8669992531420245,0.0000000000000000,0.0000000000000000,0.9999999979576761,1.0000000140135292,1.0975555321170560,112.1945395524601992,111.0969840203431431,0.3677395352555065,0.3699999906169369,0.2199212992384810,0.4166484275833324,2.1736930492284432,0.0000000000000000,0.0000000000000000
11,582.3058135351125202,582.3058148067834736,727.7604772825939108,232.8833501920770459,340.4775246850676353,1164.9039177871502488,43.6656292328712894,6.7822695577365852,538.6401843976007058,48.9672895331052018,0.0000000000000000,5386.4018575714344479,0.0000000000000000,0.0000000000000000,0.9999999978161458,1.0000000013678134,-1.0975554397008924,13.7358980330728464,14.8334534727737388,0.0574419850770575,0.0571999994073413,0.1440591213501362,0.2548024129611147,0.8669992530779473,0.0000000000000000,0.0000000000000000,0.9999999977651910,1.0000000129646567,1.0975558721735013,112.1945391625424264,111.0969832903689252,0.3677395352555067,0.3699999907032558,0.2199212993603739,0.4166484276327164,2.1736930496462668,0.0000000000000000,0.0000000000000000
12,582.3058134956951335,582.3058148819816324,727.7604777831501224,232.8833502213099393,340.4775247916206240,1164.9039179449994208,43.6656292192449769,6.7822695523000158,538.6401843804043210,48.9672895373466304,0.0000000000000000,5386.4018594399676658,0.0000000000000000,0.0000000000000000,0.9999999976193157,1.0000000056202902,-1.0975556821416621,13.7358977514654281,14.8334534336070902,0.0574419850770575,0.0571999993786788,0.1440591214426183,0.2548024130990033,0.8669992531380076,0.0000000000000000,0.0000000000000000,0.9999999977808236,1.0000000122050858,1.0975562059713866,112.1945393789409877,111.0969831729696011,0.3677395352555060,0.3699999907738521,0.2199212992341175,0.4166484274114362,2.1736930491650592,0.0000000000000000,0.0000000000000000
13,582.3058140168419641,582.3058153447043424,727.7604782314519980,232.8833494668559183,340.4775241261866086,1164.9039170019236735,43.6656289875036450,6.7822695010609015,538.6401851289114120,48.9672895421685226,0.0000000000000000,5386.4018534106253355,0.0000000000000000,0.0000000000000000,0.9999999977196476,1.0000000066590653,-1.0975557396521829,13.7358978294826084,14.8334535691347913,0.0574419850770576,0.0571999992342846,0.1440591209955982,0.2548024126044331,0.8669992519272913,0.0000000000000000,0.0000000000000000,0.9999999966286757,1.0000000104110360,1.0975564736374110,112.1945402590080931,111.0969837853706821,0.3677395352555061,0.3699999891538718,0.2199212980313826,0.4166484264623535,2.1736930448502481,0.0000000000000000,0.0000000000000000
14,582.3058138506980868,582.3058146725908273,727.7604784254955348,232.8833497764062201,340.4775244581574611,1164.9039175323964628,43.6656290177538509,6.7822695343959962,538.6401848945758957,48.9672895406679913,0.0000000000000000,5386.4018512791608373,0.0000000000000000,0.0000000000000000,0.9999999985885548,1.0000000085231762,-1.0975557869504584,13.7358977319156761,14.8334535188661345,0.0574419850770575,0.0571999995110601,0.1440591215407066,0.2548024132197849,0.8669992536418171,0.0000000000000000,0.0000000000000000,0.9999999971353686,1.0000000108177332,1.0975565244267358,112.1945399952647193,111.0969834708379835,0.3677395352555065,0.3699999897269535,0.2199212985974911,0.4166484271287489,2.1736930469648024,0.0000000000000000,0.0000000000000000
15,582.3058140154835201,582.3058167425766669,727.7604786760879279,232.8833495590079963,340.4775242853446002,1164.9039173076389488,43.6656290833204821,6.7822695073505841,538.6401851366608753,48.9672895411477356,0.0000000000000000,5386.4018672659212825,0.0000000000000000,0.0000000000000000,0.9999999953167336,0.9999999933076633,-1.0975551615826316,13.7358984719139965,14.8334536334966280,0.0574419850770575,0.0571999985839596,0.1440591194645963,0.2548024114410657,0.8669992478355043,0.0000000000000000,0.0000000000000000,0.9999999969908189,1.0000000119904946,1.0975559437575413,112.1945398158956522,111.0969838721381109,0.3677395352555070,0.3699999896083654,0.2199212984935298,0.4166484270112500,2.1736930465387387,0.0000000000000000,0.0000000000000000
16,582.3058136548269204,582.3058148825498392,727.7604788343453492,232.8833501003788626,340.4775248376838022,1164.9039181197774724,43.6656290887102685,6.7822695499934973,538.6401846581803738,48.9672895394746845,0.0000000000000000,5386.4018574424344479,0.0000000000000000,0.0000000000000000,0.9999999978916181,1.0000000029527871,-1.0975555219984336,13.7358979526520812,14.8334534746505149,0.0574419850770575,0.0571999994043060,0.1440591211261018,0.2548024129176479,0.8669992525425291,0.0000000000000000,0.0000000000000000,0.9999999976662004,1.0000000118727341,1.0975562951271627,112.1945394610651192,111.0969831659379565,0.3677395352555066,0.3699999904979796,0.2199212990368822,0.4166484274120299,2.1736930487484556,0.0000000000000000,0.0000000000000000
17,582.3058138825556398,582.3058160860780390,727.7604791009309793,232.8833498773566362,340.4775246618835354,1164.9039179629132832,43.6656291325095935,6.7822695353739730,538.6401849152825889,48.9672895419841510,0.0000000000000000,5386.4018662891403437,0.0000000000000000,0.0000000000000000,0.9999999962158674,0.9999999948896536,-1.0975551858942882,13.7358983461535633,14.8334535320478516,0.0574419850770575,0.0571999988997735,0.1440591202265318,0.2548024121432471,0.8669992499390993,0.0000000000000000,0.0000000000000000,0.9999999977319805,1.0000000127559121,1.0975559501913210,112.1945396122754772,111.0969836620841562,0.3677395352555062,0.3699999904671036,0.2199212989824952,0.4166484273398569,2.1736930485368160,0.0000000000000000,0.0000000000000000
18,582.3058138518106261,582.3058149321989276,727.7604793221481714,232.8833498880365482,340.4775247067912574,1164.9039180108647997,43.6656290182232141,6.7822695391669514,538.6401849146029690,48.9672895424072649,0.0000000000000000,5386.4018556834762421,0.0000000000000000,0.0000000000000000,0.9999999981446377,1.0000000062905392,-1.0975556980343129,13.7358978762709327,14.8334535743052456,0.0574419850770576,0.0571999994042485,0.1440591211853552,0.2548024128974805,0.8669992526500909,0.0000000000000000,0.0000000000000000,0.9999999975646664,1.0000000112182277,1.0975565465006838,112.1945398782865766,111.0969833317858928,0.3677395352555072,0.3699999901953689,0.2199212989365162,0.4166484271707060,2.1736930479366472,0.0000000000000000,0.0000000000000000
19,582.3058139166030287,582.3058164116670241,727.7604795000269178,232.8833498411212020,340.4775246888039533,1164.9039180211771054,43.6656291038402102,6.7822695271234874,538.6401849998612761,48.9672895428788735,0.0000000000000000,5386.4018686497165618,0.0000000000000000,0.0000000000000000,0.9999999957152002,0.9999999925650073,-1.0975550994164127,13.7358985509253824,14.8334536503417951,0.0574419850770575,0.0571999987481295,0.1440591198549814,0.2548024118100519,0.8669992489099958,0.0000000000000000,0.0000000000000000,0.9999999976326472,1.0000000126120565,1.0975559617130273,112.1945394920240204,111.0969835303109932,0.3677395352555066,0.3699999903614433,0.2199212990024575,0.4166484271902499,2.1736930480449472,0.0000000000000000,0.0000000000000000
20,582.3058139108619571,582.3058152332683903,727.7604796467670667,232.8833499616434892,340.4775248291574599,1164.9039183114748539,43.6656290710062933,6.7822695480527075,538.6401849390196048,48.9672895426225665,0.0000000000000000,5386.4018597699587190,0.0000000000000000,0.0000000000000000,0.9999999977290173,1.0000000026463247,-1.0975555114114339,13.7358979640616301,14.8334534754730640,0.0574419850770575,0.0571999993437546,0.1440591212807439,0.2548024131633086,0.8669992528473284,0.0000000000000000,0.0000000000000000,0.9999999979885417,1.0000000121049235,1.0975563577827785,112.1945399036205941,111.0969835458378157,0.3677395352555066,0.3699999906920703,0.2199212990725253,0.4166484272383618,2.1736930486276482,0.0000000000000000,0.0000000000000000
21,582.3058137948046351,582.3058143760931671,727.7604798398033381,232.8833500630424567,340.4775249580918626,1164.9039184661137369,43.6656290172969150,6.7822695646935767,538.6401848210971366,48.9672895428937380,0.0000000000000000,5386.4018535577779403,0.0000000000000000,0.0000000000000000,0.9999999990017470,1.0000000073547177,-1.0975556999739062,13.7358978356582853,14.8334535356321915,0.0574419850770575,0.0571999996934445,0.1440591221390609,0.2548024135130528,0.8669992549326320,0.0000000000000000,0.0000000000000000,0.9999999979898007,1.0000000115732162,1.0975565857866343,112.1945397609015203,111.0969831751148860,0.3677395352555068,0.3699999907084884,0.2199212993565484,0.4166484276388704,2.1736930496329259,0.0000000000000000,0.0000000000000000
22,582.3058138442047493,582.3058148891230985,727.7604800231226818,232.8833499746218365,340.4775249004988495,1164.9039183800302908,43.6656290131773801,6.7822695558112800,538.6401849093831515,48.9672895442640481,0.0000000000000000,5386.4018572598961327,0.0000000000000000,0.0000000000000000,0.9999999982055505,1.0000000047724908,-1.0975556000448048,13.7358978752400276,14.8334534752848324,0.0574419850770575,0.0571999994683214,0.1440591217562694,0.2548024134181784,0.8669992540998593,0.0000000000000000,0.0000000000000000,0.9999999978520047,1.0000000115515926,1.0975565301078802,112.1945398833726557,111.0969833532647755,0.3677395352555071,0.3699999905419644,0.2199212992494386,0.4166484275415864,2.1736930492367614,0.0000000000000000,0.0000000000000000
23,582.3058138502152588,582.3058150528873966,727.7604801565569232,232.8833499557538573,340.4775249029175370,1164.9039183786553622,43.6656290004687193,6.7822695521587448,538.6401849399318280,48.9672895449687857,0.0000000000000000,5386.4018584500718134,0.0000000000000000,0.0000000000000000,0.9999999979346383,1.0000000042151749,-1.0975555916982689,13.7358979427399746,14.8334535344382434,0.0574419850770575,0.0571999993886613,0.1440591215287806,0.2548024132459410,0.8669992534974476,0.0000000000000000,0.0000000000000000,0.9999999977680432,1.0000000113793004,1.0975565641056875,112.1945398443903059,111.0969832802846184,0.3677395352555070,0.3699999904705169,0.2199212991946966,0.4166484275047208,2.1736930490366060,0.0000000000000000,0.0000000000000000
24,582.3058138289337649,582.3058149319972472,727.7604802574469431,232.8833500323758017,340.4775249933323948,1164.9039185465921946,43.6656290184282412,6.7822695584924659,538.6401848932215444,48.9672895454662793,0.0000000000000000,5386.4018586178144687,0.0000000000000000,0.0000000000000000,0.9999999981056973,1.0000000038385888,-1.0975555606382450,13.7358979671929138,14.8334535278311588,0.0574419850770575,0.0571999994477644,0.1440591216582300,0.2548024133773540,0.8669992538611061,0.0000000000000000,0.0000000000000000,0.9999999979671867,1.0000000116875860,1.0975565211836198,112.1945397502099553,111.0969832290263355,0.3677395352555058,0.3699999906930589,0.2199212991632874,0.4166484275664338,2.1736930494721038,0.0000000000000000,0.0000000000000000
25,582.3058138294459241,582.3058149645497679,727.7604803777123834,232.8833500548356596,340.4775250339784520,1164.9039186262277781,43.6656290247854457,6.7822695587281752,538.6401848897789932,48.9672895464381597,0.0000000000000000,5386.4018594219569422,0.0000000000000000,0.0000000000000000,0.9999999980506740,1.0000000033798120,-1.0975555360605380,13.7358979548475126,14.8334534909080507,0.0574419850770576,0.0571999994398701,0.1440591215370288,0.2548024130644082,0.8669992534118922,0.0000000000000000,0.0000000000000000,0.9999999980312628,1.0000000117824364,1.0975565078251748,112.1945397538924993,111.0969832460673246,0.3677395352555072,0.3699999907710827,0.2199212992064018,0.4166484276037703,2.1736930496729290,0.0000000000000000,0.0000000000000000
26,582.3058138343201335,582.3058148894484702,727.7604804947164894,232.8833500429093135,340.4775250406008240,1164.9039186389888982,43.6656290085342249,6.7822695611680155,538.6401849049073007,48.9672895475385275,0.0000000000000000,5386.4018587749569633,0.0000000000000000,0.0000000000000000,0.9999999981880168,1.0000000041354828,-1.0975555718905046,13.7358979457149477,14.8334535176054523,0.0574419850770575,0.0571999994693219,0.1440591217115788,0.2548024134235033,0.8669992539983107,0.0000000000000000,0.0000000000000000,0.9999999979949843,1.0000000116081755,1.0975565666788327,112.1945397678280756,111.0969832011492429,0.3677395352555069,0.3699999907179409,0.2199212993661525,0.4166484276403933,2.1736930497064670,0.0000000000000000,0.0000000000000000
27,582.3058138441924712,582.3058149785337037,727.7604805944463351,232.8833500477108487,340.4775250608333295,1164.9039186853813135,43.6656290144172061,6.7822695607780981,538.6401849148367091,48.9672895486113973,0.0000000000000000,5386.4018598382881464,0.0000000000000000,0.0000000000000000,0.9999999980519836,1.0000000035222012,-1.0975555451296053,13.7358979542960338,14.8334534994256391,0.0574419850770575,0.0571999994317486,0.1440591216148748,0.2548024133285384,0.8669992537467024,0.0000000000000000,0.0000000000000000,0.9999999980245524,1.0000000116735597,1.0975565507048657,112.1945397763425376,111.0969832256376719,0.3677395352555065,0.3699999907429711,0.2199212993976680,0.4166484276535254,2.1736930497756717,0.0000000000000000,0.0000000000000000
28,582.3058138812323250,582.3058152528820983,727.7604806881354307,232.8833499952945090,340.4775250243551454,1164.9039186343102301,43.6656290081875511,6.7822695494453589,538.6401849759013203,48.9672895497012988,0.0000000000000000,5386.4018616396824655,0.0000000000000000,0.0000000000000000,0.9999999976444511,1.0000000016285300,-1.0975554681538728,13.7358980537685884,14.8334535219224612,0.0574419850770576,0.0571999993094143,0.1440591210977178,0.2548024127247952,0.8669992523876732,0.0000000000000000,0.0000000000000000,0.9999999979185736,1.0000000116676606,1.0975565018624707,112.1945397476312820,111.0969832457688113,0.3677395352555065,0.3699999906272520,0.2199212991699226,0.4166484274593518,2.1736930491764981,0.0000000000000000,0.0000000000000000
29,582.3058139625383092,582.3058155463437515,727.7604807521782959,232.8833498744210999,340.4775249165304558,1164.9039184801144984,43.6656289852585999,6.7822695452320616,538.6401850960452293,48.9672895503450505,0.0000000000000000,5386.4018626783663422,0.0000000000000000,0.0000000000000000,0.9999999972801139,1.0000000004767444,-1.0975554281752586,13.7358981169500716,14.8334535451253302,0.0574419850770575,0.0571999991853134,0.1440591209499602,0.2548024127853800,0.8669992519297109,0.0000000000000000,0.0000000000000000,0.9999999977501235,1.0000000115245926,1.0975564895749272,112.1945398785468626,111.0969833889719354,0.3677395352555067,0.3699999904000548,0.2199212991358310,0.4166484274640740,2.1736930488343433,0.0000000000000000,0.0000000000000000
30,582.3058139215775100,582.3058151692059710,727.7604807735406212,232.8833500168158253,340.4775250586500874,1164.9039187430771563,43.6656290153291735,6.7822695604631695,538.6401849998048874,48.9672895499609595,0.0000000000000000,5386.4018612631653014,0.0000000000000000,0.0000000000000000,0.9999999978574343,1.0000000028366436,-1.0975555186819861,13.7358979822075078,14.8334535008894939,0.0574419850770575,0.0571999993725534,0.1440591214107410,0.2548024132032676,0.8669992531998129,0.0000000000000000,0.0000000000000000,0.9999999980869299,1.0000000117597543,1.0975565448465545,112.1945398780288343,111.0969833331822798,0.3677395352555068,0.3699999907737221,0.2199212993991349,0.4166484276675103,2.1736930497882354,0.0000000000000000,0.0000000000000000
31,582.3058138982208902,582.3058151589724503,727.7604808489008974,232.8833500224317845,340.4775250758760308,1164.9039187531980133,43.6656290062105725,6.7822695578991388,538.6401849865509348,48.9672895504133692,0.0000000000000000,5386.4018613428088429,0.0000000000000000,0.0000000000000000,0.9999999978348979,1.0000000030703118,-1.0975555341025007,13.7358979811023083,14.8334535152048090,0.0574419850770575,0.0571999993737433,0.1440591214656967,0.2548024132146810,0.8669992533311951,0.0000000000000000,0.0000000000000000,0.9999999980388519,1.0000000116345062,1.0975565751962932,112.1945398342234910,111.0969832590271977,0.3677395352555068,0.3699999907542781,0.2199212992103766,0.4166484275904561,2.1736930496334046,0.0000000000000000,0.0000000000000000
32,582.3058138815896427,582.3058148951780595,727.7604809096368399,232.8833500329968160,340.4775250956451487,1164.9039187761516132,43.6656289831010085,6.7822695615216082,538.6401849744951278,48.9672895510315200,0.0000000000000000,5386.4018591648209622,0.0000000000000000,0.0000000000000000,0.9999999982593537,1.0000000036539538,-1.0975555417784850,13.7358979887761912,14.8334535305546762,0.0574419850770575,0.0571999994889254,0.1440591217599947,0.2548024134711824,0.8669992541407049,0.0000000000000000,0.0000000000000000,0.9999999980046459,1.0000000115418473,1.0975565979612583,112.1945397671945273,111.0969831692332690,0.3677395352555060,0.3699999907164534,0.2199212993623025,0.4166484276371776,2.1736930496891214,0.0000000000000000,0.0000000000000000
33,582.3058139150111856,582.3058149555253067,727.7604809621532240,232.8833500065952080,340.4775250781020191,1164.9039187688997572,43.6656289812371199,6.7822695604131242,538.6401850117995309,48.9672895518210751,0.0000000000000000,5386.4018594984408992,0.0000000000000000,0.0000000000000000,0.9999999982131140,1.0000000038134851,-1.0975555512694068,13.7358979573004412,14.8334535085698480,0.0574419850770575,0.0571999994698726,0.1440591217341065,0.2548024134268582,0.8669992540636854,0.0000000000000000,0.0000000000000000,0.9999999980100531,1.0000000115207621,1.0975566116312621,112.1945398590560501,111.0969832474247880,0.3677395352555070,0.3699999906954522,0.2199212993633756,0.4166484276265864,2.1736930496460212,0.0000000000000000,0.0000000000000000
34,582.3058139719820474,582.3058150146587195,727.7604810076356898,232.8833499834314296,340.4775250626178149,1164.9039187885114188,43.6656289880661177,6.7822695578602445,538.6401850621035692,48.9672895523504579,0.0000000000000000,5386.4018598333504997,0.0000000000000000,0.0000000000000000,0.9999999982094001,1.0000000034314220,-1.0975555307505704,13.7358979788921989,14.8334535096427693,0.0574419850770575,0.0571999994562921,0.1440591215399723,0.2548024127920706,0.8669992530804900,0.0000000000000000,0.0000000000000000,0.9999999980718399,1.0000000116541599,1.0975565847649165,112.1945399150384901,111.0969833302735736,0.3677395352555067,0.3699999907159259,0.2199212993824420,0.4166484276411462,2.1736930497132247,0.0000000000000000,0.0000000000000000
35,582.3058139583260981,582.3058152298081040,727.7604810570560403,232.8833499912108493,340.4775250779072167,1164.9039188019814901,43.6656289970200220,6.7822695533936548,538.6401850566512621,48.9672895524754637,0.0000000000000000,5386.4018618556792717,0.0000000000000000,0.0000000000000000,0.9999999978164704,1.0000000024229423,-1.0975555009824074,13.7358980195299569,14.8334535205123643,0.0574419850770575,0.0571999993519203,0.1440591214033093,0.2548024131522209,0.8669992531345624,0.0000000000000000,0.0000000000000000,0.9999999980421412,1.0000000116510097,1.0975565693127010,112.1945398659042610,111.0969832965915600,0.3677395352555069,0.3699999907155003,0.2199212990518289,0.4166484274508560,2.1736930492854478,0.0000000000000000,0.0000000000000000
36,582.3058139669939237,582.3058153107010639,727.7604810953074548,232.8833499858958191,340.4775250786919969,1164.9039188116666992,43.6656290026699736,6.7822695577024561,538.6401850650851202,48.9672895526625425,0.0000000000000000,5386.4018626322558703,0.0000000000000000,0.0000000000000000,0.9999999976924374,1.0000000020616477,-1.0975554906695582,13.7358980543590885,14.8334535450286467,0.0574419850770575,0.0571999993163714,0.1440591213085501,0.2548024130787035,0.8669992529034186,0.0000000000000000,0.0000000000000000,0.9999999980604655,1.0000000116964896,1.0975565586569758,112.1945398665181131,111.0969833078611373,0.3677395352555070,0.3699999907324154,0.2199212993575583,0.4166484276428825,2.1736930496901361,0.0000000000000000,0.0000000000000000
37,582.3058139346341022,582.3058151348188858,727.7604811314977269,232.8833500308732880,340.4775251281740793,1164.9039188812805605,43.6656289978573042,6.7822695567798039,538.6401850267756117,48.9672895527916623,0.0000000000000000,5386.4018615973573105,0.0000000000000000,0.0000000000000000,0.9999999979389098,1.0000000033130261,-1.0975555425773642,13.7358979779345169,14.8334535205118812,0.0574419850770576,0.0571999993973579,0.1440591214418988,0.2548024129338438,0.8669992529783962,0.0000000000000000,0.0000000000000000,0.9999999980821725,1.0000000115775587,1.0975566180939893,112.1945398450557008,111.0969832269617115,0.3677395352555063,0.3699999907855001,0.2199212993144909,0.4166484275665382,2.1736930496205793,0.0000000000000000,0.0000000000000000
38,582.3058138681528817,582.3058151028428711,727.7604811714662674,232.8833500217930919,340.4775251255568378,1164.9039188073336391,43.6656289644281159,6.7822695557440023,538.6401849963110635,48.9672895532819652,0.0000000000000000,5386.4018611024894199,0.0000000000000000,0.0000000000000000,0.9999999978796534,1.0000000032945648,-1.0975555446096585,13.7358979705375113,14.8334535151471698,0.0574419850770575,0.0571999993864388,0.1440591214860082,0.2548024132328590,0.8669992533757718,0.0000000000000000,0.0000000000000000,0.9999999978589329,1.0000000112287786,1.0975566610171086,112.1945397642270450,111.0969831032099364,0.3677395352555068,0.3699999905944632,0.2199212992934898,0.4166484275754312,2.1736930493945521,0.0000000000000000,0.0000000000000000
39,582.3058139590946212,582.3058152489854820,727.7604811730200254,232.8833500035462691,340.4775251080145040,1164.9039188588806155,43.6656289931831338,6.7822695510306055,538.6401850626371015,48.9672895540982438,0.0000000000000000,5386.4018623588617629,0.0000000000000000,0.0000000000000000,0.9999999977848566,1.0000000024655835,-1.0975555053887174,13.7358980159638655,14.8334535213525829,0.0574419850770576,0.0571999993499326,0.1440591211053508,0.2548024127423379,0.8669992525645465,0.0000000000000000,0.0000000000000000,0.9999999980473253,1.0000000116110985,1.0975565875236981,112.1945398440152388,111.0969832564915407,0.3677395352555062,0.3699999907403331,0.2199212993271327,0.4166484274165227,2.1736930492166002,0.0000000000000000,0.0000000000000000
40,582.3058139772670074,582.3058151817664339,727.7604811990962617,232.8833500077179508,340.4775251161470351,1164.9039188933486457,43.6656289957562009,6.7822695539760733,538.6401850718332298,48.9672895543931830,0.0000000000000000,5386.4018618991522089,0.0000000000000000,0.0000000000000000,0.9999999979315000,1.0000000030560543,-1.0975555280991571,13.7358979887269008,14.8334535168260579,0.0574419850770575,0.0571999993890687,0.1440591214632848,0.2548024132386413,0.8669992533527453,0.0000000000000000,0.0000000000000000,0.9999999980982799,1.0000000116319256,1.0975566037324000,112.1945398844369777,111.0969832807045776,0.3677395352555066,0.3699999907744216,0.2199212993084416,0.4166484273896495,2.1736930492004207,0.0000000000000000,0.0000000000000000
41,582.3058139904130712,582.3058152515811798,727.7604812325843113,232.8833500010364332,340.4775251148571442,1164.9039189019754303,43.6656290011993136,6.7822695544286091,538.6401850837855818,48.9672895546340214,0.0000000000000000,5386.4018625256321684,0.0000000000000000,0.0000000000000000,0.9999999978341827,1.0000000024004916,-1.0975554982519036,13.7358980194571245,14.8334535177090281,0.0574419850770576,0.0571999993603352,0.1440591212372624,0.2548024128553206,0.8669992527639160,0.0000000000000000,0.0000000000000000,0.9999999981104597,1.0000000117115198,1.0975565743418088,112.1945398825509415,111.0969833082091327,0.3677395352555065,0.3699999907828395,0.2199212992826010,0.4166484275014167,2.1736930494526243,0.0000000000000000,0.0000000000000000
42,582.3058140360739117,582.3058152210750222,727.7604812652566579,232.8833499808340548,340.4775251002615164,1164.9039189143156818,43.6656290035622021,6.7822695543733422,538.6401851213719283,48.9672895547902769,0.0000000000000000,5386.4018620617816850,0.0000000000000000,0.0000000000000000,0.9999999979649850,1.0000000029481038,-1.0975555195425244,13.7358979961068091,14.8334535156493335,0.0574419850770575,0.0571999993897929,0.1440591214806754,0.2548024132429301,0.8669992533837801,0.0000000000000000,0.0000000000000000,0.9999999981563938,1.0000000117329750,1.0975565888781347,112.1945399629909730,111.0969833741128383,0.3677395352555069,0.3699999907930759,0.2199212991852515,0.4166484273986076,2.1736930492540143,0.0000000000000000,0.0000000000000000
43,582.3058139703863390,582.3058151537460390,727.7604813040431964,232.8833500406467465,340.4775251646080392,1164.9039189862139665,43.6656290107894378,6.7822695632658228,538.6401850483340468,48.9672895546204714,0.0000000000000000,5386.4018623152123837,0.0000000000000000,0.0000000000000000,0.9999999979678040,1.0000000029357980,-1.0975555197977478,13.7358979981963607,14.8334535179941085,0.0574419850770575,0.0571999994031220,0.1440591215308225,0.2548024132697070,0.8669992535166553,0.0000000000000000,0.0000000000000000,0.9999999981724119,1.0000000117234777,1.0975565956399578,112.1945398611994023,111.0969832655594445,0.3677395352555066,0.3699999908549106,0.2199212994595574,0.4166484277101622,2.1736930500103391,0.0000000000000000,0.0000000000000000
44,582.3058140369531657,582.3058152840048933,727.7604813478528740,232.8833499516368875,340.4775250846846575,1164.9039188778838252,43.6656289947242158,6.7822695550350893,538.6401851357421720,48.9672895550976577,0.0000000000000000,5386.4018623113915964,0.0000000000000000,0.0000000000000000,0.9999999978584246,1.0000000025743654,-1.0975555060107958,13.7358980148466614,14.8334535208574572,0.0574419850770575,0.0571999993570271,0.1440591212633956,0.2548024127974964,0.8669992526817644,0.0000000000000000,0.0000000000000000,0.9999999980462588,1.0000000115883649,1.0975565974710975,112.1945399629156981,111.0969833654446006,0.3677395352555057,0.3699999906812599,0.2199212993507194,0.4166484276119412,2.1736930495959683,0.0000000000000000,0.0000000000000000
45,582.3058140219736742,582.3058151609278639,727.7604813681926998,232.8833499515787935,340.4775250877999611,1164.9039188669703435,43.6656289781508562,6.7822695562704265,538.6401851292300762,48.9672895548279428,0.0000000000000000,5386.4018610331122545,0.0000000000000000,0.0000000000000000,0.9999999980440617,1.0000000027275984,-1.0975555021130692,13.7358980082004756,14.8334535103135448,0.0574419850770575,0.0571999994086255,0.1440591215253445,0.2548024132809501,0.8669992534981442,0.0000000000000000,0.0000000000000000,0.9999999979668233,1.0000000114657954,1.0975566110292903,112.1945399297237174,111.0969833186944271,0.3677395352555060,0.3699999906021264,0.2199212992939703,0.4166484275752988,2.1736930493959963,0.0000000000000000,0.0000000000000000
46,582.3058139949648648,582.3058152707726549,727.7604813788447018,232.8833499743166158,340.4775251116230379,1164.9039188859292153,43.6656289832348961,6.7822695464214187,538.6401851073994749,48.9672895545904723,0.0000000000000000,5386.4018621045261170,0.0000000000000000,0.0000000000000000,0.9999999978090419,1.0000000030026239,-1.0975555333023550,13.7358979936549073,14.8334535269572623,0.0574419850770575,0.0571999993560605,0.1440591214132190,0.2548024131630127,0.8669992531929768,0.0000000000000000,0.0000000000000000,0.9999999979264671,1.0000000113195913,1.0975566526489615,112.1945398746490667,111.0969832220001052,0.3677395352555068,0.3699999906099868,0.2199212991397486,0.4166484272261755,2.1736930486041741,0.0000000000000000,0.0000000000000000
47,582.3058139480240243,582.3058152486904646,727.7604813836792346,232.8833499827299818,340.4775251205771838,1164.9039188588981233,43.6656289700793110,6.7822695486502100,538.6401850754782572,48.9672895545277029,0.0000000000000000,5386.4018618897889610,0.0000000000000000,0.0000000000000000,0.9999999977663516,1.0000000030254894,-1.0975555377701074,13.7358979940493455,14.8334535318194529,0.0574419850770574,0.0571999993499948,0.1440591213944841,0.2548024131542374,0.8669992531427164,0.0000000000000000,0.0000000000000000,0.9999999978206324,1.0000000111523437,1.0975566730238171,112.1945398090964972,111.0969831360726801,0.3677395352555066,0.3699999905338014,0.2199212992123437,0.4166484273532084,2.1736930487450148,0.0000000000000000,0.0000000000000000
48,582.3058140020566498,582.3058152102543090,727.7604813732041293,232.8833499870211199,340.4775251231261564,1164.9039189229943076,43.6656289942965330,6.7822695580457619,538.6401850983597797,48.9672895547488451,0.0000000000000000,5386.4018618018226334,0.0000000000000000,0.0000000000000000,0.9999999979251493,1.0000000029816389,-1.0975555241587820,13.7358979959762380,14.8334535201350199,0.0574419850770575,0.0571999993859965,0.1440591214832793,0.2548024132342829,0.8669992533883357,0.0000000000000000,0.0000000000000000,0.9999999980134393,1.0000000114898027,1.0975566206805212,112.1945398961025973,111.0969832754220761,0.3677395352555066,0.3699999906767372,0.2199212993392869,0.4166484276166941,2.1736930495453848,0.0000000000000000,0.0000000000000000
49,582.3058139862177995,582.3058151919051397,727.7604813945087017,232.8833500296536840,340.4775251680012502,1164.9039190012101699,43.6656290112094752,6.7822695578271901,538.6401850654197005,48.9672895547841023,0.0000000000000000,5386.4018621908107889,0.0000000000000000,0.0000000000000000,0.9999999979294603,1.0000000027979163,-1.0975555139450837,13.7358980049095845,14.8334535188546681,0.0574419850770576,0.0571999993977684,0.1440591213244611,0.2548024126771666,0.8669992526424909,0.0000000000000000,0.0000000000000000,0.9999999980828487,1.0000000116015826,1.0975566015502096,112.1945398320021496,111.0969832304519400,0.3677395352555069,0.3699999907730560,0.2199212994079202,0.4166484276651652,2.1736930498215203,0.0000000000000000,0.0000000000000000
50,582.3058139922438841,582.3058151857806024,727.7604814316362081,232.8833499967668388,340.4775251417373738,1164.9039189490774788,43.6656289753984481,6.7822695559593562,538.6401851063455979,48.9672895551223419,0.0000000000000000,5925.0420483141997465,0.0000000000000000,0.0000000000000000,0.9999999979503267,1.0000000030271170,-1.0975555247423436,13.7358979914331290,14.8334535161754726,0.0574419850770575,0.0571999993955246,0.1440591213751182,0.2548024131851557,0.8669992531831244,0.0000000000000000,0.0000000000000000,0.9999999980703251,1.0000000115160101,1.0975566386460542,112.1945399033579491,111.0969832647118949,0.3677395352555066,0.3699999907386193,0.2199212991158311,0.4166484275627611,2.1736930494953941,0.0000000000000000,0.0000000000000000
