period,rgdp,ngdp,k,lp,rva,y,x,lf,c,W,sW,cW,ceW1,ceW2,rer0,tot0,nx0,ex0,im0,exrate0,texrate0,mktpen0,mktpenw0,Z0,tau0,ntb0,rer1,tot1,nx1,ex1,im1,exrate1,texrate1,mktpen1,mktpenw1,Z1,tau1,ntb1
0,2283.6422611377834073,2283.6422545083196383,2792.6844898840327005,893.6590363168752447,1306.5374372697394847,4715.7685332210112392,167.5610686611125857,7.9934797037483776,2116.0811919902375848,192.3738726213556731,0.0000000000000000,21160.8118464401741221,0.0000000000000000,0.0000000000000000,1.0000000029030223,0.9999999850982861,1.0975558620850272,16.6010366240605265,15.5034807619754993,0.0404455581306654,0.0410000014876772,0.1540584467969840,0.2869929057454974,1.5359418849374702,0.0000000000000000,0.0000000000000000,1.0000000053911411,0.9999999871271182,-1.0975545154850721,111.0969847041399277,112.1945392196249998,0.0976467978870193,0.1000000038808714,0.1780867769662349,0.3438753296529262,2.2910392819056775,0.0000000000000000,0.0000000000000000
1,2283.6422608312886950,2283.6422616427144021,2792.6844896385364336,893.6590363295422321,1306.5374372438009232,4715.7685328358929837,167.5610689819074253,7.9934796227530116,2116.0811919089192088,192.3741581427868823,0.0000000000000000,21160.8119104755060107,0.0000000000000000,0.0000000000000000,0.9999999996446789,0.9999999865556751,1.0975555367959693,16.6010365156167410,15.5034809788207717,0.0404455581306653,0.0410000008989254,0.1540584450043812,0.2869929043270903,1.5359418771614644,0.0000000000000000,0.0000000000000000,1.0000000034074834,0.9999999842031608,-1.0975541339868187,111.0969839007321553,112.1945380347189740,0.0976467978870191,0.1000000032474516,0.1780867758523653,0.3438753286887723,2.2910392762370546,0.0000000000000000,0.0000000000000000
2,2283.6422608419047720,2283.6422583163503077,2792.6844891825935520,893.6590366814577919,1306.5374375157000486,4715.7685335079622746,167.5610688879791610,7.9934796368068781,2116.0811917686146444,192.3744722180793474,0.0000000000000000,21160.8118852455954766,0.0000000000000000,0.0000000000000000,1.0000000011059327,0.9999999872869940,1.0975555965983759,16.6010364765706306,15.5034808799722548,0.0404455581306654,0.0410000012098722,0.1540584460123557,0.2869929053129340,1.5359418814804680,0.0000000000000000,0.0000000000000000,1.0000000031545837,0.9999999850712906,-1.0975545946750600,111.0969829505820456,112.1945375452571056,0.0976467978870193,0.1000000032112582,0.1780867758098912,0.3438753287108559,2.2910392760016638,0.0000000000000000,0.0000000000000000
3,2283.6422620431858377,2283.6422582520626747,2792.6844889049284575,893.6590362754590160,1306.5374370766830907,4715.7685337525590512,167.5610690821910680,7.9934797036113192,2116.0811926828228025,192.3748177033611171,0.0000000000000000,21160.8118826095596887,0.0000000000000000,0.0000000000000000,1.0000000016601214,0.9999999818444402,1.0975559977274845,16.6010367786676056,15.5034807809401212,0.0404455581306655,0.0410000012786546,0.1540584463041415,0.2869929055017000,1.5359418827116962,0.0000000000000000,0.0000000000000000,1.0000000055198968,0.9999999896848585,-1.0975555718812444,111.0969847803831669,112.1945403522644114,0.0976467978870192,0.1000000039560944,0.1780867770326351,0.3438753297276308,2.2910392822200492,0.0000000000000000,0.0000000000000000
4,2283.9037156560780204,2284.5338198917197587,2792.6844889309950304,893.6669898596803705,1306.5451892096982647,4716.0444179812202492,167.6721628721226125,7.9855260851959020,2116.2777989542264550,192.3751977302929959,0.0000000000000000,21160.8119112415915879,0.0000000000000000,0.0000000000000000,0.9997241869522109,1.0007606161501001,1.0107330546521904,16.5502407324610736,15.5395076778088832,0.0404455581306653,0.0409007866638329,0.1536773590374274,0.2866699984022285,1.5343518470093467,0.0000000000000000,0.0000000000000000,0.9999178581470172,1.0001735080185998,-1.2364514570535192,111.0513723509172337,112.2878238079707529,0.0976467978870194,0.0999556991993525,0.1780037896788444,0.3438086595404990,2.2906305959476181,0.0000000000000000,0.0000000000000000
5,2283.9186714416009636,2284.5185632434099716,2792.7493337877340309,893.6666976482915743,1306.5550167802309716,4716.0776678566808187,167.6822244546370371,7.9858183355259609,2116.2804786675897049,192.3738285291245234,0.0000000000000000,21160.8118527663718851,0.0000000000000000,0.0000000000000000,0.9997374099683576,1.0007648360714976,1.0113280697485383,16.5502715631176720,15.5389434933691337,0.0404455581306654,0.0409031116694982,0.1536561895858361,0.2866779104443145,1.5342791714310056,0.0000000000000000,0.0000000000000000,0.9999220775642660,1.0001729438230740,-1.2352591646601354,111.0506356447593674,112.2858948094195028,0.0976467978870194,0.0999563435320697,0.1779984521956354,0.3438096463246879,2.2906097117212805,0.0000000000000000,0.0000000000000000
6,2283.9361752896597864,2284.5188989938969826,2792.8225633344700327,893.6665867431302104,1306.5663284442084660,4716.1162284334259311,167.6964207493254264,7.9859292547289780,2116.2825297082395082,192.3722980735492172,0.0000000000000000,21160.8118639547865314,0.0000000000000000,0.0000000000000000,0.9997449249798314,1.0007486011884892,1.0128468329628930,16.5512849513162017,15.5384381183533087,0.0404455581306652,0.0409045289759926,0.1536699918891919,0.2866887895232941,1.5343273794414101,0.0000000000000000,0.0000000000000000,0.9999244361510514,1.0001714885370843,-1.2348453823460375,111.0503267469366619,112.2851721292826994,0.0976467978870194,0.0999565194366845,0.1779976335551111,0.3438093030065972,2.2906061366428774,0.0000000000000000,0.0000000000000000
7,2283.9589595589245619,2284.4391849510907377,2792.9068508765776642,893.6653619645721847,1306.5782786070813017,4716.1612579849734175,167.7092046027632364,7.9871540128136616,2116.2850100940881930,192.3705959583275273,0.0000000000000000,21160.8119190588695346,0.0000000000000000,0.0000000000000000,0.9997897841206150,1.0006234117814368,1.0245237096158206,16.5604727205283488,15.5359490109125282,0.0404455581306653,0.0409262475742599,0.1538282185825392,0.2868055865033222,1.5349055368043545,0.0000000000000000,0.0000000000000000,0.9999184143175086,1.0001897711864580,-1.2469797073515139,111.0417312813244166,112.2887109886759305,0.0976467978870193,0.0999784725909084,0.1779962562927358,0.3438074522303736,2.2905945295182564,0.0000000000000000,0.0000000000000000
8,2283.7781924547539347,2278.6695243557833237,2793.0063833776889624,893.6459410424459975,1306.5748697365943372,4715.9741452290354573,167.2273159496335211,8.0065748858406582,2116.1759608602073968,192.3687011222674812,0.0000000000000000,21160.8119211597440881,0.0000000000000000,0.0000000000000000,1.0022419521762005,0.9988720650396027,1.3283139924835208,16.7918291658855807,15.4635151734020599,0.0404455581306655,0.0414066516763602,0.1555985762364435,0.2883119962851026,1.5423660117974010,0.0000000000000000,0.0000000000000000,0.9999721310947548,1.0005102332718820,-1.3458153650383196,110.8142422830425602,112.1600576480808797,0.0976467978870192,0.0999778239851129,0.1780358920088214,0.3438400932104348,2.2907939518456444,0.0000000000000000,0.0000000000000000
9,2283.7485760879490044,2278.3431113017632015,2793.0282316847342372,893.6452648226450037,1306.5776175007208622,4715.9496438531377862,167.1980721006611645,8.0072511393752404,2116.1538195341981918,192.3676080222759026,0.0000000000000000,21160.8119134712396772,0.0000000000000000,0.0000000000000000,1.0023725420281835,0.9985907412231442,1.3552031287760560,16.8079476367355518,15.4527445079594958,0.0404455581306655,0.0414289995481435,0.1558237470605958,0.2883827091036827,1.5432354824570755,0.0000000000000000,0.0000000000000000,0.9999808922694763,1.0005063096476750,-1.3405772471101187,110.8043505870203944,112.1449278341305131,0.0976467978870193,0.0999792667254454,0.1780430561795883,0.3438433377446832,2.2908269083964465,0.0000000000000000,0.0000000000000000
10,2283.7257871333808907,2278.1751270426598239,2793.0412942355837913,893.6446636276251638,1306.5790683867683128,4715.9295557310697404,167.1827485015603258,8.0078523336487528,2116.1357062020392732,192.3666068860535461,0.0000000000000000,21160.8119224427755398,0.0000000000000000,0.0000000000000000,1.0024364501327543,0.9984643339392726,1.3670603329466520,16.8131629793527289,15.4461026464060769,0.0404455581306654,0.0414389653126241,0.1558795732462844,0.2884146215597273,1.5434548995069319,0.0000000000000000,0.0000000000000000,0.9999900789486103,1.0004914944052590,-1.3298885099201243,110.8024316711455555,112.1323201810656798,0.0976467978870191,0.0999820337517583,0.1780489823631812,0.3438476504937331,2.2908555597869866,0.0000000000000000,0.0000000000000000
11,2283.7050114851954277,2278.0349992357027986,2793.0488974782938385,893.6441268866462906,1306.5797308072212672,4715.9100131911027347,167.1700547711521097,8.0083890964255247,2116.1188716852275320,192.3656702957126754,0.0000000000000000,21160.8119269387134409,0.0000000000000000,0.0000000000000000,1.0024889925973020,0.9983640877368652,1.3764928305026611,16.8169838494694730,15.4404910189668119,0.0404455581306653,0.0414470359995794,0.1559146042973283,0.2884405151816957,1.5435980107047738,0.0000000000000000,0.0000000000000000,0.9999983404229486,1.0004773867741303,-1.3198990656542406,110.8012634794755513,112.1211625451297920,0.0976467978870193,0.0999846018210180,0.1780543411692232,0.3438515881919980,2.2908815955582615,0.0000000000000000,0.0000000000000000
12,2283.6857831332249589,2277.9115215256301781,2793.0521034234307081,893.6436530975997812,1306.5797689054104467,4715.8908557275126441,167.1589859425216957,8.0088628111534774,2116.1030670739842208,192.3647930812410607,0.0000000000000000,21160.8119325596344424,0.0000000000000000,0.0000000000000000,1.0025348928406699,0.9982769664834747,1.3846964050917450,16.8202705935786092,15.4355741884868642,0.0404455581306654,0.0414540775150775,0.1559440530559266,0.2884631078357505,1.5437193259071942,0.0000000000000000,0.0000000000000000,1.0000056515217852,1.0004648318687015,-1.3110270400543982,110.8002566762102532,112.1112837162646514,0.0976467978870192,0.0999868796558105,0.1780590964155783,0.3438550763730234,2.2909047003408345,0.0000000000000000,0.0000000000000000
13,2283.6679632006071188,2277.8021602814364996,2793.0516932771652137,893.6432358429985925,1306.5792982436148577,4715.8721596839786798,167.1492927318840316,8.0092801344750200,2116.0882271113759998,192.3639718181718763,0.0000000000000000,21160.8119121168783749,0.0000000000000000,0.0000000000000000,1.0025752029835839,0.9982005056024348,1.3918963894723166,16.8231471290163448,15.4312507395440281,0.0404455581306654,0.0414602614438597,0.1559698041783014,0.2884829463919249,1.5438255278047481,0.0000000000000000,0.0000000000000000,1.0000121111071993,1.0004537334578825,-1.3031871299151589,110.7993510805756472,112.1025382104908061,0.0976467978870193,0.0999888918258969,0.1780632983802893,0.3438581575340591,2.2909251161970574,0.0000000000000000,0.0000000000000000
14,2283.6514455281476330,2277.7052251340878684,2793.0483277630073644,893.6428682990976995,1306.5784151990387727,4715.8539982162483284,167.1408029420041714,8.0096476689354201,2116.0743016408068797,192.3632033327487250,0.0000000000000000,21160.8119052656002168,0.0000000000000000,0.0000000000000000,1.0026106189371840,0.9981333393467631,1.3982207938099336,16.8256684408051278,15.4274476469951942,0.0404455581306653,0.0414656950732381,0.1559924185893472,0.2885003767922061,1.5439188065710416,0.0000000000000000,0.0000000000000000,1.0000178165830056,1.0004439283842472,-1.2962627376425502,110.7985319487227116,112.0947946863652618,0.0976467978870192,0.0999906682851381,0.1780670085669479,0.3438608779640564,2.2909431429073472,0.0000000000000000,0.0000000000000000
15,2283.6361336996128557,2277.6192683254917029,2793.0425719647987535,893.6425446132554953,1306.5772021810910246,4715.8364283411019642,167.1333691253241795,8.0099713381638420,2116.0612425887943573,192.3624845897398359,0.0000000000000000,21160.8119710265673348,0.0000000000000000,0.0000000000000000,1.0026417344890768,0.9980743338755942,1.4037763626411426,16.8278782619866192,15.4241018993454766,0.0404455581306653,0.0414704693527272,0.1560122859411031,0.2885156904244092,1.5440007559763886,0.0000000000000000,0.0000000000000000,1.0000228560662414,1.0004352674665051,-1.2901475245169252,110.7977895372325605,112.0879370617494857,0.0976467978870194,0.0999922366375336,0.1780702843333122,0.3438632799256522,2.2909590593561160,0.0000000000000000,0.0000000000000000
16,2283.6219384790397271,2277.5430161069043606,2793.0349087226859410,893.6422596404503338,1306.5757294640118289,4715.8194916723496135,167.1268619555911243,8.0102563631889083,2116.0490031834756337,192.3618126873596736,0.0000000000000000,21160.8119323482933396,0.0000000000000000,0.0000000000000000,1.0026690702784291,0.9980224997442879,1.4086563355344275,16.8298147296681542,15.4211583941337267,0.0404455581306653,0.0414746639844457,0.1560297398292152,0.2885291438884780,1.5440727507125038,0.0000000000000000,0.0000000000000000,1.0000273070940293,1.0004276173628166,-1.2847470229709756,110.7971152049251344,112.0818622278961101,0.0976467978870195,0.0999936211991466,0.1780731764149707,0.3438654006135777,2.2909731119940315,0.0000000000000000,0.0000000000000000
17,2283.6087775767659878,2277.4753434431922869,2793.0257494448273974,893.6420085510728768,1306.5740564908405759,4715.8032164740325243,167.1211676320654931,8.0105073387798846,2116.0375384754538572,192.3611848587867428,0.0000000000000000,21160.8119677179092832,0.0000000000000000,0.0000000000000000,1.0026930847577480,0.9979769665384000,1.4129427515708155,16.8315112267293756,15.4185684751585601,0.0404455581306654,0.0414783492024547,0.1560450731128167,0.2885409628693426,1.5441359986144225,0.0000000000000000,0.0000000000000000,1.0000312379472487,1.0004208599898889,-1.2799778147477099,110.7965020108353400,112.0764798255830499,0.0976467978870193,0.0999948433090659,0.1780757294387887,0.3438672727185028,2.2909855175201894,0.0000000000000000,0.0000000000000000
18,2283.5965746075198695,2277.4152572366724598,2793.0154435160698085,893.6417876218215497,1306.5722341116422740,4715.7876211689244883,167.1161863729066681,8.0107283498678203,2116.0268046457204036,192.3605984690975674,0.0000000000000000,21160.8119269341259496,0.0000000000000000,0.0000000000000000,1.0027141810661033,0.9979369695196950,1.4167077024108057,16.8329972002173633,15.4162894978065577,0.0404455581306653,0.0414815867830777,0.1560585432174934,0.2885513457811115,1.5441915614834418,0.0000000000000000,0.0000000000000000,1.0000347099238036,1.0004148923951208,-1.2757663387995706,110.7959430359734370,112.0717093747730075,0.0976467978870193,0.0999959222295738,0.1780779834879883,0.3438689256783286,2.2909964707273236,0.0000000000000000,0.0000000000000000
19,2283.5852590123795380,2277.3618839268542615,2793.0042867926276813,893.6415930063830046,1306.5703047099714240,4715.7727139684830036,167.1118304437042354,8.0109229285564663,2116.0167599955248079,192.3600510181850041,0.0000000000000000,21160.8119791430071928,0.0000000000000000,0.0000000000000000,1.0027327124114307,0.9979018368963397,1.4200144409689379,16.8342984341268185,15.4142839931578806,0.0404455581306653,0.0414844308235558,0.1560703756609684,0.2885604663721149,1.5442403694013620,0.0000000000000000,0.0000000000000000,1.0000377757523242,1.0004096211063329,-1.2720472186894654,110.7954328118433978,112.0674800305328631,0.0976467978870194,0.0999968744157826,0.1780799730342773,0.3438703844106242,2.2910061382088878,0.0000000000000000,0.0000000000000000
20,2283.5747656171656672,2277.3144487002423375,2792.9925285194212847,893.6414216984217092,1306.5683042201912940,4715.7584966713311587,167.1080228064587914,8.0110942851958349,2116.0073643604778226,192.3595401349698761,0.0000000000000000,21160.8119443703726574,0.0000000000000000,0.0000000000000000,1.0027489909970475,0.9978709774641970,1.4229187264045926,16.8354376250863886,15.4125188986817960,0.0404455581306654,0.0414869292111982,0.1560807697358757,0.2885684783418787,1.5442832444716701,0.0000000000000000,0.0000000000000000,1.0000404836530847,1.0004049663246126,-1.2687631659831453,110.7949664972747428,112.0637296632578881,0.0976467978870195,0.0999977149893641,0.1780817295626307,0.3438716728968081,2.2910146751175513,0.0000000000000000,0.0000000000000000
21,2283.5650339551079924,2277.2722710098696552,2792.9803779768435561,893.6412708085233589,1306.5662624591470831,4715.7449642452056651,167.1046958324170078,8.0112451374245666,2115.9985794426697794,192.3590635763590342,0.0000000000000000,21160.8119196379630012,0.0000000000000000,0.0000000000000000,1.0027632896713083,0.9978438719115416,1.4254694357049935,16.8364347311500282,15.4109652954450347,0.0404455581306654,0.0414891237531537,0.1560898996757524,0.2885755158944696,1.5443209052542270,0.0000000000000000,0.0000000000000000,1.0000428746034629,1.0004008549074712,-1.2658631732582677,110.7945394425262577,112.0604026157845254,0.0976467978870193,0.0999984567408353,0.1780832798403932,0.3438728098578273,2.2910222093265111,0.0000000000000000,0.0000000000000000
22,2283.5560082142842475,2277.2347475203659997,2792.9680097193845540,893.6411379965776405,1306.5642043644611476,4715.7321073548519053,167.1017901736467763,8.0113779617991963,2115.9903686376460428,192.3586192230802681,0.0000000000000000,21160.8119343896869395,0.0000000000000000,0.0000000000000000,1.0027758493940082,0.9978200641625440,1.4277095781992220,16.8373072162844508,15.4095976380852289,0.0404455581306654,0.0414910514217828,0.1560979193066017,0.2885816976476853,1.5443539862776403,0.0000000000000000,0.0000000000000000,1.0000449861310348,1.0003972242610180,-1.2633024655881115,110.7941478461875846,112.0574503117756962,0.0976467978870193,0.0999991114329735,0.1780846483326561,0.3438738135626647,2.2910288603605711,0.0000000000000000,0.0000000000000000
23,2283.5476367258283972,2277.2013469142389113,2792.9555686204944323,893.6410210492067563,1306.5621503692684655,4715.7199123365453488,167.0992537453231819,8.0114948918846025,2115.9826971978204710,192.3582050766726752,0.0000000000000000,21160.8119396006550232,0.0000000000000000,0.0000000000000000,1.0027868812831104,0.9977991532009823,1.4296769184009648,16.8380704676168911,15.4083935492159263,0.0404455581306654,0.0414927445850398,0.1561049633893253,0.2885871274506145,1.5443830433669112,0.0000000000000000,0.0000000000000000,1.0000468506542382,1.0003940179543218,-1.2610413433887544,110.7937882340917639,112.0548295774805183,0.0976467978870193,0.0999996891885553,0.1780858561187460,0.3438746991604831,2.2910347300933704,0.0000000000000000,0.0000000000000000
24,2283.5398716109134511,2277.1715992914969320,2792.9431739395949990,893.6409180726551540,1306.5601172243648307,4715.7083625045434019,167.0970408340296842,8.0115978514157575,2115.9755320190165548,192.3578192546905825,0.0000000000000000,21160.8119402090123913,0.0000000000000000,0.0000000000000000,1.0027965711154125,0.9977807870163874,1.4314046321831242,16.8387379572201326,15.4073333250370084,0.0404455581306653,0.0414942317441355,0.1561111505197543,0.2885918967266456,1.5444085656980722,0.0000000000000000,0.0000000000000000,1.0000484968725614,1.0003911862209049,-1.2590447536061049,110.7934575484548532,112.0525023020609581,0.0976467978870194,0.1000001989664514,0.1780869221980746,0.3438754813947802,2.2910399122999463,0.0000000000000000,0.0000000000000000
25,2283.5326687634619702,2277.1450897507897935,2792.9309230055528133,893.6408274748445137,1306.5581185550486225,4715.6974391441317493,167.0951114621806255,8.0116884991422630,2115.9688417890815799,192.3574599873679460,0.0000000000000000,21160.8119430983242637,0.0000000000000000,0.0000000000000000,1.0028050821361458,0.9977646558716454,1.4329218963429629,16.8393215326473218,15.4063996363043589,0.0404455581306653,0.0414955379465093,0.1561165849163448,0.2885960858051094,1.5444309831404839,0.0000000000000000,0.0000000000000000,1.0000499508140013,1.0003886861139066,-1.2572818672185520,110.7931531243023784,112.0504349915209303,0.0976467978870194,0.1000006489329832,0.1780878632527319,0.3438761717042514,2.2910444866390849,0.0000000000000000,0.0000000000000000
26,2283.5259872367864773,2277.1214517784783311,2792.9188945132586923,893.6407476763263276,1306.5561650933877900,4715.6871212391943118,167.0934304576565523,8.0117682973894873,2115.9625968657578596,192.3571256125977982,0.0000000000000000,21160.8119403621494712,0.0000000000000000,0.0000000000000000,1.0028125576935329,0.9977504880710328,1.4342543083051282,16.8398315666472271,15.4055772583420989,0.0404455581306654,0.0414966851785988,0.1561213580613436,0.2885997651920914,1.5444506730307246,0.0000000000000000,0.0000000000000000,1.0000512344319128,1.0003864781456246,-1.2557252671412868,110.7928725271898998,112.0485977943311866,0.0976467978870192,0.1000010459031082,0.1780886936927260,0.3438767808856757,2.2910485234575062,0.0000000000000000,0.0000000000000000
27,2283.5197892260830486,2277.1003620265960308,2792.9071511311949507,893.6406774118828480,1306.5542653787629206,4715.6773868938544183,167.0919671514751599,8.0118385477534009,2115.9567691791644393,192.3568145715196351,0.0000000000000000,21160.8119442583229102,0.0000000000000000,0.0000000000000000,1.0028191235250492,0.9977380446962372,1.4354243568864078,16.8402771842513630,15.4048528273649552,0.0404455581306654,0.0414976927253422,0.1561255502100199,0.2886029967337513,1.5444679663763483,0.0000000000000000,0.0000000000000000,1.0000523678172699,1.0003845284013162,-1.2543508342072300,110.7926136645291990,112.0469644987364291,0.0976467978870193,0.1000013961656386,0.1780894265855676,0.3438773185452705,2.2910520862934738,0.0000000000000000,0.0000000000000000
28,2283.5140397699506138,2277.0815337074141098,2792.8957420325632484,893.6406155587644662,1306.5524259851063107,4715.6682133936483297,167.0906946362058534,8.0119003939008557,2115.9513322126740604,192.3565254045518600,0.0000000000000000,21160.8119514788850211,0.0000000000000000,0.0000000000000000,1.0028248905308470,0.9977271155733807,1.4364518437870970,16.8406663912077619,15.4042145474206649,0.0404455581306654,0.0414985776086243,0.1561292321358085,0.2886058350024409,1.5444831551172451,0.0000000000000000,0.0000000000000000,1.0000533685652253,1.0003828068683012,-1.2531373150556249,110.7923745785449654,112.0455118936005903,0.0976467978870193,0.1000017052117120,0.1780900733987408,0.3438777930850724,2.2910552308537775,0.0000000000000000,0.0000000000000000
29,2283.5087065370066739,2277.0647137517712508,2792.8847049951905319,893.6405611281560368,1306.5506518400015921,4715.6595775866771874,167.0895894262159800,8.0119548396584968,2115.9462609366787547,192.3562567472012006,0.0000000000000000,21160.8119564965236350,0.0000000000000000,0.0000000000000000,1.0028299559280498,0.9977175169072411,1.4373540935218667,16.8410061825368942,15.4036520890150275,0.0404455581306654,0.0414993547402879,0.1561324658751301,0.2886083278042104,1.5444964951335722,0.0000000000000000,0.0000000000000000,1.0000542521643647,1.0003812867865027,-1.2520658544887198,110.7921535285977086,112.0442193830864284,0.0976467978870193,0.1000019778723613,0.1780906442185612,0.3438782118967885,2.2910580061346231,0.0000000000000000,0.0000000000000000
30,2283.5037597011655635,2277.0496787233996656,2792.8740682282887065,893.6405131960691506,1306.5489464421584671,4715.6514561417288860,167.0886310417320431,8.0120027663139997,2115.9415318094029317,192.3560073260545664,0.0000000000000000,21160.8119507888732187,0.0000000000000000,0.0000000000000000,1.0028344049925972,0.9977090866728398,1.4381463505715892,16.8413027082171887,15.4031563576455994,0.0404455581306653,0.0415000371921018,0.1561353058159182,0.2886105170501274,1.5445082107483379,0.0000000000000000,0.0000000000000000,1.0000550322593105,1.0003799445053732,-1.2511198167624826,110.7919490501622022,112.0430688669246848,0.0976467978870193,0.1000022183951208,0.1780911479151755,0.3438785814799180,2.2910604552190081,0.0000000000000000,0.0000000000000000
31,2283.4991717170105403,2277.0362305197563728,2792.8638519640685445,893.6404710166607401,1306.5473122200353373,4715.6438260485856517,167.0878016574828848,8.0120449553567425,2115.9371226046923766,192.3557759543631676,0.0000000000000000,21160.8119509988973732,0.0000000000000000,0.0000000000000000,1.0028383128518685,0.9977016828099449,1.4388420014860195,16.8415613508537376,15.4027193493677181,0.0404455581306654,0.0415006364867594,0.1561377998624868,0.2886124396748883,1.5445184995665369,0.0000000000000000,0.0000000000000000,1.0000557210026262,1.0003787593168449,-1.2502845392342437,110.7917597339818911,112.0420442732161348,0.0976467978870194,0.1000024305718358,0.1780915923952916,0.3438789076366714,2.2910626165245169,0.0000000000000000,0.0000000000000000
32,2283.4949172315041324,2277.0241943653936687,2792.8540699014383790,893.6404338706092858,1306.5457506091590858,4715.6366646121905433,167.0870858246725845,8.0120820915447641,2115.9330124613184125,192.3555615287497744,0.0000000000000000,21160.8119423544194433,0.0000000000000000,0.0000000000000000,1.0028417453280130,0.9976951800788798,1.4394528197115619,16.8417868559007253,15.4023340361891634,0.0404455581306653,0.0415011627036483,0.1561399899561765,0.2886141279938461,1.5445275345722500,0.0000000000000000,0.0000000000000000,1.0000563291008517,1.0003777128885021,-1.2495470734584586,110.7915844203249520,112.0411314937834106,0.0976467978870194,0.1000026177345910,0.1780919846111334,0.3438791954618953,2.2910645238237262,0.0000000000000000,0.0000000000000000
33,2283.4909729064993371,2277.0134151048227977,2792.8447304254846131,893.6404011731365244,1306.5442623475651089,4715.6299498727166792,167.0864701881782821,8.0121147713662708,2115.9291817292823907,192.3553630251388427,0.0000000000000000,21160.8119436516171845,0.0000000000000000,0.0000000000000000,1.0028447604913995,0.9976894689701062,1.4399891279320123,16.8419833555157652,15.4019942275837529,0.0404455581306655,0.0415016247394338,0.1561419130728303,0.2886156105197208,1.5445354682982648,0.0000000000000000,0.0000000000000000,1.0000568660038958,1.0003767890360764,-1.2488959875330892,110.7914219571303818,112.0403179446634709,0.0976467978870193,0.1000027828257902,0.1780923306850631,0.3438794491686987,2.2910662061386349,0.0000000000000000,0.0000000000000000
34,2283.4873172399625219,2277.0037560516334452,2792.8358377299800850,893.6403724046037951,1306.5428475831818105,4715.6236606187540019,167.0859433282372208,8.0121435494192035,2115.9256118782200247,192.3551794956763388,0.0000000000000000,21160.8119449528858240,0.0000000000000000,0.0000000000000000,1.0028474090879722,0.9976844531687139,1.4404599786054870,16.8421544741335865,15.4016944955280994,0.0404455581306653,0.0415020303481194,0.1561436014858213,0.2886169121112696,1.5445424338497926,0.0000000000000000,0.0000000000000000,1.0000573400346844,1.0003759733625877,-1.2483211560006282,110.7912713783933185,112.0395925343939467,0.0976467978870193,0.1000029284336049,0.1780926360832763,0.3438796735922324,2.2910676921574464,0.0000000000000000,0.0000000000000000
35,2283.4839306618282535,2276.9950959995430821,2792.8273927853638270,893.6403470855248088,1306.5415060004129373,4715.6177766763848922,167.0854955310751393,8.0121688661856751,2115.9222855962757421,192.3550100661745148,0.0000000000000000,21160.8119529306859476,0.0000000000000000,0.0000000000000000,1.0028497358969659,0.9976800481726146,1.4408733249227730,16.8423033713174704,15.4014300463946974,0.0404455581306654,0.0415023863686654,0.1561450836251957,0.2886180546889079,1.5445485485010610,0.0000000000000000,0.0000000000000000,1.0000577585068890,1.0003752531502990,-1.2478136536626749,110.7911317622235856,112.0389454158862605,0.0976467978870192,0.1000030568294846,0.1780929054927680,0.3438798713359313,2.2910690025801652,0.0000000000000000,0.0000000000000000
36,2283.4807953357599217,2276.9873278448367273,2792.8193942456146033,893.6403248027093014,1306.5402369870332677,4715.6122790665540379,167.0851186960978794,8.0121911284831917,2115.9191865981051706,192.3548539324017099,0.0000000000000000,21160.8119559971019044,0.0000000000000000,0.0000000000000000,1.0028517802499450,0.9976761795785153,1.4412361591987555,16.8424328423401519,15.4011966831413964,0.0404455581306654,0.0415026987897477,0.1561463844000764,0.2886190574477907,1.5445539149960723,0.0000000000000000,0.0000000000000000,1.0000581280044047,1.0003746173559773,-1.2473656266734992,110.7910023254408856,112.0383679521143847,0.0976467978870192,0.1000031700611926,0.1780931429185711,0.3438800453078022,2.2910701573747878,0.0000000000000000,0.0000000000000000
37,2283.4778949937212928,2276.9803568369366076,2792.8118392944702464,893.6403052151955535,1306.5390397719263547,4715.6071501123869893,167.0848062011511956,8.0122107407044432,2115.9162994779621840,192.3547103577470523,0.0000000000000000,21160.8119517339400772,0.0000000000000000,0.0000000000000000,1.0028535767281765,0.9976727821403896,1.4415546089473228,16.8425453064325303,15.4009906974852075,0.0404455581306654,0.0415029728579778,0.1561475255065023,0.2886199369676685,1.5445586228045598,0.0000000000000000,0.0000000000000000,1.0000584542337152,1.0003740560605461,-1.2469701215833737,110.7908823883262244,112.0378525099095981,0.0976467978870192,0.1000032698923363,0.1780933528651262,0.3438801997556854,2.2910711788008165,0.0000000000000000,0.0000000000000000
38,2283.4752152091837161,2276.9740996911973525,2792.8047244223507732,893.6402879790391580,1306.5379134729287216,4715.6023737158429867,167.0845528684177452,8.0122279745396927,2115.9136099317743174,192.3545786719865021,0.0000000000000000,21160.8119499986205483,0.0000000000000000,0.0000000000000000,1.0028551556729908,0.9976697986985046,1.4418340339352316,16.8426428823371452,15.4008088484019137,0.0404455581306654,0.0415032131489090,0.1561485261148549,0.2886207082249760,1.5445627511272642,0.0000000000000000,0.0000000000000000,1.0000587422691760,1.0003735605165365,-1.2466209890723263,110.7907713027043144,112.0373922917766407,0.0976467978870193,0.1000033578961995,0.1780935378420521,0.3438803355415997,2.2910720787165406,0.0000000000000000,0.0000000000000000
39,2283.4727431065439305,2276.9684825943218129,2792.7980462078035089,893.6402728243108413,1306.5368572937379668,4715.5979355258905343,167.0843548914359076,8.0122431192087280,2115.9111044142837272,192.3544582679071198,0.0000000000000000,21160.8119549333678151,0.0000000000000000,0.0000000000000000,1.0028565439363533,0.9976671788705157,1.4420791551173124,16.8427274228450479,15.4006482677277354,0.0404455581306655,0.0415034236885184,0.1561494032991722,0.2886213846050834,1.5445663701433274,0.0000000000000000,0.0000000000000000,1.0000589965709761,1.0003731230441790,-1.2463128331683322,110.7906684878591221,112.0369813210274543,0.0976467978870193,0.1000034354484052,0.1780937006419884,0.3438804550368345,2.2910728715685331,0.0000000000000000,0.0000000000000000
40,2283.4704674834638354,2276.9634408875472218,2792.7918021043283261,893.6402595205744319,1306.5358706129638904,4715.5938231976733732,167.0842098925232051,8.0122564384885706,2115.9087701715097865,192.3543486007102956,0.0000000000000000,21160.8119530095864320,0.0000000000000000,0.0000000000000000,1.0028577650739006,0.9976648785362099,1.4422940918947873,16.8428005401821466,15.4005064482873593,0.0404455581306655,0.0415036079633317,0.1561501710218196,0.2886219763268081,1.5445695376373840,0.0000000000000000,0.0000000000000000,1.0000592211791668,1.0003727369469195,-1.2460408866832182,110.7905735021268185,112.0366143888100368,0.0976467978870193,0.1000035037958557,0.1780938447837547,0.3438805609132961,2.2910735721640485,0.0000000000000000,0.0000000000000000
41,2283.4683789283708393,2276.9589179238914767,2792.7859912698722837,893.6402478420443458,1306.5349530795201645,4715.5900266516673582,167.0841169280874112,8.0122681218392131,2115.9065952602077232,192.3542491870600202,0.0000000000000000,21160.8119553434917179,0.0000000000000000,0.0000000000000000,1.0028588398996741,0.9976628590720757,1.4424824409051364,16.8428636082334009,15.4003811673282645,0.0404455581306654,0.0415037690089366,0.1561508421030224,0.2886224935128106,1.5445723064411989,0.0000000000000000,0.0000000000000000,1.0000594195250170,1.0003723961217610,-1.2458009266755710,110.7904859051538580,112.0362868318294289,0.0976467978870192,0.1000035639874423,0.1780939716172578,0.3438806540166813,2.2910741892235018,0.0000000000000000,0.0000000000000000
42,2283.4664698395804407,2276.9548644166989106,2792.7806154445961511,893.6402375945702943,1306.5341047758106470,4715.5865384387925587,167.0840766189509452,8.0122783636121397,2115.9045683869485401,192.3541596038594150,0.0000000000000000,21160.8119533779499761,0.0000000000000000,0.0000000000000000,1.0028597867813025,0.9976610862520953,1.4426473631693071,16.8429178547907341,15.4002704916214270,0.0404455581306653,0.0415039094391095,0.1561514274433912,0.2886229445386911,1.5445747215068943,0.0000000000000000,0.0000000000000000,1.0000595947317286,1.0003720953497557,-1.2455892654821952,110.7904053749827114,112.0359946404649065,0.0976467978870193,0.1000036169758286,0.1780940833707305,0.3438807360617697,2.2910747329615484,0.0000000000000000,0.0000000000000000
43,2283.4647345828616380,2276.9512375718845760,2792.7756799560152103,893.6402286333448046,1306.5333263917336808,4715.5833542161180958,167.0840912812979866,8.0122873252733076,2115.9026788589417265,192.3540794883674039,0.0000000000000000,21160.8119539210529183,0.0000000000000000,0.0000000000000000,1.0028606220912850,0.9976595306541176,1.4427915762840762,16.8429642892255345,15.4001727129414583,0.0404455581306654,0.0415040315137465,0.1561519364463472,0.2886233366412327,1.5445768216223479,0.0000000000000000,0.0000000000000000,1.0000597495353298,1.0003718299317830,-1.2454026271446565,110.7903316242045690,112.0357342513492256,0.0976467978870194,0.1000036635901747,0.1780941818039093,0.3438808083217816,2.2910752118681827,0.0000000000000000,0.0000000000000000
44,2283.4631697231375256,2276.9480009213161793,2792.7711948705687064,893.6402208121412514,1306.5326193547850835,4715.5804732029100705,167.0841651543419175,8.0122951452776778,2115.9009165581551315,192.3540085387743375,0.0000000000000000,21160.8119539921426622,0.0000000000000000,0.0000000000000000,1.0028613603820484,0.9976581659724095,1.4429174685243353,16.8430037922107516,15.4000863236864163,0.0404455581306654,0.0415041371419046,0.1561523770663307,0.2886236759304858,1.5445786395946084,0.0000000000000000,0.0000000000000000,1.0000598863498207,1.0003715957800758,-1.2452381630794207,110.7902644608209926,112.0355026239004133,0.0976467978870193,0.1000037045497346,0.1780942684345640,0.3438808719049123,2.2910756332991160,0.0000000000000000,0.0000000000000000
45,2283.4617742821587854,2276.9451240865087129,2792.7671763336793447,893.6402140151626554,1306.5319860700765275,4715.5778988991642109,167.0843047165366499,8.0123019423831039,2115.8992718455706381,192.3539465150703052,0.0000000000000000,21160.8119492305668246,0.0000000000000000,0.0000000000000000,1.0028620146031251,0.9976569695877663,1.4430270663356382,16.8430370836814163,15.4000100173457781,0.0404455581306653,0.0415042278996505,0.1561527558857676,0.2886239674500100,1.5445802025599311,0.0000000000000000,0.0000000000000000,1.0000600073490298,1.0003713892713069,-1.2450933493519187,110.7902037938516457,112.0352971432035645,0.0976467978870195,0.1000037404972061,0.1780943446101071,0.3438809277974766,2.2910760037873401,0.0000000000000000,0.0000000000000000
46,2283.4605500915090488,2276.9425821670415644,2792.7636481828180877,893.6402081427409030,1306.5314301579439871,4715.5756398754347174,167.0845190360948038,8.0123078154224388,2115.8977354917574303,192.3538932408708035,0.0000000000000000,21160.8119537583988858,0.0000000000000000,0.0000000000000000,1.0028625965254969,0.9976559215259116,1.4431221188199110,16.8430647562712146,15.3999426374513035,0.0404455581306654,0.0415043050766685,0.1561530783099195,0.2886242153313298,1.5445815327666319,0.0000000000000000,0.0000000000000000,1.0000601144062604,1.0003712071944906,-1.2449659966111142,110.7901495865722836,112.0351155831833978,0.0976467978870194,0.1000037719687477,0.1780944114797222,0.3438809768331580,2.2910763288758300,0.0000000000000000,0.0000000000000000
47,2283.4595022826015338,2276.9403559981928993,2792.7606438862144387,893.6402031091486151,1306.5309567541430624,4715.5737108241928581,167.0848203105030336,8.0123128520931512,2115.8962986088108664,192.3538486060558341,0.0000000000000000,21160.8119533872632019,0.0000000000000000,0.0000000000000000,1.0028631168432829,0.9976550044578828,1.4432040912478374,16.8430872671712351,15.3998831759233976,0.0404455581306653,0.0415043696539006,0.1561533488145934,0.2886244228960410,1.5445826481380918,0.0000000000000000,0.0000000000000000,1.0000602092804720,1.0003710468343747,-1.2448542054713698,110.7901019804602498,112.0349561859316196,0.0976467978870193,0.1000037994456596,0.1780944701686868,0.3438810198109515,2.2910766138316112,0.0000000000000000,0.0000000000000000
48,2283.4586396738427538,2276.9384347167424494,2792.7582089232942053,893.6401987714134521,1306.5305728116779846,4715.5721335030330010,167.0852246063348048,8.0123171861491471,2115.8949524559916426,192.3538125702919217,0.0000000000000000,21160.8119531689408177,0.0000000000000000,0.0000000000000000,1.0028635842136466,0.9976542018168535,1.4432742055976107,16.8431050295547777,15.3998308239571671,0.0404455581306654,0.0415044219711604,0.1561535749994845,0.2886245949743856,1.5445835737609444,0.0000000000000000,0.0000000000000000,1.0000602932833020,1.0003709053612617,-1.2447562642648506,110.7900613935893546,112.0348176578542052,0.0976467978870194,0.1000038230324315,0.1780945227411759,0.3438810579573631,2.2910768665378693,0.0000000000000000,0.0000000000000000
49,2283.4579725668636456,2276.9368610155129318,2792.7564036038024824,893.6401936693085872,1306.5302863123035877,4715.5709330759082150,167.0857548766929881,8.0123222882775913,2115.8936867019610872,192.3537851686732267,0.0000000000000000,21160.8119545654226386,0.0000000000000000,0.0000000000000000,1.0028639843567917,0.9976534708071761,1.4433337605938217,16.8431197333579270,15.3997859727641053,0.0404455581306654,0.0415044686965328,0.1561538366938716,0.2886247874196335,1.5445845858828486,0.0000000000000000,0.0000000000000000,1.0000603652547304,1.0003707751850912,-1.2446697105236524,110.7900329359969902,112.0347026465206426,0.0976467978870194,0.1000038635175754,0.1780945890836966,0.3438811041166810,2.2910771661449396,0.0000000000000000,0.0000000000000000
50,2283.4567501861165510,2276.9322895353357126,2792.7553052524767736,893.6401688762432514,1306.5300908668671127,4715.5693468729159576,167.0865383576592933,8.0123470824328766,2115.8914318709676081,192.3537665337243823,0.0000000000000000,23276.8931496460318158,0.0000000000000000,0.0000000000000000,1.0028654609892298,0.9976500295107609,1.4437134587783458,16.8433220855135488,15.3996086267352030,0.0404455581306653,0.0415048682913667,0.1561553056168677,0.2886260333126617,1.5445907926598528,0.0000000000000000,0.0000000000000000,1.0000606458564250,1.0003702449856675,-1.2442559702115261,110.7900646327010179,112.0343206029125440,0.0976467978870193,0.1000039544328805,0.1780947890440385,0.3438812678152516,2.2910781899383621,0.0000000000000000,0.0000000000000000
