Year,Trade Flow,Partner ISO,Trade Value (US$)
1962,Import,AUT,37817204
1962,Export,AUT,72254472
1963,Import,AUT,55232144
1963,Export,AUT,82120712
1964,Import,AUT,72045536
1964,Export,AUT,90634576
1965,Import,AUT,68618720
1965,Export,AUT,101109240
1966,Import,AUT,77833944
1966,Export,AUT,119100344
1967,Import,AUT,114760136
1967,Export,AUT,111421320
1968,Import,AUT,140268784
1968,Export,AUT,127022848
1969,Import,AUT,153830960
1969,Export,AUT,170811984
1970,Import,AUT,181293216
1970,Export,AUT,212692496
1971,Import,AUT,242456704
1971,Export,AUT,254143488
1972,Import,AUT,313093664
1972,Export,AUT,293290656
1973,Import,AUT,429684640
1973,Export,AUT,330457088
1974,Import,AUT,467818592
1974,Export,AUT,357718400
1975,Import,AUT,452187590
1975,Export,AUT,363783471
1976,Import,AUT,416871328
1976,Export,AUT,380787648
1977,Import,AUT,468647648
1977,Export,AUT,440053632
1978,Import,AUT,620013781
1978,Export,AUT,459759028
1979,Import,AUT,734047538
1979,Export,AUT,550770461
1980,Import,AUT,711323584
1980,Export,AUT,625569792
1981,Import,AUT,696260977
1981,Export,AUT,488750665
1982,Import,AUT,704353927
1982,Export,AUT,436649798
1983,Import,AUT,664574493
1983,Export,AUT,414474621
1984,Import,AUT,710520551
1984,Export,AUT,430247743
1985,Import,AUT,812081765
1985,Export,AUT,490082494
1986,Import,AUT,1034225514
1986,Export,AUT,588441690
1987,Import,AUT,1284149776
1987,Export,AUT,761091465
1988,Import,AUT,1548494023
1988,Export,AUT,902006783
1989,Import,AUT,1523813632
1989,Export,AUT,971047424
1990,Import,AUT,1688477184
1990,Export,AUT,1249105536
1991,Import,AUT,1578888192
1991,Export,AUT,1258162176
1992,Import,AUT,1671049633
1992,Export,AUT,1395781376
1962,Import,ISL,16090351
1962,Export,ISL,14044737
1963,Import,ISL,19831550
1963,Export,ISL,17615030
1964,Import,ISL,22065400
1964,Export,ISL,17044344
1965,Import,ISL,27093044
1965,Export,ISL,19614906
1966,Import,ISL,24388196
1966,Export,ISL,21176968
1967,Import,ISL,23621154
1967,Export,ISL,19936972
1968,Import,ISL,12478249
1968,Export,ISL,16457847
1969,Import,ISL,16248955
1969,Export,ISL,14506404
1970,Import,ISL,21471140
1970,Export,ISL,21364854
1971,Import,ISL,22527856
1971,Export,ISL,28399220
1972,Import,ISL,23253472
1972,Export,ISL,32534558
1973,Import,ISL,34054840
1973,Export,ISL,36833796
1974,Import,ISL,30037156
1974,Export,ISL,48529304
1975,Import,ISL,35859607
1975,Export,ISL,55196227
1976,Import,ISL,56771220
1976,Export,ISL,46746396
1977,Import,ISL,77772712
1977,Export,ISL,68482264
1978,Import,ISL,121779326
1978,Export,ISL,84491441
1979,Import,ISL,176974939
1979,Export,ISL,102925444
1980,Import,ISL,145795072
1980,Export,ISL,97161400
1981,Import,ISL,148382045
1981,Export,ISL,101309887
1982,Import,ISL,127222965
1982,Export,ISL,109189191
1983,Import,ISL,100861643
1983,Export,ISL,98640038
1984,Import,ISL,115490048
1984,Export,ISL,85778031
1985,Import,ISL,164939065
1985,Export,ISL,99287348
1986,Import,ISL,253391601
1986,Export,ISL,107582792
1987,Import,ISL,292866129
1987,Export,ISL,139004328
1988,Import,ISL,330258171
1988,Export,ISL,131673790
1989,Import,ISL,319806976
1989,Export,ISL,110888808
1990,Import,ISL,460323872
1990,Export,ISL,150419584
1991,Import,ISL,420558176
1991,Export,ISL,160231680
1992,Import,ISL,421798586
1992,Export,ISL,161725791
1962,Import,NOR,186447216
1962,Export,NOR,240931920
1963,Import,NOR,205095344
1963,Export,NOR,270739040
1964,Import,NOR,278775520
1964,Export,NOR,247365152
1965,Import,NOR,295820672
1965,Export,NOR,247056896
1966,Import,NOR,335568352
1966,Export,NOR,306180832
1967,Import,NOR,350799008
1967,Export,NOR,357679744
1968,Import,NOR,389830720
1968,Export,NOR,305741984
1969,Import,NOR,430544832
1969,Export,NOR,346438784
1970,Import,NOR,445977888
1970,Export,NOR,408415424
1971,Import,NOR,463403744
1971,Export,NOR,422978688
1972,Import,NOR,518412224
1972,Export,NOR,465672832
1973,Import,NOR,760133184
1973,Export,NOR,579111680
1974,Import,NOR,896684352
1974,Export,NOR,776501056
1975,Import,NOR,1340514955
1975,Export,NOR,862906338
1976,Import,NOR,1117050112
1976,Export,NOR,849939136
1977,Import,NOR,1477752448
1977,Export,NOR,1350788992
1978,Import,NOR,2772029493
1978,Export,NOR,1247814223
1979,Import,NOR,2804989086
1979,Export,NOR,1644338579
1980,Import,NOR,3150178304
1980,Export,NOR,1801842816
1981,Import,NOR,3901012153
1981,Export,NOR,1768090202
1982,Import,NOR,3533927810
1982,Export,NOR,1630917149
1983,Import,NOR,4297140739
1983,Export,NOR,1256078509
1984,Import,NOR,5366829059
1984,Export,NOR,1304362329
1985,Import,NOR,5727380469
1985,Export,NOR,1475607080
1986,Import,NOR,4771190755
1986,Export,NOR,1682149713
1987,Import,NOR,5403294808
1987,Export,NOR,2005753077
1988,Import,NOR,5285641716
1988,Export,NOR,1703332582
1989,Import,NOR,5875948032
1989,Export,NOR,1667568512
1990,Import,NOR,7277871104
1990,Export,NOR,2271200512
1991,Import,NOR,7362207232
1991,Export,NOR,2116403968
1992,Import,NOR,6842883833
1992,Export,NOR,2492589113
1962,Import,CHE,149333472
1962,Export,CHE,192482384
1963,Import,CHE,173304048
1963,Export,CHE,215890784
1964,Import,CHE,208409456
1964,Export,CHE,243650992
1965,Import,CHE,240448672
1965,Export,CHE,266879568
1966,Import,CHE,279481536
1966,Export,CHE,311296800
1967,Import,CHE,332455936
1967,Export,CHE,322688128
1968,Import,CHE,361817504
1968,Export,CHE,326886976
1969,Import,CHE,417161312
1969,Export,CHE,439076608
1970,Import,CHE,464416800
1970,Export,CHE,486680768
1971,Import,CHE,518372544
1971,Export,CHE,546892032
1972,Import,CHE,631329024
1972,Export,CHE,901713536
1973,Import,CHE,880987008
1973,Export,CHE,1264085504
1974,Import,CHE,1074041728
1974,Export,CHE,1398536448
1975,Import,CHE,1575615721
1975,Export,CHE,1571257234
1976,Import,CHE,1716081280
1976,Export,CHE,1657949056
1977,Import,CHE,2296029440
1977,Export,CHE,2444683776
1978,Import,CHE,4126384096
1978,Export,CHE,3624524649
1979,Import,CHE,5424660411
1979,Export,CHE,4872972063
1980,Import,CHE,1728940928
1980,Export,CHE,6574825984
1981,Import,CHE,3113307095
1981,Export,CHE,2734292343
1982,Import,CHE,2852031301
1982,Export,CHE,1865118898
1983,Import,CHE,3262747846
1983,Export,CHE,2070847018
1984,Import,CHE,3340080257
1984,Export,CHE,2039590724
1985,Import,CHE,3052501425
1985,Export,CHE,1658093762
1986,Import,CHE,4426084057
1986,Export,CHE,2257809190
1987,Import,CHE,5417840982
1987,Export,CHE,3011493468
1988,Import,CHE,3560084219
1988,Export,CHE,3151749274
1989,Import,CHE,3924460800
1989,Export,CHE,3534338816
1990,Import,CHE,4391684096
1990,Export,CHE,4086710272
1991,Import,CHE,3681427200
1991,Export,CHE,3332490240
1992,Import,CHE,6901474418
1992,Export,CHE,3238133628
1962,Import,WLD,12576497664
1962,Export,WLD,11051906048
1963,Import,WLD,13496127488
1963,Export,WLD,11854376960
1964,Import,WLD,15437698048
1964,Export,WLD,12341108736
1965,Import,WLD,16137772032
1965,Export,WLD,13710246912
1966,Import,WLD,16671049728
1966,Export,WLD,14660856832
1967,Import,WLD,17714251776
1967,Export,WLD,14370316288
1968,Import,WLD,18958479360
1968,Export,WLD,15346212864
1969,Import,WLD,19956322304
1969,Export,WLD,17515167744
1970,Import,WLD,21723672576
1970,Export,WLD,19350558720
1971,Import,WLD,23943692288
1971,Export,WLD,22353397760
1972,Import,WLD,27859525632
1972,Export,WLD,24344291328
1973,Import,WLD,38843461632
1973,Export,WLD,30534658048
1974,Import,WLD,54149419008
1974,Export,WLD,38661472256
1975,Import,WLD,53188129480
1975,Export,WLD,43741809601
1976,Import,WLD,55950536704
1976,Export,WLD,46031998976
1977,Import,WLD,63624777728
1977,Export,WLD,57477693440
1978,Import,WLD,78431340115
1978,Export,WLD,71613815211
1979,Import,WLD,1.02822E+11
1979,Export,WLD,90630575479
1980,Import,WLD,1.19209E+11
1980,Export,WLD,1.14553E+11
1981,Import,WLD,1.02084E+11
1981,Export,WLD,1.02458E+11
1982,Import,WLD,99470877290
1982,Export,WLD,96695072198
1983,Import,WLD,1.00186E+11
1983,Export,WLD,91820174478
1984,Import,WLD,1.05958E+11
1984,Export,WLD,94372462371
1985,Import,WLD,1.09557E+11
1985,Export,WLD,1.01232E+11
1986,Import,WLD,1.26304E+11
1986,Export,WLD,1.06755E+11
1987,Import,WLD,1.54406E+11
1987,Export,WLD,1.31128E+11
1988,Import,WLD,1.89748E+11
1988,Export,WLD,1.45394E+11
1989,Import,WLD,1.99195E+11
1989,Export,WLD,1.53236E+11
1990,Import,WLD,2.24771E+11
1990,Export,WLD,1.855E+11
1991,Import,WLD,2.0482E+11
1991,Export,WLD,1.74516E+11
1992,Import,WLD,2.21658E+11
1992,Export,WLD,1.90481E+11
1962,Import,DNK,425984000
1962,Export,DNK,294465824
1963,Import,DNK,461227680
1963,Export,DNK,299827936
1964,Import,DNK,522365248
1964,Export,DNK,338861664
1965,Import,DNK,545811008
1965,Export,DNK,357415264
1966,Import,DNK,579418112
1966,Export,DNK,384268160
1967,Import,DNK,600736704
1967,Export,DNK,405765728
1968,Import,DNK,577732992
1968,Export,DNK,395840096
1969,Import,DNK,590551680
1969,Export,DNK,471120256
1970,Import,DNK,659837056
1970,Export,DNK,519654336
1971,Import,DNK,732560576
1971,Export,DNK,555508864
1972,Import,DNK,869229312
1972,Export,DNK,586406400
1973,Import,DNK,1170669824
1973,Export,DNK,797895040
1974,Import,DNK,1348700800
1974,Export,DNK,995580416
1975,Import,DNK,1377256490
1975,Export,DNK,982188988
1976,Import,DNK,1265134464
1976,Export,DNK,1175335168
1977,Import,DNK,1417260544
1977,Export,DNK,1399451776
1978,Import,DNK,1845228752
1978,Export,DNK,1609522128
1979,Import,DNK,2296654128
1979,Export,DNK,2162439807
1980,Import,DNK,2518160384
1980,Export,DNK,2326144000
1981,Import,DNK,2367041704
1981,Export,DNK,2129158737
1982,Import,DNK,2337056745
1982,Export,DNK,1917908997
1983,Import,DNK,2293337336
1983,Export,DNK,1755930427
1984,Import,DNK,2226570178
1984,Export,DNK,1602773097
1985,Import,DNK,2209279537
1985,Export,DNK,1773541253
1986,Import,DNK,2576154008
1986,Export,DNK,1775866739
1987,Import,DNK,3076465162
1987,Export,DNK,2021140851
1988,Import,DNK,3492000052
1988,Export,DNK,1874881613
1989,Import,DNK,3608226560
1989,Export,DNK,1933663360
1990,Import,DNK,4018255104
1990,Export,DNK,2454279424
1991,Import,DNK,3889655296
1991,Export,DNK,2285129472
1992,Import,DNK,4200059488
1992,Export,DNK,2739601811
1962,Import,FIN,248466640
1962,Export,FIN,155877712
1963,Import,FIN,276059136
1963,Export,FIN,152962544
1964,Import,FIN,324342784
1964,Export,FIN,183977232
1965,Import,FIN,325495840
1965,Export,FIN,204403392
1966,Import,FIN,344204512
1966,Export,FIN,214665888
1967,Import,FIN,357117696
1967,Export,FIN,200165344
1968,Import,FIN,385687168
1968,Export,FIN,191656432
1969,Import,FIN,416556928
1969,Export,FIN,243135872
1970,Import,FIN,466486688
1970,Export,FIN,304687424
1971,Import,FIN,520932672
1971,Export,FIN,343000256
1972,Import,FIN,614037376
1972,Export,FIN,338089504
1973,Import,FIN,809364288
1973,Export,FIN,405906464
1974,Import,FIN,1149736704
1974,Export,FIN,531747744
1975,Import,FIN,884416741
1975,Export,FIN,585642952
1976,Import,FIN,1008800256
1976,Export,FIN,518481952
1977,Import,FIN,1034482624
1977,Export,FIN,604322304
1978,Import,FIN,1222369163
1978,Export,FIN,669884448
1979,Import,FIN,1682975889
1979,Export,FIN,873270042
1980,Import,FIN,1831669760
1980,Export,FIN,1189646208
1981,Import,FIN,1695108589
1981,Export,FIN,1058403281
1982,Import,FIN,1613256225
1982,Export,FIN,896116239
1983,Import,FIN,1510292581
1983,Export,FIN,817666571
1984,Import,FIN,1674943320
1984,Export,FIN,937847222
1985,Import,FIN,1706244937
1985,Export,FIN,912492186
1986,Import,FIN,1973779803
1986,Export,FIN,973390471
1987,Import,FIN,2548189013
1987,Export,FIN,1310001831
1988,Import,FIN,3205607777
1988,Export,FIN,1422769399
1989,Import,FIN,3070549504
1989,Export,FIN,1504707968
1990,Import,FIN,3132567296
1990,Export,FIN,1837942400
1991,Import,FIN,2602517248
1991,Export,FIN,1374509056
1992,Import,FIN,2952608358
1992,Export,FIN,1750110565
1962,Import,PRT,52823440
1962,Export,PRT,90340264
1963,Import,PRT,62806584
1963,Export,PRT,89854872
1964,Import,PRT,72530088
1964,Export,PRT,102792552
1965,Import,PRT,115996656
1965,Export,PRT,114849832
1966,Import,PRT,131439240
1966,Export,PRT,134280880
1967,Import,PRT,154129248
1967,Export,PRT,133928880
1968,Import,PRT,178269856
1968,Export,PRT,145806400
1969,Import,PRT,183987376
1969,Export,PRT,185633040
1970,Import,PRT,162255024
1970,Export,PRT,208503248
1971,Import,PRT,205115712
1971,Export,PRT,253392544
1972,Import,PRT,256955632
1972,Export,PRT,279507040
1973,Import,PRT,385550592
1973,Export,PRT,358650656
1974,Import,PRT,476770144
1974,Export,PRT,428030720
1975,Import,PRT,445396795
1975,Export,PRT,347008148
1976,Import,PRT,357132864
1976,Export,PRT,400820096
1977,Import,PRT,401217920
1977,Export,PRT,523204320
1978,Import,PRT,490096052
1978,Export,PRT,549598224
1979,Import,PRT,718399059
1979,Export,PRT,654311387
1980,Import,PRT,761338496
1980,Export,PRT,879911040
1981,Import,PRT,669216952
1981,Export,PRT,742067965
1982,Import,PRT,664870713
1982,Export,PRT,748354287
1983,Import,PRT,721173240
1983,Export,PRT,601447740
1984,Import,PRT,865181629
1984,Export,PRT,518028478
1985,Import,PRT,896604191
1985,Export,PRT,568693901
1986,Import,PRT,1126785876
1986,Export,PRT,691953143
1987,Import,PRT,1392543937
1987,Export,PRT,1150025616
1988,Import,PRT,1642251179
1988,Export,PRT,1370097333
1989,Import,PRT,1691176320
1989,Export,PRT,1436898432
1990,Import,PRT,2060604672
1990,Export,PRT,1798201984
1991,Import,PRT,1750190592
1991,Export,PRT,1656421120
1992,Import,PRT,2061921297
1992,Export,PRT,2043531406
1962,Import,SWE,440233792
1962,Export,SWE,444723872
1963,Import,SWE,456954912
1963,Export,SWE,485765824
1964,Import,SWE,584591488
1964,Export,SWE,571023168
1965,Import,SWE,601045376
1965,Export,SWE,631563520
1966,Import,SWE,608170176
1966,Export,SWE,661457792
1967,Import,SWE,680949632
1967,Export,SWE,618655168
1968,Import,SWE,753968832
1968,Export,SWE,629515648
1969,Import,SWE,795615232
1969,Export,SWE,716858368
1970,Import,SWE,872214080
1970,Export,SWE,860246016
1971,Import,SWE,975775488
1971,Export,SWE,921655424
1972,Import,SWE,1266425216
1972,Export,SWE,999101760
1973,Import,SWE,1792189440
1973,Export,SWE,1247678592
1974,Import,SWE,2143154048
1974,Export,SWE,1688832896
1975,Import,SWE,1961854212
1975,Export,SWE,1827394454
1976,Import,SWE,2130542336
1976,Export,SWE,1875652864
1977,Import,SWE,2197463808
1977,Export,SWE,2090611072
1978,Import,SWE,2578915007
1978,Export,SWE,2251059071
1979,Import,SWE,3410214023
1979,Export,SWE,3278220269
1980,Import,SWE,3341196032
1980,Export,SWE,3724024832
1981,Import,SWE,3068309592
1981,Export,SWE,3227818532
1982,Import,SWE,2927714893
1982,Export,SWE,3380241381
1983,Import,SWE,3112856451
1983,Export,SWE,3617499145
1984,Import,SWE,3243115059
1984,Export,SWE,3880079923
1985,Import,SWE,3179270518
1985,Export,SWE,3913642572
1986,Import,SWE,4047858709
1986,Export,SWE,3382605726
1987,Import,SWE,4848184355
1987,Export,SWE,3815848357
1988,Import,SWE,5920593511
1988,Export,SWE,3768199036
1989,Import,SWE,6094470144
1989,Export,SWE,3890136832
1990,Import,SWE,6351406080
1990,Export,SWE,4634234368
1991,Import,SWE,5273984512
1991,Export,SWE,3906074368
1992,Import,SWE,5781008467
1992,Export,SWE,4281498944
