period,rgdp,ngdp,iy,c,W,sW,cW,ceW1,ceW2,y0,va0,i0,c0,l0,y1,va1,i1,c1,l1,rer1,nx1,rex1,rim1,rexf1,rimf1,rexs0-1,rims0-1,rexsf0-1,rimsf0-1,rexs1-1,rims1-1,rexsf1-1,rimsf1-1,rer2,nx2,rex2,rim2,rexf2,rimf2,rexs0-2,rims0-2,rexsf0-2,rimsf0-2,rexs1-2,rims1-2,rexsf1-2,rimsf1-2
0,99.9878980052689883,99.4732166642800308,0.1035939557175874,80.7882941318313073,1.0627359914770207,0.0000000000000000,4066.2280248882757405,0.0000000000000000,0.0000000000000000,37.5020006297729509,15.8692428424706051,3.2420013316787788,14.3818833203912799,10.5250811961554351,151.7670473302773644,84.1187637300999000,16.3505866114650580,66.4064108114400256,55.4633739391957121,1.0512298719184809,-0.6579619674439741,14.2886107707078551,14.2720484252588662,4.2445186120104061,6.7201378545058246,9.2067949047700743,12.0609334218342070,6.0913113908432237,3.7203581023190231,5.0818158659377808,2.2111150034246592,0.6288264636626005,0.5241605096913831,1.0120171143430714,-0.5559412350962365,15.8569016696786029,16.2668186278613902,5.5298719994788836,6.0239564845494336,9.7566581172090245,11.4808259273785396,4.8874566184671835,4.2576319290564255,6.1002435524695766,4.7859927004828524,1.1364998660822505,1.2722400704224581
1,100.0405999511064863,99.5707539723084523,0.1031476703747357,80.7363686979189765,1.0625985611214190,0.0000000000000000,4061.4818854700884003,0.0000000000000000,0.0000000000000000,37.6318718350457075,15.9241987824233533,3.2250375839349994,14.3685224165477852,10.5550004712722156,151.7633186350055610,84.1166970546119757,16.2944188787546835,66.3678462813711860,55.4366992309094400,1.0451904172309132,-0.4044694678042777,14.3688010911330331,14.1980952011472681,4.2658193359759151,6.6864428816852746,9.2549853331441270,11.9939636084002927,6.0589321803519116,3.7406099026814053,5.1138157579889061,2.2041315927469740,0.6275107013333631,0.5252094332945095,1.0116385873846718,-0.5334523451679978,15.8744936289678034,16.2609115775067146,5.5292821635589249,6.0223866308471052,9.7621975550847182,11.4822171585345743,4.8870605885690646,4.2559338222810839,6.1122960738830843,4.7786944189721385,1.1353260422780409,1.2733483412778412
2,100.0814692658268683,99.6464570385424082,0.1027668117806554,80.6883414768654319,1.0624720010096285,0.0000000000000000,4057.0927850673970170,0.0000000000000000,0.0000000000000000,37.7399848639307933,15.9699475926468359,3.2093676954690418,14.3572537775613522,10.5789853401746008,151.7549194691706020,84.1120417130287450,16.2469027841949014,66.3310876993040779,55.4148892619810240,1.0404270029368814,-0.1983541357343004,14.4394095032031586,14.1359370738947057,4.2851097805648086,6.6583197463561401,9.2971478816206261,11.9382061955639163,6.0320492717902594,3.7588916107979800,5.1422616215825325,2.1977308783307885,0.6262704745658808,0.5262181697668286,1.0111406901241642,-0.5120036377587489,15.8898250685775171,16.2570388120052272,5.5284225188359448,6.0211488651564888,9.7668440374856349,11.4848085120652499,4.8869236290654259,4.2540598986530931,6.1229810310918831,4.7722302999399773,1.1342252360910632,1.2743626201828515
3,100.1126262390698543,99.7055988410323408,0.1024407056648814,80.6438458580031607,1.0623555144485881,0.0000000000000000,4053.0259500694974122,0.0000000000000000,0.0000000000000000,37.8300752111181424,16.0080699747403266,3.1949599274090512,14.3476413077541221,10.5982943844250279,151.7427726636454679,84.1053091957793271,16.2064886095915845,66.2962045502490440,55.3970809555353512,1.0365875311423651,-0.0277683183517503,14.5018683637026022,14.0831581370287147,4.3026458661620017,6.6346106773020690,9.3343110799495008,11.8913196555758880,6.0095137515000605,3.7754561273869189,5.1675572837531023,2.1918384814528267,0.6250969258020089,0.5271897387750825,1.0105689376563036,-0.4924346202531868,15.9029485114336016,16.2550285067412403,5.5272934201385668,6.0202503239960583,9.7705680477611239,11.4884945824281939,4.8870561560732115,4.2520049426998545,6.1323804636724777,4.7665339243130473,1.1331941679228466,1.2752884774387125
4,100.1357488078502769,99.7518857645751069,0.1021608847870819,80.6025876274726443,1.0622483831040577,0.0000000000000000,4049.2537304447305360,0.0000000000000000,0.0000000000000000,37.9050754133865837,16.0398068528547029,3.1817616981468797,14.3393661553379932,10.6138651279183964,151.7276376343617983,84.0969204185397672,16.1719730653224190,66.2632214721346458,55.3825719609339657,1.0334349469090569,0.1155397807601730,14.5573251582347449,14.0379655980740345,4.3186354404076290,6.6144608200168200,9.3672698907439269,11.8515722090450382,5.9904780322001630,3.7905085513768459,5.1900552674908171,2.1863933890289968,0.6239827878166569,0.5281268890307828,1.0099567205842768,-0.4752298778390376,15.9139633296454512,16.2546906325638432,5.5259063988025314,6.0196816880210928,9.7733807419461129,11.4931505253602104,4.8874524457940796,4.2497748519912184,6.1405825876993392,4.7615401072036327,1.1322292422270128,1.2761315468113128
5,100.1521984058497878,99.7880152758214649,0.1019205342817904,80.5643247744969244,1.0621499500154112,0.0000000000000000,4045.7536220304477865,0.0000000000000000,0.0000000000000000,37.9673351355541229,16.0661525046543296,3.1697092736644348,14.3321907261932502,10.6264095955557583,151.7101609325375478,84.0872337403220769,16.1424103280473545,66.2321340483036778,55.3707950927946086,1.0308048019657521,0.2374587956110368,14.6067104715253553,13.9990015816191153,4.3332498550092389,6.5972258440896692,9.3966456483221172,11.8176568712811214,5.9743038532952317,3.8042177337420937,5.2100648232032380,2.1813447103379939,0.6229219907944377,0.5290321212671449,1.0093281967583547,-0.4606240755674431,15.9229985505807345,16.2558293702173202,5.5242801043253094,6.0194231599274337,9.7753202060242099,11.4986433538559307,4.8880964542643044,4.2473826783599833,6.1476783445565237,4.7571860163613877,1.1313267056631293,1.2768974259653263
6,100.1630997893487489,99.8160072663263662,0.1017140868409518,80.5288520952955338,1.0620596074078819,0.0000000000000000,4042.5067443110924614,0.0000000000000000,0.0000000000000000,38.0187708519699967,16.0879179001231769,3.1587335146564905,14.3259344794571319,10.6364784636557044,151.6909009255763294,84.0765586431681839,16.1170463051708346,66.2029176158384018,55.3612917277623566,1.0285802848374859,0.3422785470245326,14.6507891492163633,13.9652176322237427,4.3466326153391002,6.5824104585599787,9.4229307184217461,11.7885682178427391,5.9605010687348035,3.8167249036864437,5.2278584307946172,2.1766494143810045,0.6219093898251757,0.5299077116526560,1.0087005822789252,-0.4486790285862856,15.9302004724134267,16.2582515145102775,5.5224374210831497,6.0194487082773680,9.7764416270875891,11.5048396185326194,4.8889659462665263,4.2448458204808599,6.1537588453258376,4.7534118959776572,1.1304827620108413,1.2775916006022900
7,100.1693943112972818,99.8374111739744450,0.1015369282942588,80.4959900896347449,1.0619767882125879,0.0000000000000000,4039.4967360566356547,0.0000000000000000,0.0000000000000000,38.0609699863464286,16.1057747690879225,3.1487633764653955,14.3204574432506053,10.6445049763483759,151.6703412978239101,84.0651632151111272,16.0952706850283604,66.1755326463841413,55.3536888077156490,1.0266767409470698,0.4331843374969733,14.6901985034059610,13.9357893715954155,4.3589057899624075,6.5696267131064783,9.4465214127801982,11.7635186689110931,5.9486861429817681,3.8281500560110615,5.2436770906257637,2.1722707026843233,0.6209405701247099,0.5307557339513459,1.0080859236767081,-0.4393401021876571,15.9357237824947688,16.2617719582924920,5.5204034279944052,6.0197290424861585,9.7768102744087653,11.5116104622323370,4.8900353885404062,4.2421840397184072,6.1589135080860036,4.7501614960601568,1.1296936539457523,1.2782193882759982
8,100.1718770686088362,99.8534404715822745,0.1013851831787118,80.4655772489540766,1.0619009602817702,0.0000000000000000,4036.7089848287500899,0.0000000000000000,0.0000000000000000,38.0952647383580398,16.1202868414775367,3.1397280785569670,14.3156488789464369,10.6508354688813007,151.6488997555432832,84.0532789750152602,16.0765821306592045,66.1499283700076433,55.3476803629878589,1.0250317032068268,0.5125856378149152,14.7254767192789053,13.9100575159405846,4.3701747375935271,6.5585652781741395,9.4677420648918087,11.7418807071346478,5.9385535739409407,3.8385966578218822,5.2577346543870958,2.1681768088059359,0.6200117042331991,0.5315780797716450,1.0074924443480533,-0.4324771031587051,15.9397252459945751,16.2662170812394464,5.5182039674648404,6.0202336667093777,9.7764965153945731,11.5188347924103347,4.8912779467974365,4.2394180693209966,6.1632287306000020,4.7473822888291100,1.1289557199119413,1.2787858981438442
9,100.1712238229348628,99.8650626382468261,0.1012555577904833,80.4374648657522187,1.0618316224843329,0.0000000000000000,4034.1301063048244941,0.0000000000000000,0.0000000000000000,38.1227853299324764,16.1319323788763178,3.1315584607675762,14.3114194211391972,10.6557508610801595,151.6269346989099631,84.0411045706122053,16.0605630131966031,66.1260454446130268,55.3430131665424412,1.0235982866383622,0.5823389158311141,14.7570839565319769,13.8874865231084375,4.3805315881921842,6.5489753947775826,9.4868625612078485,11.7231464302322301,5.9298559497875480,3.8481551114498997,5.2702213953241284,2.1643400928762073,0.6191194449900348,0.5323764767422844,1.0069255546363127,-0.4279135915275081,15.9423592863837253,16.2714266575575657,5.5158646561058502,6.0209322700734109,9.7755723110246961,11.5264011227026479,4.8926668375590747,4.2365686526912594,6.1667869753590301,4.7450255348549168,1.1282654325143360,1.2792960034145906
10,100.1680111886078066,99.8730608571566592,0.1011452243954982,80.4115136470809517,1.0617683020687110,0.0000000000000000,4031.7476031897667781,0.0000000000000000,0.0000000000000000,38.1444990704472886,16.1411207052445498,3.1241878284150117,14.3076955848393084,10.6594819809581427,151.6047510152029645,84.0288089894485921,16.0468610029208207,66.1038180622416434,55.3394757709596874,1.0223407159909310,0.6439008839878557,14.7854180598498530,13.8676352053989671,4.3900578113709994,6.5406506980165586,9.5041110842259222,11.7068988601864437,5.9223898542814224,3.8569053066832537,5.2813069756239317,2.1607363452125239,0.6182608437351365,0.5331525046877458,1.0063886035385290,-0.4254476341346560,15.9437749596582421,16.2772547326900963,5.5134102160358118,6.0217956419313516,9.7741087887261919,11.5342084870039869,4.8941762186175630,4.2336558922395673,6.1696661709320519,4.7430462456861093,1.1276194233137886,1.2797543237962441
11,100.1627322361368897,99.8780772548110320,0.1010517348918847,80.3875915819199065,1.0617105528504873,0.0000000000000000,4029.5496494420794988,0.0000000000000000,0.0000000000000000,38.1612395298839573,16.1482045517496360,3.1175524680507936,14.3044158958544489,10.6622206283648246,151.5826054364711410,84.0165345284389247,16.0351755662247264,66.0831756860654593,55.3368901757918721,1.0212312455379637,0.6984351209898723,14.8108263177814798,13.8501355641195616,4.3988261213835829,6.5334190666430940,9.5196833827753604,11.6927913228499971,5.9159857799738154,3.8649185114070748,5.2911429350061203,2.1573442412695640,0.6174332866692784,0.5339076099765083,1.0058834357475344,-0.4248662958801610,15.9441139547650081,16.2835697947922178,5.5108640386441090,6.0227962493214928,9.7721746000383085,11.5421667177120355,4.8957817516408602,4.2306988228936504,6.1719393547266987,4.7414030770801814,1.1270144976806324,1.2801652157504588
12,100.1558088757335554,99.8806438205065490,0.1009729555822538,80.3655726570890323,1.0616579539148185,0.0000000000000000,4027.5249596555299831,0.0000000000000000,0.0000000000000000,38.1737287338698295,16.1534894487586662,3.1115919462126658,14.3015281403092409,10.6641276709595179,151.5607116010084212,84.0043995992508599,16.0252479662304737,66.0640445167797878,55.3351054850361592,1.0202480080768801,0.7468870142703778,14.8336143363977495,13.8346773350964352,4.4069019025068181,6.5271352603398967,9.5337495389610183,11.6805324268911228,5.9105008158134060,3.8722587842587113,5.2998647974367303,2.1541449082053115,0.6166344445264911,0.5346431182481065,1.0054108038265133,-0.4259555861320798,15.9435093480727570,16.2902544745198661,5.5082479165230120,6.0239085757943336,9.7698348492715006,11.5501962971525849,4.8974609333739165,4.2277151477313373,6.1736744988012564,4.7400581773672830,1.1264476424204168,1.2805327687916745
13,100.1476019122394234,99.8812049501725312,0.1009070171325736,80.3453361311303382,1.0616101086224174,0.0000000000000000,4025.6627147194758436,0.0000000000000000,0.0000000000000000,38.1825943802909578,16.1572410111726654,3.1062492623824798,14.2989873894998709,10.6653390554043561,151.5392448381257964,83.9925013803242848,16.0168537672673708,66.0463487416304673,55.3339930484953086,1.0193734950798292,0.7900369514509098,14.8540528095183610,13.8209965415375553,4.4143442888823365,6.5216755053675159,9.5464589381564338,11.6698749663621655,5.9058132731999038,3.8789840431583413,5.3075938713619273,2.1511215751753898,0.6158622321676124,0.5353602457239950,1.0049706733179031,-0.4285071284100450,15.9420849097510828,16.2972049393023752,5.5055818965236707,6.0251092930296615,9.7671504365026749,11.5582279309070834,4.8991932648519034,4.2247210900982646,6.1749344732484062,4.7389770083952918,1.1259160281777585,1.2808608064254066
14,100.1384193686577646,99.8801342027385033,0.1008522755189342,80.3267661622775506,1.0615666437791886,0.0000000000000000,4023.9525234427383111,0.0000000000000000,0.0000000000000000,38.1883834607500958,16.1596907024450758,3.1014709023610307,14.2967545643664646,10.6659703415185927,151.5183466572031534,83.9809183049838737,16.0097971336400065,66.0300115979110842,55.3334427020513999,1.0185934715760827,0.8285384507073541,14.8723827543882496,13.8088668869610220,4.4212069957623958,6.5169334543668986,9.5579439524068235,11.6606075995356608,5.9018186786851823,3.8851468864717362,5.3144388019814270,2.1482592874253621,0.6151147756817167,0.5360601092906597,1.0045624489539786,-0.4323224809503721,15.9399548115071070,16.3043300995562781,5.5028842194293164,6.0263773165624652,9.7641776998119951,11.5662019482009910,4.9009603084633859,4.2217313288216980,6.1757771116951119,4.7381281513552880,1.1254170080990797,1.2811528906076182
15,100.1285234878318278,99.8777469966095737,0.1008072809868318,80.3097516502168958,1.0615272088800689,0.0000000000000000,4022.3844061242775751,0.0000000000000000,0.0000000000000000,38.1915732503709791,16.1610404849969420,3.0972068227524652,14.2947953773215879,10.6661201803332570,151.4981289173919379,83.9697123725482442,16.0039064203869508,66.0149562728953043,55.3333598206376323,1.0178961939067579,0.8629457861311884,14.8888196245918980,13.7980931815121899,4.4275389717793949,6.5128171243342061,9.5683227036152676,11.6525485118015339,5.8984267390824296,3.8907952362584188,5.3204969209766295,2.1455446697106551,0.6143903852517767,0.5367437355209762,1.0041851427247761,-0.4372157826140821,15.9372236232762567,16.3115507093077667,5.5001713208817362,6.0276937824332704,9.7609682720060817,11.5740676032280696,4.9027456685854407,4.2187589920451236,6.1762553512701759,4.7374831060796989,1.1249481138478294,1.2814123288366128
16,100.1181366994603223,99.8743104157588704,0.1007707529127693,80.2941861970534774,1.0614914753725948,0.0000000000000000,4020.9487905904652507,0.0000000000000000,0.0000000000000000,38.1925803414787808,16.1614666428841431,3.0934103874144401,14.2930795393764694,10.6658730292104220,151.4786776620535420,83.9589312736150646,15.9990307008671078,66.0011066576770133,55.3336629740050299,1.0172718405180881,0.8937342365313796,14.9035565972257711,13.7885062398344793,4.4333849219477273,6.5092465377307942,9.5777011682129594,11.6455405114485995,5.8955590052234177,3.8959728531712181,5.3258554290128108,2.1429657283858798,0.6136875325073765,0.5374120687765090,1.0038374990080368,-0.4430152128195957,15.9339865147855200,16.3187984186545023,5.4974578748904657,6.0290419711366008,9.7575690892992277,11.5817823289007489,4.9045349213555909,4.2158156917192056,6.1764174254862931,4.7370160897537534,1.1245070497810099,1.2816421831712599
17,100.1074467583055849,99.8700509268150824,0.1007415590686884,80.2799681252488142,1.0614591359095107,0.0000000000000000,4019.6365144335727564,0.0000000000000000,0.0000000000000000,38.1917681980393056,16.1611229785129744,3.0900382703695191,14.2915801549678303,10.6653013092888056,151.4600566125949683,83.9486103265625587,15.9950369800341221,65.9883879702809821,55.3342820325713518,1.0167120938593071,0.9213151200333076,14.9167672481091298,13.7799588562657132,4.4387857367180041,6.5061518744095572,9.5861748095053194,11.6394471720582722,5.8931470429925650,3.9007197582063338,5.3305924386038095,2.1405116842074401,0.6130048314169920,0.5380659785116706,1.0035180878759049,-0.4495636189256498,15.9303295990268250,16.3260148176194697,5.4947568661731481,6.0304071977266673,9.7540225057693348,11.5893109785281521,4.9063155118403756,4.2129115855588797,6.1763070932574919,4.7367038390913185,1.1240916858862915,1.2818452806142688
18,100.0966112044525147,99.8651605623293079,0.1007186982204069,80.2670005128677104,1.0614299035755186,0.0000000000000000,4018.4388294327250151,0.0000000000000000,0.0000000000000000,38.1894535701049733,16.1601435269593772,3.0870503354779979,14.2902732506206398,10.6644671497686243,151.4423103260277514,83.9387742276656326,15.9918079156070174,65.9767272622470671,55.3351566127056955,1.0162098302684737,0.9460471173669660,14.9286077687710481,13.7723225786838750,4.4437788520774708,6.5034719989916265,9.5938298697396149,11.6341497488492021,5.8911309769832227,3.9050725861960127,5.3347778990314332,2.1381728298346725,0.6123410220084042,0.5387062658814584,1.0032253747084068,-0.4567185664410864,15.9263303704972596,16.3331504981961366,5.4920796812056674,6.0317766815280001,9.7503664794717260,11.5966250795134833,4.9080766316035795,4.2100554567910748,6.1759638910255319,4.7365254186826551,1.1237000499244207,1.2820242244145927
19,100.0857612586762286,99.8598019588925609,0.1007012852947625,80.2551912220137353,1.0614035110834692,0.0000000000000000,4017.3474056869586093,0.0000000000000000,0.0000000000000000,38.1859120118055984,16.1586448909466363,3.0844095003476144,14.2891373999676681,10.6634238214077310,151.4254670280837445,83.9294386213854153,15.9892399209616780,65.9660538220460637,55.3362347813505124,1.0157588875837136,0.9682449334969334,14.9392188358257734,13.7654850824954327,4.4483985583255254,6.5011532677712118,9.6007444153013708,11.6295446750687148,5.8894583113944563,3.9090648885874337,5.3384744205244035,2.1359404074267179,0.6116949563767556,0.5393336697380916,1.0029577720759599,-0.4643519964788769,15.9220582029641733,16.3401641522919512,5.4894362105496315,6.0331394049968123,9.7466348050359386,11.6037021150240633,4.9098090858895995,4.2072548046144007,6.1754233979282338,4.7364620372678878,1.1233303191072126,1.2821814059352310
20,100.0750052395972887,99.8541125250947914,0.1006885385640779,80.2444529068530983,1.0613797099415856,0.0000000000000000,4016.3543340410728888,0.0000000000000000,0.0000000000000000,38.1813826796395901,16.1567282712770321,3.0820815900128866,14.2881534189798156,10.6622169322716278,151.4095411389660342,83.9206115002978521,15.9872415598473587,65.9562994878732809,55.3374719618859316,1.0153538890896046,0.9881860340279527,14.9487272124773725,13.7593480022054724,4.4526762699308469,6.4991485466897672,9.6069892009905065,11.6255414994344122,5.8880829601248585,3.9127273978426751,5.3417380114868651,2.1338065027710611,0.6110655865649091,0.5399488720881714,1.0027136782813293,-0.4723496235102953,15.9175748805044286,16.3470217168008425,5.4868349570242234,6.0344859684606496,9.7428573742209768,11.6105248437871822,4.9115051569043642,4.2045159402175383,6.1747175062834518,4.7364968730136603,1.1229808115562852,1.2823190168066854
21,100.0644315705978613,99.8482079360724981,0.1006797684473664,80.2347029946259909,1.0613582695969590,0.0000000000000000,4015.4521260856272420,0.0000000000000000,0.0000000000000000,38.1760725410651034,16.1544812477276061,3.0800351845495642,14.2873041131110021,10.6608854383038771,151.3945355120839338,83.9122944459403897,15.9857321685097240,65.9473988815149852,55.3388299988977153,1.0149901085846327,1.0061159753842261,14.9572471398545233,13.7538251172692867,4.4566407651946003,6.4974163911382261,9.6126283998919622,11.6220611641171274,5.8869644371449308,3.9160882621238939,5.3446187399625620,2.1317639531521584,0.6104519539932955,0.5405525030707065,1.0024915058107216,-0.4806101692496743,15.9129351423839225,16.3536955724299951,5.4842831457804753,6.0358084454251051,9.7390604508664609,11.6170806640383297,4.9131584677010602,4.2018440846345548,6.1738746915174616,4.7366149083916671,1.1226499777240446,1.2824390611459209
22,100.0541114309888826,99.8421850971400744,0.1006743676341022,80.2258636375689207,1.0613389765624135,0.0000000000000000,4014.6337114682869469,0.0000000000000000,0.0000000000000000,38.1701600905250729,16.1519793515130523,3.0782414638043516,14.2865740635033571,10.6594625069417361,151.3804434078397492,83.9044837228076119,15.9846406586880327,65.9392895740655689,55.3402763507499813,1.0146633656859843,1.0222526962361052,14.9648815601734562,13.7488408166287606,4.4603184018629296,6.4959203518587865,9.6177202316463397,11.6190345498796717,5.8860671716732416,3.9191732563558346,5.3471613285271182,2.1298062667490898,0.6098531801855448,0.5411451455070955,1.0022897021137807,-0.4890445014642211,15.9081872275278293,16.3601637996424749,5.4817868334509079,6.0371002416593385,9.7352669503895157,11.6233610247227688,4.9147638497487494,4.1992434657819908,6.1729202771383118,4.7368027749197079,1.1223363919105895,1.2825433676689171
23,100.0441010960210519,99.8361246811119116,0.1006718023115593,80.2178616365054467,1.0613216335345270,0.0000000000000000,4013.8924325405405398,0.0000000000000000,0.0000000000000000,38.1637986468316512,16.1492874605977832,3.0766740516921649,14.2859494431741023,10.6579762619213092,151.3672502250973650,83.8971712380391637,15.9839044675122821,65.9319121933313426,55.3417833868691389,1.0143699435427445,1.0367900316974872,14.9717232025545055,13.7443287859975651,4.4637333130331971,6.4946283807659180,9.6223175122902358,11.6164012342056857,5.8853599221776420,3.9220059739665514,5.3494056902642688,2.1279275517918794,0.6092684585882756,0.5417273390666459,1.0021067645260486,-0.4975747268228723,15.9033734082824694,16.3664094927780575,5.4793510143822743,6.0383559602012795,9.7314967167600805,11.6293608849899570,4.9163172162272772,4.1967174128182760,6.1718766915223888,4.7370486077881004,1.1220387439740025,1.2826336015639979
24,100.0344440029415551,99.8300933172825751,0.1006716043299980,80.2106283385250691,1.0613060585105440,0.0000000000000000,4013.2220365352850422,0.0000000000000000,0.0000000000000000,38.1571192893431999,16.1464610421604782,3.0753088619631801,14.2854178567265109,10.6564504303004597,151.3549350127105413,83.8903453792030405,15.9834686291582138,65.9252104817985582,55.3433277723461359,1.0141065232952864,1.0499006375050737,14.9778555543744751,13.7402308759965610,4.4669075864526269,6.4935123172876184,9.6264681420870790,11.6141084219524853,5.8848152699645437,3.9246080023675485,5.3513874122873961,2.1261224540440748,0.6086970473230745,0.5422995840850781,1.0019412507025587,-0.5061332725392127,15.8985305061836009,16.3724201318112250,5.4769797225846331,6.0395712736469864,9.7277667919758652,11.6350782215829014,4.9178154423429605,4.1942684465596818,6.1707637142077347,4.7373419102283227,1.1217558313040261,1.2827112760249513
25,100.0251725746475557,99.8241454911455435,0.1006733641778177,80.2040995120600257,1.0612920839114157,0.0000000000000000,4012.6166655642805381,0.0000000000000000,0.0000000000000000,38.1502334785515771,16.1435472615145237,3.0741239469149391,14.2849681989481851,10.6549049076759292,151.3434717826828830,83.8839917421306751,15.9832849493336173,65.9191313131118335,55.3448899265292411,1.0138701311630236,1.0617384591121741,14.9833537353877588,13.7364961193299653,4.4698614294506012,6.4925474406709611,9.6302155430585703,11.6121100178890657,5.8844091779318104,3.9269990843821296,5.3531381923291885,2.1243861014408991,0.6081382627391508,0.5428623450684712,1.0017917856026943,-0.5146619810659185,15.8936903847443425,16.3781870101053642,5.4746761284981886,6.0407428045267437,9.7240916746255124,11.6405135827392350,4.9192562534186388,4.1918983651293509,6.1695987101188301,4.7376734273661292,1.1214865511081049,1.2827777633688382
26,100.0163098280884242,99.8183252004295554,0.1006767246658899,80.1982152030404905,1.0612795557174444,0.0000000000000000,4012.0708447668976078,0.0000000000000000,0.0000000000000000,38.1432353981468282,16.1405859731696566,3.0730993501889299,14.2845905289256212,10.6533562539628086,151.3328306453799144,83.8780937601223684,15.9833112680713452,65.9136246741148710,55.3464535451940165,1.0136580951486875,1.0724408437400736,14.9882852878251622,13.7330798724982035,4.4726133211595966,6.4917120771761523,9.6335990546500696,11.6103658175812541,5.8841206035173697,3.9291972672485733,5.3546862331750917,2.1227140549169485,0.6075914736587824,0.5434160539110230,1.0016570658224395,-0.5231112344151292,15.8888804160263213,16.3837047157872782,5.4724426300290361,6.0418680141650594,9.7204835653033648,11.6456696865634797,4.9206381211223622,4.1896083243445661,6.1683968507229565,4.7380350292237967,1.1212298930426976,1.2828343056844695
27,100.0078707910625440,99.8126674032804999,0.1006813752397631,80.1929195758499844,1.0612683326221468,0.0000000000000000,4011.5794689506083159,0.0000000000000000,0.0000000000000000,38.1362040493470502,16.1376106070627827,3.0722169645195980,14.2842759571864004,10.6518181295006364,151.3229787858575435,83.8726332450893466,15.9835107994283341,65.9086436186635893,55.3480051779778250,1.0134680091428052,1.0821303673137876,14.9927108928045012,13.7299430628775632,4.4751801532812898,6.4909872536016087,9.6366542936910555,11.6088407982585551,5.8839311573754456,3.9312190404296614,5.3560565991134457,2.1211022646190081,0.6070560962261629,0.5439611128516287,1.0015358618874737,-0.5314391190540011,15.8841239190854395,16.3889706638968562,5.4702809375648540,6.0429451001311820,9.7169525975170785,11.6505510614116545,4.9219601679207905,4.1873989125901820,6.1671713215683619,4.7384196024851999,1.1209849322103913,1.2828820249746717
28,99.9998637482002266,99.8071992872979195,0.1006870468526575,80.1881607426443708,1.0612582852090460,0.0000000000000000,4011.1377880523441490,0.0000000000000000,0.0000000000000000,38.1292051235980267,16.1346489610043733,3.0714603950836228,14.2840165439954614,10.6503016793542944,151.3138812989233202,83.8675908503968230,15.9838515389362215,65.9041441986489076,55.3495338542998070,1.0132977027869159,1.0909164296509157,14.9966850213215359,13.7270515259289603,4.4775773603850411,6.4903563904195725,9.6394134832404053,11.6075044951005921,5.8838248011346819,3.9330794631935455,5.3572715380811324,2.1195470308283682,0.6065315892848906,0.5444978971914951,1.0014270189829553,-0.5396106382103127,15.8794405693854568,16.3939846761906374,5.4681921528735167,6.0439729021805979,9.7135070533820169,11.6551637255847940,4.9232220796467736,4.1852702201041678,6.1659335160034399,4.7388209506058434,1.1207508225338245,1.2829219327693493
29,99.9922913345512541,99.8019413828513535,0.1006935073426311,80.1838905843158329,1.0612492951552228,0.0000000000000000,4010.7413917263438634,0.0000000000000000,0.0000000000000000,38.1222926761749292,16.1317239088751307,3.0708148289150685,14.2838052073638551,10.6488158722742607,151.3055018990708049,83.8629464643539109,15.9843057312727428,65.9000853769519779,55.3510307521191223,1.0131452158712726,1.0988966580273622,15.0002565265940060,13.7243754202286112,4.4798190405443892,6.4898050291544296,9.6419057538211916,11.6063304512079615,5.8837875789334264,3.9347922827517126,5.3583507727728144,2.1180449690206502,0.6060174502210028,0.5450267577926770,1.0013294564912183,-0.5475969754236978,15.8748467790218211,16.3987486053419111,5.4661768419275845,6.0449508164441070,9.7101535638778369,11.6595149035094696,4.9244240259339991,4.1832219027300130,6.1646932151439842,4.7392337018324415,1.1205267905101075,1.2829549391975710
30,99.9851514931924186,99.7969085401401941,0.1007005572652210,80.1800645660488556,1.0612412544646410,0.0000000000000000,4010.3861933343882811,0.0000000000000000,0.0000000000000000,38.1155106204371634,16.1288540329307430,3.0702669107019012,14.2836356396329549,10.6473677997282206,151.2978035199839439,83.8586795424963469,15.9848493918268328,65.8964289264158936,55.3524889047386566,1.0130087763471038,1.1061581497407715,15.0034691834355343,13.7218887102239719,4.4819180669948526,6.4893205896424480,9.6441574198006190,11.6052957316487220,5.8838073784245921,3.9363700436194042,5.3593117636349143,2.1165929785752495,0.6055132112178557,0.5455480233754485,1.0012421666285873,-0.5553748110031833,15.8703560481513897,16.4032660002456971,5.4642351017983497,6.0458787175232089,9.7068972937937090,11.6636127755563415,4.9255665881793940,4.1812532402824534,6.1634587543576824,4.7396532246893557,1.1203121293438150,1.2829818615158968
31,99.9784383115410549,99.7921107864169699,0.1007080261388983,80.1766415500521674,1.0612340647335083,0.0000000000000000,4010.0684135819114999,0.0000000000000000,0.0000000000000000,38.1088940602567234,16.1260541876285757,3.0698046251537670,14.2835022317139213,10.6459629396071520,151.2907488169168175,83.8547693860366365,15.9854618767274506,65.8931393183382426,55.3539029415170987,1.0128867812564895,1.1127785774306815,15.0063621795207318,13.7195687083087563,4.4838861914130490,6.4888921535702497,9.6461922331520711,11.6043804935933288,5.8838737176934544,3.9378241887822987,5.3601699463686598,2.1151882147154266,0.6050184358767952,0.5460620026307508,1.0011642124106925,-0.5629256914888394,15.8659792884250450,16.4075418091753633,5.4623666218336737,6.0467568880868088,9.7037421117402491,11.6674662586859306,4.9266506946344748,4.1793631897363532,6.1622371766847950,4.7400755504894327,1.1201061934523342,1.2830034320973205
32,99.9721427495552035,99.7875540774228114,0.1007157690654807,80.1735836076950363,1.0612276364492719,0.0000000000000000,4009.7845640109803753,0.0000000000000000,0.0000000000000000,38.1024704763157018,16.1233360016180356,3.0694171860273305,14.2834000042183629,10.6446053885792953,151.2843005839434625,83.8511953731299826,15.9861254966027158,65.8901836034766717,55.3552688588696071,1.0127777800472533,1.1188271759198685,15.0089705627836771,13.7173956691226326,4.4857341393596517,6.4885102712686589,9.6480316164746061,11.6035676058057078,5.8839775551048366,3.9391651531971479,5.3609389463090720,2.1138280633169257,0.6045327161638228,0.5465689861625039,1.0010947251276430,-0.5702354511082834,15.8617251195034523,16.4115821176275603,5.4605707393816392,6.0475859555256903,9.7006907457821363,11.6710848151950337,4.9276775621915547,4.1775504334908105,6.1610343737213169,4.7404973024325248,1.1199083933341358,1.2830203058908285
33,99.9662532716739065,99.7832409551996307,0.1007236636915015,80.1708558329352314,1.0612218883242621,0.0000000000000000,4009.5314305299552871,0.0000000000000000,0.0000000000000000,38.0962607804262774,16.1207083238837185,3.0690949318092362,14.2833245448312649,10.6432980665587174,151.2784220968500790,83.8479371489265333,15.9868251698821648,65.8875312881039719,55.3565838183572012,1.0126804598619803,1.1243656256719365,15.0113256487112601,13.7153524300154128,4.4874716983874219,6.4881667891882548,9.6496948768899831,11.6028423117450181,5.8841111195406057,3.9404024501141017,5.3616307718212779,2.1125101182703956,0.6040556696476489,0.5470692482733197,1.0010329014727359,-0.5772936834512095,15.8576001399285218,16.4153939178179051,5.4588464903524363,6.0483668352013193,9.6977449253636721,11.6744782869532244,4.9286486444131956,4.1758134229865220,6.1598552145648515,4.7409156308646807,1.1197181907881237,1.2830330673659143
34,99.9607563931664487,99.7791711229067744,0.1007316074797598,80.1684261586093214,1.0612167466644999,0.0000000000000000,4009.3060571304695259,0.0000000000000000,0.0000000000000000,38.0902802507038913,16.1181776194706927,3.0688292279861620,14.2832719513626767,10.6420428963432556,151.2730773913083908,83.8449747797523486,15.9875481118991303,65.8851542072466430,55.3578459690107252,1.0125936324810110,1.1294488452318792,15.0134553909089909,13.7134240924438373,4.4891077992845423,6.4878546958373677,9.6511994022530807,11.6021919313212187,5.8842677588385168,3.9415447506784989,5.3622559886559094,2.1112321611226195,0.6035869369988508,0.5475630486060438,1.0009780004386701,-0.5840932610712564,15.8536091737446192,16.4189849069392544,5.4571926549282184,6.0491006798193796,9.6949055102740687,11.6776567526555795,4.9295655853488904,4.1741504179685185,6.1587036634705505,4.7413281542836758,1.1195350944704892,1.2830422369597001
35,99.9556371505000385,99.7753419460034792,0.1007395152630187,80.1662651768697287,1.0612121447737484,0.0000000000000000,4009.1057299159706417,0.0000000000000000,0.0000000000000000,38.0845393592598569,16.1157483197286062,3.0686123757737951,14.2832387799812253,10.6408409611308361,151.2682314849328407,83.8422888761874248,15.9882835564211163,65.8830263968885106,55.3590542913324626,1.0125162226673057,1.1341257029611924,15.0153847180021902,13.7115977397438851,4.4906505908985732,6.4875679842479235,9.6525608409747772,11.6016055969887333,5.8844418045244309,3.9425999572460011,5.3628238770274130,2.1099921427551513,0.6031261797234923,0.5480506336525723,1.0009293400715826,-0.5906299003981488,15.8497554943313741,16.4223633114586356,5.4556077987380789,6.0497888344622694,9.6921726074407477,11.6806304057673511,4.9304301786879821,4.1725595216913538,6.1575828868906246,4.7417329056912845,1.1193586557742878,1.2830482770467255
36,99.9508795043786762,99.7717488880877426,0.1007473170542242,80.1643459648002903,1.0612080223925424,0.0000000000000000,4008.9279615423756695,0.0000000000000000,0.0000000000000000,38.0790445030441731,16.1134231315731249,3.0684375271307784,14.2832219981845387,10.6396926423301572,151.2638505508738547,83.8398606892818492,15.9890225065536900,65.8811239666157462,55.3602084606715010,1.0124472577124850,1.1384396568053141,15.0171358396701660,13.7098621872793061,4.4921075089649225,6.4873015292667509,9.6537932666507551,11.6010740203917599,5.8846284511591005,3.9435752708244043,5.3633425730194109,2.1087881668875457,0.6026730781076506,0.5485322381405180,1.0008862941544039,-0.5969017691592633,15.8460410269364154,16.4255377349012228,5.4540903098154860,6.0504327968258291,9.6895456763557704,11.6834094509923396,4.9312443318096628,4.1710387123623169,6.1564953505806459,4.7421282839088823,1.1191884650161659,1.2830515974531689
37,99.9464666832436137,99.7683858887686341,0.1007549560897364,80.1626439160118451,1.0612043251716243,0.0000000000000000,4008.7704761502695874,0.0000000000000000,0.0000000000000000,38.0737986475317243,16.1112033098664007,3.0682986058469917,14.2832189421044298,10.6385977398266558,151.2599020497409015,83.8376721836758207,15.9897575122374107,65.8794249739074189,55.3613087278977432,1.0123858580224034,1.1424293296069372,15.0187285243814266,13.7082077614357249,4.4934853393442635,6.4870509781631025,9.6549093286041838,11.6005892862188507,5.8848236488111709,3.9444772530367618,5.3638191957772428,2.1076184752168734,0.6022273293519316,0.5490080863075018,1.0008482888757722,-0.6029091334262908,15.8424665313918460,16.4285170267452827,5.4526384316501773,6.0510341822218177,9.6870236239389449,11.6860040172551152,4.9320100343075985,4.1695858711118117,6.1554429074529002,4.7425130094901657,1.1190241479142196,1.2830525605383656
38,99.9423814742404062,99.7652456901526676,0.1007623870840039,80.1611365788278505,1.0612010041789812,0.0000000000000000,4008.6311948499223945,0.0000000000000000,0.0000000000000000,38.0688018920962676,16.1090888966591557,3.0681902344682652,14.2832272777804956,10.6375555766429137,151.2563548258660546,83.8357060909549432,15.9904824718058300,65.8779093010473531,55.3623558154972173,1.0123312286106130,1.1461290265059620,15.0201803511955365,13.7066261043282154,4.4947902760547160,6.4868126532060080,9.6559203893781067,11.6001446703018942,5.8850240073286848,3.9453118829825842,5.3642599618174298,2.1064814340263198,0.6017886458773234,0.5494783930721321,1.0008147995285648,-0.6086540413986512,15.8390317664705425,16.4313101702263644,5.4512502926374413,6.0515946929272362,9.6846048896260477,11.6884240853438186,4.9327293305864490,4.1681988067703353,6.1544268768444947,4.7428860848825458,1.1188653623407872,1.2830514858671056
39,99.9386064679465278,99.7623201178290060,0.1007695746758585,80.1598035014970662,1.0611980154394880,0.0000000000000000,4008.5082218043175999,0.0000000000000000,0.0000000000000000,38.0640519651332525,16.1070789307054945,3.0681076667990443,14.2832449660667251,10.6365650897338213,151.2531791732170063,83.8339459461832490,15.9911924552911771,65.8765585354303482,55.3633508273948891,1.0122826513912029,1.1495692001812170,15.0215069378149160,13.7051100014336953,4.4960279744664193,6.4865834650047969,9.6568366501495415,11.5997344793197215,5.8852267112190910,3.9460846093563404,5.3646702876653745,2.1053755221139729,0.6013567537857059,0.5499433651100788,1.0007853472721333,-0.6141400410832212,15.8357356372942224,16.4339261870205142,5.4499239322157953,6.0521160914836232,9.6822875214461348,11.6906794285136435,4.9334042961496056,4.1668752777193783,6.1534481158480867,4.7432467585068707,1.1187117953340175,1.2830486544964173
40,99.9351242625084950,99.7596003216217042,0.1007764920482310,80.1586260847273309,1.0611953195060091,0.0000000000000000,4008.3998309418479948,0.0000000000000000,0.0000000000000000,38.0595446562782840,16.1051716303592620,3.0680467257105457,14.2832702308627866,10.6356249084814412,151.2503468756347615,83.8323761102055158,15.9918835473664593,65.8753558538645478,55.3642951709746640,1.0122394781805557,1.1527768690404869,15.0227221469040160,13.7036532296582827,4.4972036000080644,6.4863608355273792,9.6576672649791817,11.5993539097494178,5.8854294440673351,3.9468003981650215,5.3650548819248352,2.1042993199088649,0.6009313914600439,0.5504032018430433,1.0007594959842752,-0.6193719291188646,15.8325763271487094,16.4363740569415882,5.4486573239704477,6.0526001775727201,9.6800692438204656,11.6927795644982897,4.9340370172204633,4.1656130110700111,6.1525070833282438,4.7435944924432967,1.1185631603522568,1.2830443129004370
41,99.9319176322482576,99.7570769808267812,0.1007831197045810,80.1575874417095804,1.0611928810607067,0.0000000000000000,4008.3044533186571243,0.0000000000000000,0.0000000000000000,38.0552741924054558,16.1033645526804747,3.0680037459734026,14.2833015303863355,10.6347334222951382,151.2478312255014714,83.8309817799940902,15.9925527079959799,65.8742859113232413,55.3651904899151006,1.0122011243317521,1.1557759929217415,15.0238382725405426,13.7022504236121652,4.4983218727169705,6.4861426298173308,9.6584204447560715,11.5989989239568771,5.8856303215265360,3.9474637763690956,5.3654178277844711,2.1032514996552889,0.6005123082907947,0.5508580963478746,1.0007368492224076,-0.6243555281089996,15.8295514149976650,16.4386626509466574,5.4474483959650373,6.0530487681188507,9.6779475177798950,11.6947337175174901,4.9346295733632077,4.1644097194084173,6.1516038972177691,4.7439289334291672,1.1184191947556426,1.2830386765566202
42,99.9289696652656119,99.7547404781595333,0.1007894443867202,80.1566722657000668,1.0611906685452202,0.0000000000000000,4008.2206651408009748,0.0000000000000000,0.0000000000000000,38.0512335634806291,16.1016547313224798,3.0679755218294940,14.2833375312244737,10.6338888385796473,151.2456070244359978,83.8297489890344849,15.9931976490346592,65.8733347344755913,55.3660386065970584,1.0121670629366277,1.1585878104030058,15.0248662085220044,13.7008969580965214,4.4993871079463084,6.4859270955252999,9.6591035516450106,11.5986661415377839,5.8858278320089159,3.9480788717537418,5.3657626568769938,2.1022308165587376,0.6000992635163837,0.5513082361925669,1.0007170473080611,-0.6290974899581165,15.8266579799166198,16.4408006758941454,5.4462950485487562,6.0534636802924009,9.6759195942591489,11.6965507890015772,4.9351840227926669,4.1632631153327626,6.1507383856574700,4.7442498868925673,1.1182796574997342,1.2830319332159938
43,99.9262638740802345,99.7525810461961839,0.1007954581200013,80.1558667051401983,1.0611886538183304,0.0000000000000000,4008.1471764481716491,0.0000000000000000,0.0000000000000000,38.0474148037831696,16.1000387955329636,3.0679592590175364,14.2833770849233570,10.6330892322045631,151.2436505691590583,83.8286645994908781,15.9938167251725130,65.8724896202168395,55.3668414729625979,1.0121368195395224,1.1612311414163354,15.0258156001191967,13.6995888450133929,4.5004032535253158,6.4857128094545740,9.6597231847945935,11.5983527442157754,5.8860207842878038,3.9486494493199205,5.3660924153246023,2.1012361007976175,0.5996920251667706,0.5517538042053954,1.0006997645444569,-0.6336051228513586,15.8238926935971662,16.4427966296415882,5.4451951698703045,6.0538467171125765,9.6739825610865875,11.6982393358789718,4.9357023900860453,4.1621709239908586,6.1499101325105778,4.7445572937626146,1.1181443270265314,1.2830242458794461
44,99.9237842829143403,99.7505888896919686,0.1008011573730352,80.1551582462244312,1.0611868118396985,0.0000000000000000,4008.0828204553276919,0.0000000000000000,0.0000000000000000,38.0438092334900446,16.0985130723820298,3.0679525309696576,14.2834192068932495,10.6323325874910193,151.2419396252616082,83.8277162876669593,15.9944088377625881,65.8717390393311746,55.3676011288184142,1.0121099673140590,1.1637226585077336,15.0266949807456029,13.6983226430937570,4.5013739236507710,6.4854986303964539,9.6602852580161862,11.5980563927791884,5.8862082612962805,3.9491789444677572,5.3664097227294176,2.1002662503145686,0.5992903691001734,0.5521949791830142,1.0006847065733866,-0.6378862396651286,15.8212519019980142,16.4446587652033465,5.4441466493144786,6.0541996553707120,9.6721333842478376,11.6998075553888619,4.9361866560319001,4.1611308938132598,6.1491185177501757,4.7448512098144828,1.1180129993388119,1.2830157555012187
45,99.9215154948244901,99.7487542868027219,0.1008065423202191,80.1545356027682772,1.0611851203782490,0.0000000000000000,4008.0265435388500919,0.0000000000000000,0.0000000000000000,38.0404076651401652,16.0970736741290565,3.0679532389019153,14.2834630574241643,10.6316168336255803,151.2404533912533395,83.8268925240793550,15.9949733502036135,65.8710725453441199,55.3683196666817778,1.0120861226603204,1.1660771297713097,15.0275118948970245,13.6970953790043790,4.5023024297707774,6.4852836575996236,9.6607950700978229,11.5977751546946308,5.8863895794756784,3.9496704932278650,5.3667168247992025,2.0993202243097482,0.5988940781239447,0.5526319365429125,1.0006716078747704,-0.6419490257466087,15.8187316971471681,16.4463950628130036,5.4431473890620250,6.0545242356178210,9.6703689439619129,11.7012632754894739,4.9366387493734827,4.1601408056221434,6.1483627531852560,4.7451317873235288,1.1178854862443381,1.2830065834398814
46,99.9194427415239517,99.7470676719066915,0.1008116161963884,80.1539886131835146,1.0611835597437831,0.0000000000000000,4007.9773958562868756,0.0000000000000000,0.0000000000000000,38.0372005790575400,16.0957165724542861,3.0679595755288180,14.2835079246232155,10.6309398743149615,151.2391724549406149,83.8261825492795651,15.9955100136697475,65.8704806885602920,55.3689992023594328,1.0120649411846963,1.1683076362062685,15.0282730086087088,13.6959044785425554,4.5031918087051501,6.4850671942797602,9.6612573683726879,11.5975074411764680,5.8865642530883315,3.9501269597798889,5.3670156402360201,2.0983970373660870,0.5985029411914287,0.5530648489252609,1.0006602294099347,-0.6458019241488309,15.8163279800281291,16.4480132088507638,5.4421953139584609,6.0548221539814246,9.6686860660693945,11.7026139500320827,4.9370605402242935,4.1591984802823809,6.1476419139587346,4.7453992588186802,1.1177616137571313,1.2829968336760802
47,99.9175519184181837,99.7455197024327447,0.1008163847338596,80.1535081443296633,1.0611821125404231,0.0000000000000000,4007.9345225782353737,0.0000000000000000,0.0000000000000000,38.0341782714077752,16.0944376611100033,3.0679699921412382,14.2835532090997948,10.6302996124076632,151.2380787439035146,83.8255763464052421,15.9960189020911159,65.8699549352298703,55.3696418505369437,1.0120461140288486,1.1704257659925990,15.0289842085774410,13.6947477067616301,4.5040448482304205,6.4848487156320163,9.6616764061191631,11.5972519526182616,5.8867319629646406,3.9505509614816163,5.3673078024582779,2.0974957541433676,0.5981167526673757,0.5534938867488044,1.0006503564078177,-0.6494535365528087,15.8140365154140987,16.4495205807028810,5.4412883798634049,6.0550950555970227,9.6670815491946911,11.7038666579625641,4.9374538349533550,4.1583017850480255,6.1469549662194076,4.7456539227403196,1.1176412206436677,1.2829865948153794
48,99.9158296070783507,99.7441013118360331,0.1008208556730202,80.1530860019867788,1.0611807634405168,0.0000000000000000,4007.8971557123368257,0.0000000000000000,0.0000000000000000,38.0313309781950935,16.0932328083907628,3.0679831687973853,14.2835984102389890,10.6296939701303739,151.2371554715868456,83.8250646113004763,15.9965003553920209,65.8694875917477844,55.3702497047343769,1.0120293645177161,1.1724417879536109,15.0296506910026846,13.6936231159908459,4.5048641103418214,6.4846278408604086,9.6620559943284547,11.5970076314067683,5.8868925292052436,3.9509448916166812,5.3675946966742307,2.0966154845840776,0.5977353116551647,0.5539192187251406,1.0006417962918503,-0.6529125382482430,15.8118529794477691,16.4509242367186843,5.4404245806382843,6.0553445294587736,9.6655521881082542,11.7050281058962931,4.9378203723562475,4.1574486387448024,6.1463007913395158,4.7458961308223913,1.1175241571025256,1.2829759418934816
49,99.9142630871162680,99.7428037506215901,0.1008250383384437,80.1527148476706373,1.0611794989776704,0.0000000000000000,4007.8646064959357318,0.0000000000000000,0.0000000000000000,38.0286489781671406,16.0920979006783114,3.0679979873877010,14.2836431139164048,10.6291209055151548,151.2363870802973906,83.8246387209213282,15.9969549300884601,65.8690717337542253,55.3708248210530769,1.0120144450994784,1.1743648062659684,15.0302770411142372,13.6925290008217715,4.5056519523896270,6.4844043087849181,9.6623995483370013,11.5967736212422494,5.8870458874052245,3.9513109400542299,5.3678774927772359,2.0957553795795216,0.5973584213796934,0.5543410123353975,1.0006343767441002,-0.6561876056780935,15.8097730007009343,16.4522309105208251,5.4396019539174620,6.0555721045119828,9.6640947936802988,11.7061046334887067,4.9381618209453197,4.1566370159173500,6.1456782070206355,4.7461262770321202,1.1174102835666631,1.2829649380001125
50,99.9128403391842994,99.7416186171001868,0.1008289432732517,80.1523881215017440,1.0611783073576240,0.0000000000000000,4007.8362583325824744,0.0000000000000000,0.0000000000000000,38.0261226772871268,16.0910288781865809,3.0680135073463437,14.2836869815197058,10.6285784255291862,151.2357591822049585,83.8242907006348901,15.9973833564316319,65.8687011399820364,55.3713692052045658,1.0120011345529667,1.1762028982894819,15.0308673042729115,13.6914638592318560,4.5064105462728605,6.4841779566297921,9.6627101297835694,11.5965492321822516,5.8871920680094441,3.9516511119998143,5.3681571744893430,2.0949146270496031,0.5969858886203482,0.5547594342730466,1.0006279439024133,-0.6592873551789840,15.8077921953881759,16.4534470090071530,5.4388185857955778,6.0557792468268090,9.6627062097850853,11.7071022210933311,4.9384797772086353,4.1558649500587448,6.1450859856030897,4.7463447879138210,1.1172994696181737,1.2829536357368330
51,99.9115500406131787,99.7405378793696968,0.1008325819251544,80.1520999708269528,1.0611771782857318,0.0000000000000000,4007.8115602466973542,0.0000000000000000,0.0000000000000000,38.0237426771516809,16.0900217639132030,3.0680289437941251,14.2837297401536194,10.6280645963610034,151.2352584992698326,83.8240131909233668,15.9977865013652796,65.8683702306733352,55.3718848023680650,1.0119892354402251,1.1779632372169804,15.0314250494557822,13.6904263591041637,4.5071418958598164,6.4839487016354393,9.6629904843159107,11.5963339107099905,5.8873311784464777,3.9519672450035057,5.3684345651398715,2.0940924483941736,0.5966175231889621,0.5551746508563108,1.0006223606855869,-0.6622202916691560,15.8059061973522503,16.4545786134575991,5.4380726145524925,6.0559673577083677,9.6613833274842520,11.7080264992620826,4.9387757647023678,4.1551305360294215,6.1445228698679983,4.7465521141955165,1.1171915930059997,1.2829420785230705
52,99.9103815550071772,99.7395538898345677,0.1008359663782249,80.1518451842924691,1.0611761028098603,0.0000000000000000,4007.7900208300507074,0.0000000000000000,0.0000000000000000,38.0214998294760136,16.0890726866952889,3.0680436479101703,14.2837711739152784,10.6275775512645190,151.2348728028706830,83.8237994139220888,15.9981653366347540,65.8680740103771853,55.3723734894770629,1.0119785717839300,1.1796522010872152,15.0319534258679184,13.6894153094822872,4.5078478527919588,6.4837165251717792,9.6632430754386895,11.5961272142044365,5.8874633877236526,3.9522610243785832,5.3687103504292288,2.0932880952778508,0.5962531374481268,0.5555868284133756,1.0006175052411752,-0.6649947661480411,15.8041106833854670,16.4556314832281814,5.4373622335264846,6.0561377726128924,9.6601230967889187,11.7088827596994705,4.9390512338551869,4.1544319317628000,6.1439875865965474,4.7467487235287109,1.1170865387577054,1.2829303017636848
53,99.9093249169476252,99.7386593934250669,0.1008391091250606,80.1516191310627448,1.0611750731775784,0.0000000000000000,4007.7712026535987206,0.0000000000000000,0.0000000000000000,38.0193852785360988,16.0881778991691640,3.0680570893418255,14.2838111161366275,10.6271154963154935,151.2345908537726018,83.8236431401460464,15.9985209114538236,65.8678080149261120,55.3728370695810810,1.0119689869510624,1.1812754695607506,15.0324552133579985,13.6884296359714881,4.5085301308155969,6.4834814590632694,9.6634701148630100,11.5959287892576235,5.8875889131976376,3.9525339971722140,5.3689850984949885,2.0925008467138646,0.5958925458656319,0.5559961336433829,1.0006132695101708,-0.6676189409758884,15.8024013944017980,16.4566110615759023,5.4366856932363676,6.0562917607531164,9.6589225362736624,11.7096759673333679,4.9393075623761034,4.1537673593458990,6.1434788581281374,4.7469350942425343,1.1169841983770132,1.2829183338904686
54,99.9083708128022181,99.7378475305325196,0.1008420228745126,80.1514177048859011,1.0611740827065632,0.0000000000000000,4007.7547171182241073,0.0000000000000000,0.0000000000000000,38.0173904932470776,16.0873337913445553,3.0680688404746479,14.2838494424994895,10.6266767143928398,151.2344023429603794,83.8235386556960123,15.9988543291939340,65.8675682623864134,55.3732772679711474,1.0119603417258438,1.1828381097270668,15.0329328672555906,13.6874683597620326,4.5091903187743725,6.4832435738652192,9.6636735896887256,11.5957383533462632,5.8877080092640330,3.9527875848184073,5.3692592775668642,2.0917300064157702,0.5955355646011860,0.5564027339559650,1.0006095579026340,-0.6701007619999579,15.8007741529278292,16.4575224832145679,5.4360413028438481,6.0564305252883770,9.6577787407903113,11.7104107732108851,4.9395460561689859,4.1531351055547683,6.1429954121375179,4.7471117100036828,1.1168844691193909,1.2829061972890796
55,99.9075105585019685,99.7371118355525397,0.1008447203906529,80.1512372727088405,1.0611731256672088,0.0000000000000000,4007.7402197182868804,0.0000000000000000,0.0000000000000000,38.0155072903652780,16.0865369004227112,3.0680785623960163,14.2838860649370041,10.6262595676591083,151.2342978337620139,83.8234807301797673,15.9991667276152327,65.8673512077718328,55.3736957297955072,1.0119525125562490,1.1843446520922516,15.0333885581926978,13.6865305798090873,4.5098298923848459,6.4830029688578215,9.6638552867230469,11.5955556794202543,5.8878209577359168,3.9530230945929694,5.3695332714696509,2.0909749003888329,0.5951820111219043,0.5568067977918768,1.0006062860782110,-0.6724479366832803,15.7992248773376609,16.4583705832519094,5.4354274310388346,6.0565552040063686,9.6566888875065793,11.7110915279688186,4.9397679506678536,4.1525335219167818,6.1425359898310816,4.7472790552830917,1.1167872533385148,1.2828939091220526
56,99.9067360750286468,99.7364462318153358,0.1008472143591092,80.1510746275534132,1.0611721971764791,0.0000000000000000,4007.7274056924748038,0.0000000000000000,0.0000000000000000,38.0137278501306923,16.0857839174156148,3.0680859923979358,14.2839209262430007,10.6258624987811636,151.2342687056004422,83.8234645855358167,15.9994592622104932,65.8671537013104142,55.3740940189255255,1.0119453899597590,1.1857991577859543,15.0338242074215849,13.6856154577560805,4.5104502249075509,6.4827597635486303,9.6640168142135856,11.5953805830204768,5.8879280597052563,3.9532417299804510,5.3698073932079993,2.0902348747356028,0.5948317038433735,0.5572084949270997,1.0006033798255056,-0.6746679174760217,15.7977495932169365,16.4591599072038832,5.4348425064224202,6.0566668704138458,9.6556502404729905,11.7117222956647069,4.9399744125168690,4.1519610243646889,6.1420993527439460,4.7474376115391772,1.1166924578969768,1.2828814820577308
57,99.9060398622459331,99.7358450235790031,0.1008495172772823,80.1509269453741950,1.0611712931021040,0.0000000000000000,4007.7160060369915300,0.0000000000000000,0.0000000000000000,38.0120447255099378,16.0850716910572231,3.0680909328752248,14.2839539953176704,10.6254840311013741,151.2343070996350320,83.8234858659045301,15.9997330922746599,65.8669729500565211,55.3744736178617458,1.0119388770750952,1.1872052779276530,15.0342415180938538,13.6847222052357296,4.5110525968164774,6.4825140904963892,9.6641596212499081,11.5952129115831220,5.8880296287030198,3.9534446000538641,5.3700818968439457,2.0895092936526076,0.5944844617933698,0.5576079967626135,1.0006007740342959,-0.6767678897460847,15.7963444422040329,16.4598947218225184,5.4342850174548456,6.0567665351630673,9.6546601539018120,11.7123068677867899,4.9401665415279803,4.1514160925406678,6.1416842883022209,4.7475878540357277,1.1165999936350872,1.2828689249141783
58,99.9054149716161248,99.7353028856767594,0.1008516413815797,80.1507917456268899,1.0611704099762724,0.0000000000000000,4007.7057838570658532,0.0000000000000000,0.0000000000000000,38.0104508460613886,16.0843972294390198,3.0680932445546181,14.2839852629844053,10.6251227679430507,151.2344058664931481,83.8235406086576376,15.9999893693574489,65.8668064826424882,55.3748359284977880,1.0119328883477419,1.1885663060002383,15.0346420029229542,13.6838500732251003,4.5116382045613985,6.4822660892890323,9.6642850150656461,11.5950525356277812,5.8881259849934517,3.9536327279595183,5.3703569878573081,2.0887975375973205,0.5941401042955802,0.5580054766018804,1.0005984117547113,-0.6787547636558671,15.7950056886225436,16.4605790265102776,5.4337535120289493,6.0568551477494790,9.6537160743234907,11.7128487772901053,4.9403453728573705,4.1508972688025310,6.1412896142990530,4.7477302492201705,1.1165097748921087,1.2828562432264181
59,99.9048549790346527,99.7348148520984097,0.1008535984948868,80.1506668552888470,1.0611695449180334,0.0000000000000000,4007.6965310335599497,0.0000000000000000,0.0000000000000000,38.0089395180927667,16.0837577000766956,3.0680928224553181,14.2840147383187102,10.6247773912096477,151.2345585162332782,83.8236252166647660,16.0002292277900757,65.8666521169701440,55.3751822735825598,1.0119273483380151,1.1898852239963631,15.0350270086126692,13.6829983431691868,4.5122081685093001,6.4820159015269336,9.6643941764526016,11.5948993415626553,5.8882174508560352,3.9538070585913685,5.3706328321600676,2.0880990016065311,0.5937984506708988,0.5584011099179316,1.0005962433376387,-0.6806351694372683,15.7937297241877292,16.4612165651261364,5.4332465967233752,6.0569335984239006,9.6528155417693071,11.7133513125310742,4.9405118793492084,4.1504031569787241,6.1409141824184221,4.7478652525950631,1.1164217190746919,1.2828434397446515
60,99.9043539534681457,99.7343762992477139,0.1008554001350916,80.1505503760835012,1.0611686955636623,0.0000000000000000,4007.6880651824599227,0.0000000000000000,0.0000000000000000,38.0075044171990726,16.0831504267525247,3.0680896188981968,14.2840424454354373,10.6244466594161704,151.2347591706363517,83.8237364318502927,16.0004537770130639,65.8665079306480692,55.3755138987436837,1.0119221906413096,1.1911647430270929,15.0353977373979628,13.6821663196213752,4.5127635401438289,6.4817636666788605,9.6644881734793415,11.5947532258722923,5.8883043467247695,3.9539684655320135,5.3709095639186213,2.0874130937490833,0.5934593199540914,0.5587950746118150,1.0005942256507887,-0.6824154555753417,15.7925130710408173,16.4618108380175201,5.4327629357840319,6.0570027202696632,9.6519561901135908,11.7138175309953816,4.9406669740019566,4.1499324209135580,6.1405568809272273,4.7479933070221367,1.1163357462677066,1.2828305148704739
61,99.9039064335768927,99.7339829361100669,0.1008570573081942,80.1504406546723942,1.0611678600043100,0.0000000000000000,4007.6802268860692493,0.0000000000000000,0.0000000000000000,38.0061395857214706,16.0825728884400760,3.0680836060765131,14.2840684206856565,10.6241294052719901,151.2350025178817816,83.8238713100718940,16.0006640954609409,65.8663722339867377,55.3758319749527388,1.0119173569109765,1.1924073390134389,15.0357552660114173,13.6813533241795096,4.5133053085947461,6.4815095186928442,9.6645679736892234,11.5946140904819615,5.8883869880690298,3.9541177573307036,5.3711872923221939,2.0867392336975485,0.5931225306238147,0.5591875512640422,1.0005923213651067,-0.6841016894658001,15.7913523833385945,16.4623651141377145,5.4323012498770469,6.0570632914014908,9.6511357466947469,11.7142502727333948,4.9408115125184411,4.1494837828395426,6.1402166366438484,4.7481148414043197,1.1162517788830502,1.2828174670375041
62,99.9035073966084326,99.7336307856725881,0.1008585805605345,80.1503362555917107,1.0611670367302897,0.0000000000000000,4007.6728771757257164,0.0000000000000000,0.0000000000000000,38.0048394197473129,16.0820227138031804,3.0680747854762780,14.2840927102190793,10.6238245329179826,151.2352837696309962,83.8240271973337059,16.0008612257873324,65.8662435453726260,55.3761376013307327,1.0119127959750034,1.1936152840190246,15.0361005623580404,13.6805586905234140,4.5138344065630402,6.4812535832576801,9.6646344549365963,11.5944818391185098,5.8884656829135293,3.9542556831824873,5.3714661074214431,2.0860768514049042,0.5927879003441507,0.5595787233805533,1.0005904983063973,-0.6856996601599192,15.7902444476016601,16.4628824431311003,5.4318603146516313,6.0571160372487638,9.6503520313214892,11.7146521734344589,4.9409462959063823,4.1490560216093462,6.1398924162801709,4.7482302696966396,1.1161697413423812,1.2828042930422847
63,99.9031522318833680,99.7333161699736053,0.1008599799411889,80.1502359367214154,1.0611662245814126,0.0000000000000000,4007.6658952469397263,0.0000000000000000,0.0000000000000000,38.0035986582686576,16.0814976766082651,3.0680631796290267,14.2841153678721557,10.6235310149056339,151.2355986205142244,83.8242017073312411,16.0010461712380980,65.8661205688492544,55.3764318082063909,1.0119084630383870,1.1947906737251177,15.0364345001536961,13.6797817603837437,4.5143517157015278,6.4809959756226521,9.6646884150051946,11.5943563745101343,5.8885407299066710,3.9543829380669080,5.3717460851485015,2.0854253858736080,0.5924552457159814,0.5599687776346203,1.0005887288672939,-0.6872148828548053,15.7891861820025294,16.4633656672882971,5.4314389591468846,6.0571616328909013,9.6496029547588549,11.7150256770862526,4.9410720731008304,4.1486479708160964,6.1395832272436746,4.7483399902020444,1.1160895597900704,1.2827909883307884
64,99.9028367141491458,99.7330356941127718,0.1008612649892261,80.1501386270874292,1.0611654227028218,0.0000000000000000,4007.6591763889496178,0.0000000000000000,0.0000000000000000,38.0024123700487024,16.0809956901668087,3.0680488275942928,14.2841364533458091,10.6232478889931699,151.2359432099906940,83.8243927003120319,16.0012198930030500,65.8660021737416201,55.3767155603522880,1.0119043189637160,1.1959354514974603,15.0367578717569064,13.6790218802936892,4.5148580715053681,6.4807367988940534,9.6647305801389312,11.5942375962880142,5.8886124168573790,3.9545001673993556,5.3720272916179752,2.0847842840056758,0.5921243820366747,0.5603579041060128,1.0005869894749604,-0.6886526048284605,15.7881746347548120,16.4638174332910268,5.4310360640725639,6.0572007054173644,9.6488865167779885,11.7153730481782290,4.9411895435844002,4.1482585168271777,6.1392881179768226,4.7484443851127969,1.1160111618329640,1.2827775472453860
65,99.9025569777627993,99.7327862302366981,0.1008624447278107,80.1500434068091181,1.0611646305058140,0.0000000000000000,4007.6526301116614377,0.0000000000000000,0.0000000000000000,38.0012759393985604,16.0805148013166708,3.0680317810307165,14.2841560306403252,10.6229742548218873,151.2363140865389823,83.8245982632276139,16.0013833083948072,65.8658873761687857,55.3769897603370964,1.0119003296230662,1.1970514294480203,15.0370713994009293,13.6782783989939531,4.5153542677620457,6.4804761427366699,9.6647616126029678,11.5941253994704994,5.8886810196699848,3.9546079712433762,5.3723097867979615,2.0841529995234542,0.5917951230666855,0.5607462965186698,1.0005852601101426,-0.6900178125539451,15.7872069817461753,16.4642402036815803,5.4306505599901431,6.0572338362887983,9.6482008038437534,11.7156963834192105,4.9412993599849271,4.1478865967534624,6.1390061779024219,4.7485438202623715,1.1159344763038717,1.2827639632366803
66,99.9023094918019297,99.7325649016527080,0.1008635276639921,80.1499494890177573,1.0611638476331891,0.0000000000000000,4007.6461784541024826,0.0000000000000000,0.0000000000000000,38.0001850511877564,16.0800531840791763,3.0680121007898440,14.2841741667181861,10.6227092705261335,151.2367081741116408,83.8248166911406258,16.0015372897238066,65.8657753222995694,55.3772552519394239,1.0118964653148799,1.1981403068518581,15.0373757450119108,13.6775506653784280,4.5158410606058021,6.4802140824172110,9.6647821173813888,11.5940196734266650,5.8887468016154161,3.9547069081277688,5.3725936276305228,2.0835309919517635,0.5914672808017946,0.5611341524780337,1.0005835238734633,-0.6913152397614919,15.7862805235414694,16.4646362680054423,5.4302814254172684,6.0572615636796385,9.6475439865056245,11.7159976229487839,4.9414021306337039,4.1475311963730714,6.1387365370358449,4.7486386450566602,1.1158594330459350,1.2827502290441970
67,99.9020910361816874,99.7323690672000822,0.1008645217931405,80.1498562035801285,1.0611630739286866,0.0000000000000000,4007.6397544594169631,0.0000000000000000,0.0000000000000000,37.9991356753621403,16.0796091331077591,3.0679898539723869,14.2841909303684549,10.6224521493214326,151.2371227407846845,83.8250464698484166,16.0016826637514242,65.8656652732116754,55.3775128235811778,1.0118927002399993,1.1992036862415940,15.0376715187799874,13.6768380268829102,4.5163191722174032,6.4799506781343776,9.6647926481074382,11.5939203012299359,5.8888100128845542,3.9547974985082521,5.3728788706725483,2.0829177256529738,0.5911406652498236,0.5615216737091513,1.0005817665950927,-0.6925493762460846,15.7853926818669859,16.4650077535870096,5.4299276848756062,6.0572843847857261,9.6469143165490472,11.7162785610301903,4.9414984220704188,4.1471913480260589,6.1384783653179378,4.7487291925568176,1.1157859627153075,1.2827363368495470
68,99.9018986788265408,99.7321963059771832,0.1008654346071353,80.1497629824754085,1.0611623094101208,0.0000000000000000,4007.6333008024748779,0.0000000000000000,0.0000000000000000,37.9981240511987863,16.0791810570253091,3.0679651113921396,14.2842063912491071,10.6222021561073436,151.2375553695154338,83.8252862596751669,16.0018202116192398,65.8655565912262944,55.3777632117417937,1.0118890120314954,1.2002430874668573,15.0379592866327538,13.6761398282325430,4.5167892942063634,6.4796859745873636,9.6647937123126901,11.5938271593251656,5.8888708903766052,3.9548802279097961,5.3731655743200637,2.0823126689073770,0.5908150842107580,0.5619090662965672,1.0005799764841690,-0.6937244772452456,15.7845409956733924,16.4653566359085453,5.4295884068994154,6.0573027580834200,9.6463101239573668,11.7165408562192344,4.9415887614836285,4.1468661284940991,6.1382308717160265,4.7488157796893109,1.1157139965997915,1.2827222784053161
69,99.9017297539299562,99.7320444025059629,0.1008662731055252,80.1496693466821455,1.0611615542458483,0.0000000000000000,4007.6267685571660877,0.0000000000000000,0.0000000000000000,37.9971466714903627,16.0787674717316769,3.0679379453981364,14.2842206190862431,10.6219586041154450,151.2380039309212805,83.8255348803842111,16.0019506691653923,65.8654487275959042,55.3780071043251567,1.0118853813333886,1.2012599599752818,15.0382395767450596,13.6754554104750934,4.5172520907092775,6.4794200007406397,9.6647857760729288,11.5937401174431720,5.8889296576813370,3.9549555497822833,5.3734538006721317,2.0817152930319209,0.5904903430593028,0.5622965409269943,1.0005781438146046,-0.6948445732358461,15.7837231168624559,16.4656847485712667,5.4292627020196997,6.0573171055292576,9.6457298137277920,11.7167860410096480,4.9416736390779601,4.1465546568770835,6.1379933031346638,4.7488987075616178,1.1156434664512977,1.2827080451426165
70,99.9015818413157461,99.7319113323928406,0.1008670438089723,80.1495748944444841,1.0611608087342324,0.0000000000000000,4007.6201160912578416,0.0000000000000000,0.0000000000000000,37.9962002668169987,16.0783669937481939,3.0679084280098645,14.2842336830110845,10.6217208516264563,151.2384665579847081,83.8257912971579913,16.0020747275485249,65.8653412114334031,55.3782451439549561,1.0118817914237597,1.2022556935430693,15.0385128852046357,13.6747841102377254,4.5177082012348055,6.4791527697485964,9.6647692681205157,11.5936590387066865,5.8889865252196163,3.9550238880991153,5.3737436170841182,2.0811250715310385,0.5901662445289803,0.5626843131356902,1.0005762606441237,-0.6959134800197830,15.7829368057514330,16.4659937928247295,5.4289497207365542,6.0573278146914724,9.6451718625789074,11.7170155309600368,4.9417535103612842,4.1462560924766070,6.1377649431725256,4.7489782618646936,1.1155743043301880,1.2826936282599477
71,99.9014527469012279,99.7317952485303891,0.1008677527743998,80.1494792907935931,1.0611600732858046,0.0000000000000000,4007.6133080777080977,0.0000000000000000,0.0000000000000000,37.9952817900345892,16.0779783336537854,3.0678766293248865,14.2842456510180273,10.6214882987757946,151.2389416225849459,83.8260546075904500,16.0021930341120751,65.8652336397755676,55.3784779311782032,1.0118782278781260,1.2032316276580417,15.0387796809404453,13.6741252591537261,4.5181582432830041,6.4788842790084527,9.6647445834859980,11.5935837798798680,5.8890416905115055,3.9550856397255720,5.3740350974544473,2.0805414792738586,0.5898425884969469,0.5630726035574324,1.0005743205636195,-0.6969348089886793,15.7821799263390936,16.4662853466572940,5.4286486514903194,6.0573352408066850,9.6446348155819628,11.7172306333116047,4.9418287983469495,4.1459696326945936,6.1375451107571308,4.7490547133456884,1.1155064424597358,1.2826790187957255
72,99.9013404842521737,99.7316944678711224,0.1008684056113308,80.1493822582137483,1.0611593484078414,0.0000000000000000,4007.6063146121077807,0.0000000000000000,0.0000000000000000,37.9943884010833415,16.0776002896566119,3.0678426161620158,14.2842565895286278,10.6212603844625271,151.2394277137604206,83.8263240296386414,16.0023061934298205,65.8651256686851241,55.3787060275643555,1.0118746782693293,1.2041890597352563,15.0390404100089388,13.6734781834136516,4.5186028147641144,6.4786145103142392,9.6647120867250891,11.5935141917210274,5.8890953385454576,3.9551411765811695,5.3743283232838488,2.0799639916926247,0.5895191717687812,0.5634616381829453,1.0005723184741326,-0.6979119774737867,15.7814504414281132,16.4665608734456939,5.4283587186403359,6.0573397087568388,9.6441172827433022,11.7174325551091343,4.9418998956677314,4.1456945109537306,6.1373331586848110,4.7491283183365578,1.1154398130891074,1.2826642076866051
73,99.9012432572078666,99.7316074587906201,0.1008690074989818,80.1492835683469309,1.0611586346911004,0.0000000000000000,4007.5991104267027367,0.0000000000000000,0.0000000000000000,37.9935174521972954,16.0772317413353498,3.0678064509063616,14.2842665630482433,10.6210365833727067,151.2399236175994304,83.8265988904770154,16.0024147684807652,65.8650170052986823,55.3789299586873440,1.0118711319004905,1.2051292523245660,15.0392954993228862,13.6728422034022810,4.5190424962395497,6.4783434300886471,9.6646721147813448,11.5934501194046931,5.8891476422260984,3.9551908476179451,5.3746233845415405,2.0793920839975879,0.5891957878625484,0.5638516486216050,1.0005702503889573,-0.6988482191037466,15.7807464076505912,16.4668217301664335,5.4280791804584894,6.0573415149629337,9.6436179355610250,11.7176224108402547,4.9419671665995200,4.1454299946449975,6.1371284720895662,4.7491993193261788,1.1153743483634140,1.2826491858134923
74,99.9011594435471579,99.7315328290486320,0.1008695632037452,80.1491830346421352,1.0611579327984892,0.0000000000000000,4007.5916741923151676,0.0000000000000000,0.0000000000000000,37.9926664735771311,16.0768716435765526,3.0677681905262246,14.2842756339034302,10.6208164031251435,151.2404282986611292,83.8268786161996644,16.0025192819111943,65.8649074007387014,55.3791502169833336,1.0118675795679088,1.2060534394512370,15.0395453598981614,13.6722166333887749,4.5194778530057560,6.4780709896728865,9.6646249795295525,11.5933914029847003,5.8891987628813798,3.9552349806345330,5.3749203803686099,2.0788252304040742,0.5888722267915066,0.5642428723712227,1.0005681132585813,-0.6997465941059904,15.7800659704359028,16.4670691751755705,5.4278093271432084,6.0573409291935230,9.6431355035749675,11.7178012296102878,4.9420309489940069,4.1451753831062845,6.1369304668609335,4.7492679455652844,1.1153099801995159,1.2826339440369234
75,99.9010875796622457,99.7314693143489137,0.1008700770967387,80.1490805058615621,1.0611572434554504,0.0000000000000000,4007.5839879001073314,0.0000000000000000,0.0000000000000000,37.9918331595712928,16.0765190207270905,3.0677278857341355,14.2842838620498433,10.6205993815447961,151.2409408828301594,83.8271627223173255,16.0026202173453171,65.8647966438117152,55.3793672644795265,1.0118640133510644,1.2069628322141099,15.0397903896852139,13.6716007812427218,4.5199094370396420,6.4777971256578537,9.6645709700399642,11.5933378778749336,5.8892488508129839,3.9552738839439558,5.3752194196452496,2.0782629033677891,0.5885482748448697,0.5646355530956859,1.0005659048163553,-0.7006099995001733,15.7794073589537298,16.4673043755666377,5.4275484788583022,6.0573381962870236,9.6426687709257450,11.7179699618714590,4.9420915561206256,4.1449300056349827,6.1367385880279839,4.7493344136951796,1.1152466401663979,1.2826184732233197
76,99.9010263461981651,99.7314157674891248,0.1008705531711632,80.1489758603632936,1.0611565674418737,0.0000000000000000,4007.5760363159020017,0.0000000000000000,0.0000000000000000,37.9910153553961436,16.0761729609746737,3.0676855802671734,14.2842913049414264,10.6203850840666014,151.2414606415075582,83.8274508049950242,16.0027180207142976,65.8646845554218743,55.3795815353903507,1.0118604264271518,1.2078586237508429,15.0400309760443935,13.6709939481533826,4.5203377888226157,6.4775217602426061,9.6645103545992921,11.5932893753286503,5.8892980458765241,3.9553078479113912,5.3755206214451006,2.0777045728247323,0.5882237143660821,0.5650299409112246,1.0005636234429758,-0.7014411791427388,15.7787688810590545,16.4675284141191511,5.4272959837998203,6.0573335377879589,9.6422165729353324,11.7181294857266138,4.9421492784189365,4.1446932195363893,6.1365523081237221,4.7493989283925364,1.1151842593690227,1.2826027642634308
77,99.9009745546167949,99.7313711480894369,0.1008709950592442,80.1488690010891247,1.0611559055853588,0.0000000000000000,4007.5678065004085511,0.0000000000000000,0.0000000000000000,37.9902110444138472,16.0758326109644187,3.0676413102637485,14.2842980174529668,10.6201731012708116,151.2419869770476168,83.8277425329802242,16.0028131015773170,65.8645709836361561,55.3797934385809256,1.0118568129078174,1.2087419936664006,15.0402674979173749,13.6703954283333839,4.5207634390586255,6.4772448016085633,9.6644433825203500,11.5932457229009600,5.8893464780804541,3.9553371463765683,5.3758241153970259,2.0771497054324248,0.5878983235281088,0.5654262926820569,1.0005612680480100,-0.7022427335917421,15.7781489182605767,16.4677422958524424,5.4270512162930178,6.0573271534981092,9.6417777927188588,11.7182806128285009,4.9422043851634099,4.1444644082088651,6.1363711255417179,4.7494616830239407,1.1151227683346998,1.2825868080841525
78,99.9009311346385260,99.7313345128820856,0.1008714060485793,80.1487598511902490,1.0611552587556687,0.0000000000000000,4007.5592873893006072,0.0000000000000000,0.0000000000000000,37.9894183359756781,16.0754971706546392,3.0675951037160130,14.2843040518490607,10.6199630465489783,151.2425194093506775,83.8280376401717433,16.0029058344138164,65.8644557993411865,55.3800033598983177,1.0118531676960139,1.2096141120090671,15.0405003277407836,13.6698045086916427,4.5211869103002851,6.4769661442999951,9.6643702857688112,11.5932067448822771,5.8893942681947227,3.9553620379741208,5.3761300419719724,2.0765977638093660,0.5875718761052728,0.5658248723261639,1.0005588379668884,-0.7030171297695063,15.7775459207293931,16.4679469542012527,5.4268135749205886,6.0573192229443373,9.6413513578348535,11.7184240938963349,4.9422571260432608,4.1442429792658597,6.1361945628945396,4.7495228603049187,1.1150620969010767,1.2825705956547284
79,99.9008951225132478,99.7313050065388467,0.1008717890977462,80.1486483502327474,1.0611546278602308,0.0000000000000000,4007.5504694277492490,0.0000000000000000,0.0000000000000000,37.9886354538294384,16.0751658884113695,3.0675469799789510,14.2843094577937748,10.6197545538985985,151.2430575635264631,83.8283359187820167,16.0029965598708372,65.8643388924389797,55.3802116643727018,1.0118494863611045,1.2104761428670550,15.0407298331424713,13.6692204684633332,4.5216087184958464,6.4766856696033397,9.6642912804323071,11.5931722626934253,5.8894415283621235,3.9553827673639064,5.3764385527101650,2.0760482057699088,0.5872441412412162,0.5662259511319403,1.0005563328719136,-0.7037667104087557,15.7769584023602771,16.4681432568311017,5.4265824806823755,6.0573099067654859,9.6409362369787193,11.7185606238718165,4.9423077326605345,4.1440283626941277,6.1360221653815579,4.7495826329592834,1.1150021741049516,1.2825541179882474
80,99.9008656500732144,99.7312818530140248,0.1008721468510564,80.1485344509287216,1.0611540138405506,0.0000000000000000,4007.5413442544731879,0.0000000000000000,0.0000000000000000,37.9878607250820721,16.0748380563378142,3.0674969493182567,14.2843142823956715,10.6195472758430896,151.2436011585471931,83.8286372130479265,16.0030855859527676,65.8642201685330519,55.3804186982915354,1.0118457650305481,1.2113292476492639,15.0409563784559630,13.6686425787873436,4.5220293744686799,6.4764032459195180,9.6642065680542686,11.5931420952354376,5.8894883627069392,3.9553995663822090,5.3767498104016944,2.0755004835519055,0.5869148832125788,0.5666298080864708,1.0005537526959847,-0.7044937032745828,15.7763849358941588,16.4683320111126719,5.4263573751860461,6.0572993480214343,9.6405314367223127,11.7186908467371325,4.9423564199502490,4.1438200090468387,6.1358534991718461,4.7496411643755421,1.1149429280711853,1.2825373661392074
81,99.9008419345181267,99.7312643473758556,0.1008724816523742,80.1484181163457521,1.0611534176694202,0.0000000000000000,4007.5319044310472236,0.0000000000000000,0.0000000000000000,37.9870925697016304,16.0745130058320207,3.0674450124808690,14.2843185702842383,10.6193408814728354,151.2441499968147411,83.8289414134482485,16.0031731891465512,65.8640995460615102,55.3806247911516110,1.0118420002967274,1.2121745881044710,15.0411803260839818,13.6680701022240321,4.5224493853398977,6.4761187291250719,9.6641163368522971,11.5931160591893345,5.8895348679370407,3.9554126551237103,5.3770639892316847,2.0749540430346975,0.5865838611880312,0.5670367302161875,1.0005510975678824,-0.7052002301611395,15.7758241481068797,16.4685139692754312,5.4261377188674391,6.0572876734278065,9.6401359983005328,11.7188153600174765,4.9424033875267543,4.1436173876696136,6.1356881498063487,4.7496986092579538,1.1148842859010519,1.2825203311978250
82,99.9008232688836273,99.7312518480965480,0.1008727955579427,80.1482993175521443,1.0611528403488062,0.0000000000000000,4007.5221432125686079,0.0000000000000000,0.0000000000000000,37.9863294905371660,16.0741901033637369,3.0673911602725874,14.2843223637141872,10.6191350546023671,151.2447039545687630,83.8292484513872864,16.0032596154777700,65.8639769538379625,55.3808302574932227,1.0118381891376302,1.2130133291249514,15.0414020377378961,13.6675022922081677,4.5228692559038617,6.4758319629193046,9.6640207628385575,11.5930939692630250,5.8895811339369919,3.9554222429631927,5.3773812748993386,2.0744083229451435,0.5862508289823123,0.5674470129406695,1.0005483677580693,-0.7058883156676536,15.7752747150660575,16.4686898332615748,5.4259229892386305,6.0572749945204354,9.6397489944442043,11.7189347189909441,4.9424488209610002,4.1434199849569753,6.1355257206218532,4.7497551142706289,1.1148261735594347,1.2825030042816556
83,99.9008090131468407,99.7312437697748493,0.1008730903481866,80.1481780316618853,1.0611522829083213,0.0000000000000000,4007.5120543563762112,0.0000000000000000,0.0000000000000000,37.9855700638302878,16.0738687464593006,3.0673353731283366,14.2843257026948010,10.6189294920378252,151.2452629730720730,83.8295582943092370,16.0033450814984590,65.8638523289670843,55.3810353986230695,1.0118343288503362,1.2138466413729336,15.0416218755761886,13.6669383924338508,4.5232894899654967,6.4755427791559610,9.6639200108574919,11.5930756383842990,5.8896272443510052,3.9554285295251290,5.3777018647186949,2.0738627540495527,0.5859155348049561,0.5678609604403680,1.0005455636340985,-0.7065598957631973,15.7747353574550253,16.4688602593021258,5.4257126791611610,6.0572614087540027,9.6393695262568784,11.7190494406284031,4.9424928929936804,4.1432273026361424,6.1353658311981469,4.7498108186737245,1.1147685157603224,1.2824853765250186
84,99.9007985859200147,99.7312395762569963,0.1008733675384882,80.1480542402458980,1.0611517464041813,0.0000000000000000,4007.5016319659257533,0.0000000000000000,0.0000000000000000,37.9848129301872248,16.0735483598814071,3.0672776206611108,14.2843286251423489,10.6187239019482771,151.2458270505100018,83.8298709412082985,16.0034297752112948,65.8637256151035473,55.3812405042310729,1.0118304169964119,1.2146757037604594,15.0418402032615273,13.6663776361699103,4.5237105916475722,6.4752509981591970,9.6638142355542378,11.5930608778404078,5.8896732771557900,3.9554317056085280,5.3780259677072904,2.0733167583295016,0.5855777210034065,0.5682788860390443,1.0005426856248112,-0.7072168261550313,15.7742048359601732,16.4690258622376824,5.4255062951412638,6.0572470005398058,9.6389967201318854,11.7191600072861917,4.9425357646896817,4.1430388560746447,6.1352081158282887,4.7498658549514898,1.1147112358501243,1.2824674390666189
85,99.9007914566912518,99.7312387741311426,0.1008736283889535,80.1479279280833481,1.0611512319185601,0.0000000000000000,4007.4908703674145727,0.0000000000000000,0.0000000000000000,37.9840567859773941,16.0732283919893426,3.0672178611761463,14.2843311670539901,10.6185180023342198,151.2463962345526056,83.8301864185061731,16.0035138569390938,65.8635967610293562,55.3814458539093337,1.0118264513585460,1.2155017058061990,15.0420573869529122,13.6658192455059915,4.5241330666754962,6.4749564290247932,9.6637035822852653,11.5930494973663549,5.8897193052245429,3.9554319540737604,5.3783538046676451,2.0727697481396365,0.5852371238002502,0.5687011126017359,1.0005397341926252,-0.7078608904789156,15.7736819467154525,16.4691872196068090,5.4253033556434094,6.0572318422278864,9.6386297247045150,11.7192668701743141,4.9425775865395343,4.1428541726077128,6.1350522220109376,4.7499203494324949,1.1146542556883523,1.2824491830356961
86,99.9007871385653914,99.7312409065598473,0.1008738739132174,80.1477990822295396,1.0611507405592642,0.0000000000000000,4007.4797640171536841,0.0000000000000000,0.0000000000000000,37.9833003751196543,16.0729083112632836,3.0671560411371681,14.2843333627023608,10.6183115195855624,151.2469706155293920,83.8305047762691231,16.0035974601543742,65.8634657195271842,55.3816517185795334,1.0118224299079637,1.2163258498848002,15.0422737962461639,13.6652624305312305,4.5245574236465202,6.4746588699088159,9.6635881879810555,11.5930413051855759,5.8897653968845072,3.9554294506974297,5.3786856082651093,2.0722211253456542,0.5848934730243087,0.5691279729490910,1.0005367098133024,-0.7084938083347136,15.7731655167955171,16.4693448755258984,5.4251033894179193,6.0572159950392397,9.6382677078330392,11.7193704526229645,4.9426184995139657,4.1426727898809714,6.1348978089624779,4.7499744229029348,1.1145974955252738,1.2824305995369480
87,99.9007851814704679,99.7312455474263686,0.1008741048863612,80.1476676913828783,1.0611502734596450,0.0000000000000000,4007.4683074381764527,0.0000000000000000,0.0000000000000000,37.9825424812149777,16.0725876029751902,3.0670920945717275,14.2843352448505616,10.6181041871211779,151.2475503201789024,83.8308260847435491,16.0036806922883912,65.8633324465323113,55.3818583618372173,1.0118183507823904,1.2171493533765805,15.0424898050732825,13.6647063884490390,4.5249841752897080,6.4743581083070447,9.6634681819689057,11.5930361080082562,5.8898116164716825,3.9554243650007841,5.3790216231043768,2.0716702804407841,0.5845464918353621,0.5695598102889237,1.0005336129626710,-0.7091172431936830,15.7726543997468500,16.4694993443847046,5.4249059338379588,6.0571995099541249,9.6379098536010890,11.7194711531702129,4.9426586360779527,4.1424942542035392,6.1347445461457610,4.7500281912144899,1.1145408738761720,1.2824116796344194
88,99.9007851657885766,99.7312522957619052,0.1008743218520460,80.1475337455356396,1.0611498317786783,0.0000000000000000,4007.4564951848947203,0.0000000000000000,0.0000000000000000,37.9817819199807900,16.0722657659873178,3.0670259424025308,14.2843368449877204,10.6178957441015562,151.2481355059396151,83.8311504311916593,16.0037636355462780,65.8631969005479192,55.3820660412216625,1.0118142122746279,1.2179734507160074,15.0427057925678689,13.6641503026336295,4.5254138397224635,6.4740539213299391,9.6633436867621914,11.5930337109944794,5.8898580248876513,3.9554168610565732,5.3793621058056758,2.0711165916391501,0.5841958964422881,0.5699969786658905,1.0005304441098319,-0.7097328102076972,15.7721474711439669,16.4696511143825468,5.4247105332406509,6.0571824285629532,9.6375553593327901,11.7195693484938559,4.9426981211710723,4.1423181189061768,6.1345921118111759,4.7500817658886900,1.1144843073918811,1.2823924143344743
89,99.9007866963799955,99.7312607704264735,0.1008745251290055,80.1473972359006268,1.0611494167011364,0.0000000000000000,4007.4443218352112126,0.0000000000000000,0.0000000000000000,37.9810175319378232,16.0719423096576257,3.0669574916918037,14.2843381935862581,10.6176859342049017,151.2487263557591461,83.8314779170144675,16.0038463477612325,65.8630590423143758,55.3822750094196010,1.0118100128321326,1.2187993953265774,15.0429221439010803,13.6635933416359201,4.5258469417089220,6.4737460759793013,9.6632148188206788,11.5930339176914003,5.8899046801648716,3.9554070982787191,5.3797073250804015,2.0705594239445202,0.5838413958144298,0.5704398434302028,1.0005272037164781,-0.7103420839538774,15.7716436241559137,16.4698006509310098,5.4245167372666394,6.0571647838865905,9.6372034326109848,11.7196653962107256,4.9427370731612852,4.1421439426987225,6.1344401915449307,4.7501352547202833,1.1144277107253053,1.2823727945679169
90,99.9007893969733090,99.7312706050184232,0.1008747148170768,80.1472581551077781,1.0611490294377832,0.0000000000000000,4007.4317820097917320,0.0000000000000000,0.0000000000000000,37.9802481752975893,16.0716167508300636,3.0668866347855128,14.2843393203822515,10.6174745044566414,151.2493230734122847,83.8318086551566495,16.0039288633308665,65.8629188347255194,55.3824855154149560,1.0118057510684104,1.2196284614164714,15.0431392510888795,13.6630346581492859,4.5262840139248963,6.4734343294345118,9.6630816892843221,11.5930365299562510,5.8899516380484886,3.9553952321985624,5.3800575618045592,2.0699981281930340,0.5834826913860234,0.5708887817263339,1.0005238922419357,-0.7109466061506353,15.7711417651062042,16.4699483999495229,5.4243240991918542,6.0571466011733461,9.6368532882878277,11.7197596375669484,4.9427756047796940,4.1419712880205930,6.1342884768183774,4.7501887623825754,1.1143709963936519,1.2823528111712614
91,99.9007929048933931,99.7312814429794798,0.1008748908030013,80.1471164976702397,1.0611486712255211,0.0000000000000000,4007.4188704187540679,0.0000000000000000,0.0000000000000000,37.9794727189930867,16.0712886108854391,3.0668132483440558,14.2843402546813660,10.6172612041005614,151.2499258793235697,83.8321427677912254,16.0040111942868784,65.8627762429888719,55.3826978055934873,1.0118014257875885,1.2204619455918575,15.0433575137675781,13.6624733879488574,4.5267255982335444,6.4731184293583137,9.6629444046806228,11.5930413478802450,5.8899989526047705,3.9553814152308320,5.3804131090869571,2.0694320400686128,0.5831194767535429,0.5713441830027121,1.0005205101536123,-0.7115478933838943,15.7706408090074373,16.4700947910813902,5.4241321742448587,6.0571278986803190,9.6365041454761382,11.7198524000431501,4.9428138240441779,4.1417997193777625,6.1341366635312990,4.7502423910382419,1.1143140746361406,1.2823324548670967
92,99.9007968661130406,99.7312929328731030,0.1008750527662914,80.1469722607254482,1.0611483433274160,0.0000000000000000,4007.4055819365739808,0.0000000000000000,0.0000000000000000,37.9786900357896684,16.0709574128262638,3.0667371922464368,14.2843410256936103,10.6170457834983196,151.2505350069129975,83.8324803842941435,16.0040933315646257,65.8626312350318415,55.3829121248179774,1.0117970360242470,1.2213011682222383,15.0435773399300992,13.6619086488225232,4.5271722469751481,6.4727981142346289,9.6628030676026722,11.5930481697326453,5.8900466768687796,3.9553657974317202,5.3807742723274261,2.0688604790898779,0.5827514373658490,0.5718064495434281,1.0005170579424694,-0.7121474448834135,15.7701396750499701,16.4702402408585584,5.4239405179025599,6.0571086884472241,9.6361552245088156,11.7199439998989732,4.9428518351802468,4.1416288016591229,6.1339844505411536,4.7502962409595844,1.1142568532669770,1.2823117162434372
93,99.9008009306143379,99.7313047238029924,0.1008752001855239,80.1468254450610544,1.0611480470325281,0.0000000000000000,4007.3919117064692728,0.0000000000000000,0.0000000000000000,37.9778989954065409,16.0706226783660426,3.0666583083548979,14.2843416629012818,10.6168279930415341,151.2511506994948718,83.8328216395253349,16.0041752465507621,65.8624837821597708,55.3831287174882405,1.0117925811015653,1.2221474744611296,15.0437991466094747,13.6613395395173658,4.5276245242736062,6.4724731137541918,9.6626577773510718,11.5930567919498024,5.8900948635471382,3.9553485272505773,5.3811413692584029,2.0682827475675629,0.5823782502070537,0.5722759970230287,1.0005135361430961,-0.7127467503901119,15.7696372820221775,16.4703851558445820,5.4237486841566511,6.0570889770712242,9.6358057438529716,11.7200347446818576,4.9428897395478311,4.1414580984247600,6.1338315381692059,4.7503504111627235,1.1141992375233927,1.2822905857318907
94,99.9008047480552932,99.7313164609388849,0.1008753323455303,80.1466760564420611,1.0611477836554661,0.0000000000000000,4007.3778552763110383,0.0000000000000000,0.0000000000000000,37.9770984575688217,16.0702839249892087,3.0665764191281699,14.2843421964661683,10.6166075820571599,151.2517732077825769,83.8331666724458273,16.0042568930085984,65.8623338599758910,55.3833478286050536,1.0117880607121916,1.2230022347829372,15.0440233604888824,13.6607651387331899,4.5280830073610820,6.4721431492680930,9.6625086305279382,11.5930670092016115,5.8901435657960333,3.9553297522755835,5.3815147299609452,2.0676981295315779,0.5819995834720598,0.5727532550854989,1.0005099453578246,-0.7133472981539040,15.7691325436381433,16.4705299357861925,5.4235562237426507,6.0570687664916640,9.6354549169645356,11.7201249357254529,4.9429276365830743,4.1412871701582317,6.1336776266736068,4.7504050000607387,1.1141411299085899,1.2822690535844192
95,99.9008079637498270,99.7313277811129382,0.1008754483460640,80.1465241072637298,1.0611475545355817,0.0000000000000000,4007.3634087687887586,0.0000000000000000,0.0000000000000000,37.9762872648986871,16.0699406629429653,3.0664913260730979,14.2843426576838297,10.6163842976822007,151.2524027880814685,83.8335156251160072,16.0043382095019311,65.8621814495798930,55.3835697048629356,1.0117834750280934,1.2238668448375520,15.0442504184076213,13.6601845042052119,4.5285482879208256,6.4718079343350308,9.6623557215641753,11.5930786145780864,5.8901928381002655,3.9553096199722413,5.3818946968434478,2.0671058896271255,0.5816150962347648,0.5732386679485842,1.0005062862840886,-0.7139505830982777,15.7686243637469978,16.4706749768046024,5.4233626823229821,6.0570480547939001,9.6351019490686447,11.7202148706633693,4.9429656247644749,4.1411155724745656,6.1335224146783531,4.7504601061412330,1.1140824300294252,1.2822471098484163
96,99.9008102149755501,99.7313383084341467,0.1008755471126941,80.1463696185635541,1.0611473610357094,0.0000000000000000,4007.3485690895795415,0.0000000000000000,0.0000000000000000,37.9754642355362577,16.0695923921147568,3.0664028080277452,14.2843430794957573,10.6161578836763777,151.2530397012808976,83.8338686421370340,16.0044191224678336,65.8620265390677986,55.3837945958012199,1.0117788248482902,1.2247427243408993,15.0444807677193388,13.6595966719326878,4.5290209734461016,6.4714671753958894,9.6621991431516250,11.5930913999531100,5.8902427372869059,3.9552882784114720,5.3822816245677139,2.0665052719795778,0.5812244381089836,0.5737326950346295,1.0005025597438852,-0.7145581151809939,15.7681116313969945,16.4708206746585013,5.4231675986150725,6.0570268370415938,9.6347460338508668,11.7203048459841668,4.9430038026129024,4.1409428542753153,6.1333655975461285,4.7505158286743345,1.1140230344286912,1.2822247443397572
97,99.9008111276426547,99.7313476498552376,0.1008756274108777,80.1462126224370337,1.0611472045403489,0.0000000000000000,4007.3333341784696131,0.0000000000000000,0.0000000000000000,37.9746281553583245,16.0692385987395596,3.0663106192744856,14.2843434970742287,10.6159280791319759,151.2536842128049273,83.8342258706234844,16.0044995501252316,65.8618691253628015,55.3840227550559021,1.0117741117970351,1.2256313146013564,15.0447148664408346,13.6590006556305390,4.5295016886104049,6.4711205726199736,9.6620389865382315,11.5931051566023182,5.8902933237177688,3.9552658769812554,5.3826758799026031,2.0658954990282217,0.5808272489022052,0.5742358116291498,1.0004987667136325,-0.7151714279680004,15.7675932157264942,16.4709674281106864,5.4229705024552155,6.0570051061468027,9.6343863500444868,11.7203951596531155,4.9430422697349483,4.1407685558417811,6.1332068656820082,4.7505722684575709,1.1139628364118543,1.2822019466134342
98,99.9008103133736256,99.7313553905988073,0.1008756878644506,80.1460531649174754,1.0611470864531705,0.0000000000000000,4007.3177033099400433,0.0000000000000000,0.0000000000000000,37.9737777696301393,16.0688787518672953,3.0662144874903925,14.2843439485000303,10.6156946170250581,151.2543365937346493,83.8345874608254178,16.0045794074532921,65.8617092164174380,55.3842544417665223,1.0117693385902731,1.2265340741145820,15.0449531831047292,13.6583954465097470,4.5299910766400791,6.4707678209821129,9.6618753416252687,11.5931196761802049,5.8903446627197269,3.9552425670717191,5.3830778414794587,2.0652757703295417,0.5804231582623859,0.5747485095683598,1.0004949083518906,-0.7157920874176611,15.7670679606540673,16.4711156424294103,5.4227709127887014,6.0569828537866766,9.6340220578999585,11.7204861138249719,4.9430811279185800,4.1405922068573719,6.1330459027541089,4.7506295286044393,1.1139017258680970,1.2821787059313290
99,99.9008073673460331,99.7313570176647346,0.1008756782367486,80.1459005141460068,1.0611470081937082,0.0000000000000000,4007.3026071799718011,0.0000000000000000,0.0000000000000000,37.9729113683631709,16.0685121279039400,3.0661702181054196,14.2843461829986005,10.6154570507684820,151.2549974329450038,83.8349537391340220,16.0045933025656808,65.8615543311474028,55.3844900939535378,1.0117646575893566,1.2274504465796294,15.0451961962145280,13.6577800133916369,4.5304898007162162,6.4704086115684802,9.6617082967647683,11.5931347522043993,5.8903968263444826,3.9552185027159150,5.3834878994497606,2.0646452611872386,0.5800117852239972,0.5752712980003015,1.0004912816834328,-0.7164266003882389,15.7665346793760079,16.4712657330880319,5.4225683355901015,6.0569600713695113,9.6336522955487904,11.7205780176909098,4.9431204822982249,4.1404133243619237,6.1328823838272193,4.7506877153971203,1.1138395890712867,1.2821550112281779
100,99.9008556977049835,99.7314022131741211,0.1008758654605509,80.1457484606613377,1.0611469687555521,0.0000000000000000,4087.4331714936956814,0.0000000000000000,0.0000000000000000,37.9720551973733578,16.0681498329563688,3.0672807621006228,14.2843498278051673,10.6152207833958112,151.2557431662489762,83.8353670710443879,16.0034983039824290,65.8613986328561651,55.3847792166041799,1.0117599793840744,1.2283798388845995,15.0454443405099720,13.6571533585584444,4.5309985336280780,6.4700426615821804,9.6615379027038202,11.5931502352327271,5.8904499234794940,3.9551938297653284,5.3839064378061536,2.0640031233257172,0.5795927381026862,0.5758047038627498,1.0004876699367655,-0.7170758224545608,15.7659920382954351,16.4714182604754171,5.4223622328210013,6.0569367913757102,9.6332761025942837,11.7206712995837457,4.9431604810275713,4.1402313842054106,6.1327159357011514,4.7507469608916715,1.1137763103481391,1.2821308486155902
