period,rgdp,ngdp,iy,c,W,sW,cW,ceW1,ceW2,y0,va0,i0,c0,l0,y1,va1,i1,c1,l1,rer0,nx0,rex0,rim0,rexf0,rimf0,rexs0-0,rims0-0,rexsf0-0,rimsf0-0,rexs1-0,rims1-0,rexsf1-0,rimsf1-0,rer2,nx2,rex2,rim2,rexf2,rimf2,rexs0-2,rims0-2,rexsf0-2,rimsf0-2,rexs1-2,rims1-2,rexsf1-2,rimsf1-2
0,582.1716265122414597,615.3907790943304690,0.0905652708842536,466.0382170055802362,5.7334513790523207,5.7406381935068911,24248.8467648856312735,0.0000000000000000,0.0000000000000000,371.1759565649048795,116.8960587261012307,19.8081785897205762,106.4744681366038463,76.6860309325364682,791.4713485259313757,465.2799498504473945,85.4963997795660617,359.5637488689764041,307.5110353054797656,0.9512667273952299,0.6579619674439741,14.2720484252588662,14.2886107707078551,6.7201378545058246,4.2445186120104061,12.0609334218342070,9.2067949047700743,3.7203581023190231,6.0913113908432237,2.2111150034246592,5.0818158659377808,0.5241605096913831,0.6288264636626005,0.9626982084290977,15.5296283339231280,116.9185628915549984,106.0738462959092345,43.5114665599676655,32.1456318958834544,81.4492147640552275,75.4994131212712603,27.4263025605001900,36.3093955594289994,35.4693481274997708,30.5744331746379778,4.7193293353832644,7.2020710005386643
1,581.5627757550354318,610.7747489002737211,0.0923343758777111,467.0828430966522546,5.7344223996240578,5.7417556190204451,24213.8220408214147028,0.0000000000000000,0.0000000000000000,368.3207597049772062,115.9968591580539794,20.2064071717838267,106.8006799826253541,76.0908034131539921,791.9797800202690041,465.5788399879468784,86.9496011920587932,360.2821631140269005,308.1605958753037271,0.9567634600490895,0.4044694678042777,14.1980952011472681,14.3688010911330331,6.6864428816852746,4.2658193359759151,11.9939636084002927,9.2549853331441270,3.7406099026814053,6.0589321803519116,2.2041315927469740,5.1138157579889061,0.5252094332945095,0.6275107013333631,0.9678988351853318,11.3090967845724890,114.9897126543397263,107.4966882419456198,42.8059493389711108,32.5456723292924579,79.9824812631106568,76.5542355281286575,27.7946506877464401,35.6527614501896792,35.0072313912290767,30.9424527138169623,4.7510216415460160,7.1531878887814289
2,581.1691763560196478,607.2604145498991102,0.0936080629160957,467.8726933304448039,5.7351545121941614,5.7426364986172604,24181.9169625909416936,0.0000000000000000,0.0000000000000000,366.3334485737394175,115.3709866181024779,20.5302191386612627,107.0292500592239264,75.7062085094455455,792.3895162015941196,465.8197104000646505,87.9669044067778572,360.8434432712208491,308.5749085357946342,0.9611438353457133,0.1983541357343004,14.1359370738947057,14.4394095032031586,6.6583197463561401,4.2851097805648086,11.9382061955639163,9.2971478816206261,3.7588916107979800,6.0320492717902594,2.1977308783307885,5.1422616215825325,0.5262181697668286,0.6262704745658808,0.9718516409800507,8.3033920597792132,113.6199921301049613,108.5197746356938637,42.2948933805381557,32.8581689115492708,78.9600527432918255,77.2885508341216791,28.0782308455730103,35.1832503353100279,34.6599393868131500,31.2312238015721917,4.7799380659762587,7.1116430452281243
3,580.9339590382803635,604.5404402088615825,0.0945254184354184,468.4800301604716992,5.7357065993810536,5.7433398950436416,24152.7264190269743267,0.0000000000000000,0.0000000000000000,364.9584685783061104,114.9379581865712936,20.7954225567550814,107.1898424649513828,75.4642703327105977,792.7381074456186525,466.0246357164896835,88.6775171340650417,361.2901876955203306,308.8331741441194254,0.9647038672151071,0.0277683183517503,14.0831581370287147,14.5018683637026022,6.6346106773020690,4.3026458661620017,11.8913196555758880,9.3343110799495008,3.7754561273869189,6.0095137515000605,2.1918384814528267,5.1675572837531023,0.5271897387750825,0.6250969258020089,0.9748997622444987,6.1593234469769698,112.6398597335111020,109.2437353941446787,41.9198865248094918,33.1017821967588333,78.2415628084740149,77.7879465610794512,28.2954114740810709,34.8437727583633503,34.3982969250370871,31.4557888330652204,4.8063707226777650,7.0761137664461433
4,580.8177994093246070,603.8327936698325402,0.0952265182613810,468.8871487068055899,5.7361204080393371,5.7439077011438178,24125.9392469258527854,0.0000000000000000,0.0000000000000000,364.0254777460918376,114.6441273249961910,21.0215462001791096,107.2853993721063262,75.3211170413431148,793.0487673622546936,466.2072624542764174,89.2115997815523230,361.6017493346992637,308.9892384008967383,0.9653506470743377,-0.0991109824310232,13.9926122622347346,14.5282560620458483,6.5907040924720368,4.3087303581674261,11.8077220369676592,9.3429153496615100,3.7807306658336715,5.9669074026341669,2.1848902252670745,5.1853407123843391,0.5279996923337548,0.6237966898378701,0.9776343091718075,4.6436595432730741,111.9589850223757566,109.7302257132500216,41.6492818108125746,33.2879808509042618,77.7514901408651156,78.1065234509071331,28.4578024455759540,34.6030444630375840,34.2074948815106410,31.6237022623428743,4.8301784053283061,7.0462373477749889
5,580.7741012209349947,606.0184123510293830,0.0958201471157035,469.0486404580851740,5.7364425700766342,147.4011827982175760,24101.3106035704477108,0.0000000000000000,0.0000000000000000,363.3858212331759319,114.4426775166886898,21.2276269225828287,107.3085528381374587,75.2368753137944140,793.3210937093191433,466.3673541484876068,89.6612151425057675,361.7400876199477011,309.0667113442549976,0.9615385052347507,-0.1981658808826836,13.7614480275721363,14.4496765624241377,6.4718079452445094,4.2800550428122737,11.5876740316864861,9.2656662277552737,3.7516899706689730,5.8498130385475653,2.1737739958856497,5.1840103346688649,0.5283650721433011,0.6219949066969442,0.9805338524029359,3.6066536983887403,111.5343221276602037,110.0144766435861214,41.4672657076629960,33.4232581881804407,77.4520809200336942,78.2777706684114349,28.5724338654613348,34.4448865727253519,34.0822412076265238,31.7367059751746758,4.8508243227191032,7.0223791349376441
6,580.8094242612320386,604.3477280302018926,0.0961531984400055,469.3363627415237147,5.7367315680318507,292.0026058604330501,24078.6425079176588042,0.0000000000000000,0.0000000000000000,362.9342066307829100,114.3004485653000586,21.3764205676699319,107.3569822002415748,75.1827247041984350,793.6252152111836722,466.5461371674806514,89.8862716490459661,361.9793805412821257,309.1195276444734077,0.9640716062442635,-0.3688100428979020,13.5373823810827680,14.3599738216063439,6.3561572647828157,4.2485591942799541,11.3743062348709216,9.1811786242972637,3.7198843363051348,5.7359071617770230,2.1630761462118460,5.1787951973090820,0.5286748579748195,0.6202501030057925,0.9819612831664678,2.9372908803315738,111.2318914332694533,110.2045180633494823,41.3297482879471545,33.5302390328017026,77.2418072562794293,78.3831359125472034,28.6604682800480965,34.3280275963083810,33.9900841769900239,31.8213821508022647,4.8697707527536043,7.0017206916387700
7,580.8821341380797776,602.9054218210121689,0.0964086256075367,469.5747116238183594,5.7369558197470667,inf,24057.7702523844272946,0.0000000000000000,0.0000000000000000,362.6129269379721336,114.1992665539815306,21.5067213632315379,107.3923518153880536,75.1484206639087802,793.9218789793618498,466.7205360303547650,90.0507060265469477,362.1823598084303057,309.1513597576056895,0.9663428981274528,-0.5187143601850970,13.3177003870002153,14.2595132331375947,6.2422224863393856,4.2142633190874328,11.1649581990344764,9.0896610037393764,3.6853326549645136,5.6236656420655509,2.1527421879657398,5.1698522293982174,0.5289306641229193,0.6185568442738348,0.9831451466076149,2.4555611582689210,111.0163393729272343,110.3306929580972451,41.2244686427656362,33.6155582066552725,77.0932288539408717,78.4464622384649317,28.7283749570000104,34.2407040859143166,33.9231105189863484,31.8842307196323169,4.8871832496552621,6.9837645568513205
8,580.9199939798627383,600.8008156588513202,0.0961720619749890,469.3508798466864960,5.7371261808623544,5.7371261808623544,24038.5529804142934154,0.0000000000000000,0.0000000000000000,363.1055975038891575,114.3544254385683558,21.5145703253714409,107.2855237883077137,75.3520571905524292,793.7204039161056244,466.6020954734065640,89.8006892348633414,362.0653560583787680,308.8803920542557080,0.9696952582218594,-0.7460468329610794,12.9524383257636124,14.0430776886244360,6.0512476741609751,4.1429288694538267,10.8128249139781616,8.9011049448252457,3.6141156599035305,5.4346964468048249,2.1396134117854517,5.1419727437991893,0.5288132095502963,0.6165512273561501,0.9839046464980729,2.2213245463845652,110.8941266686403253,110.3951578223168326,41.1521246303504569,33.6788482964522089,77.0076401687452403,78.4748432107435576,28.7765826896959211,34.1826439426488946,33.8864864998950850,31.9203146115732643,4.9022656067562851,6.9694806877015596
9,580.9998336475844098,599.6421041646625554,0.0963049593673974,469.5169925597803626,5.7373546780062608,5.7373546780062608,24020.8671940966087277,0.0000000000000000,0.0000000000000000,362.8761970160544479,114.2821793449746508,21.5850299437988475,107.3021884499602692,75.3250812391487869,793.9786425581288540,466.7539054696038647,89.8847061744910860,362.2148041098200792,308.9166042318491350,0.9715709857079470,-0.8916639471893664,12.6272189906298049,13.8412554634864460,5.8835627496652494,4.0768635584817963,10.5001214138872889,8.7262116216141088,3.5481804758016224,5.2689573797737683,2.1270975767425151,5.1150438418723372,0.5286830826801737,0.6146053698914813,0.9847189068756760,2.0355645270535518,110.8254285480405201,110.4214370344140548,41.1007358356662209,33.7285996958021030,76.9607213597678026,78.4781207898673046,28.8125081523805555,34.1435524762622222,33.8647071882727175,31.9433162445467573,4.9160915434215493,6.9571833594039969
10,581.0909284702028117,598.6456488872680666,0.0963935371272487,469.6536100892683407,5.7375470512269882,5.7375470512269882,24004.6023076337332895,0.0000000000000000,0.0000000000000000,362.7220424571628996,114.2336307791250505,21.6428477728077695,107.3121591150530634,75.3115537352471733,794.2157505987568129,466.8932934808793220,89.9352468709677311,362.3414509742152632,308.9383326594618779,0.9732308872910246,-1.0130210744429586,12.3359714754182477,13.6528763370029367,5.7353967137689050,4.0155903916790487,10.2208214320313182,8.5637819643666777,3.4870485051880045,5.1226810248848418,2.1151500433869286,5.0890943726362590,0.5285418864910445,0.6127156888840634,0.9853890739594912,1.9332852479064968,110.7950471048994103,110.4223981240334922,41.0648878029521924,33.7679249437613933,76.9408815610200634,78.4659256337745603,28.8391477831220584,34.1183000415829696,33.8541655438793470,31.9564724902589283,4.9287771606393322,6.9465877613692246
11,581.1876432869435121,597.7817212852529565,0.0964501105673614,469.7669866708556015,5.7377098180694750,5.7377098180694750,23989.6576194064618903,0.0000000000000000,0.0000000000000000,362.6216292542863471,114.2020072123160190,21.6902574198779909,107.3175619078143228,75.3066765343513111,794.4337870496268579,467.0214699323899481,89.9624852573503659,362.4494247630412929,308.9505133448164997,0.9747063596384093,-1.1148059503771641,12.0738125962782981,13.4768657918258086,5.6037504685038133,3.9586809727144781,9.9700820484090809,8.4127262715468571,3.4302898903314327,4.9928715717188998,2.1037305478692176,5.0641395202789505,0.5283910823830453,0.6108788967849134,0.9859462045613442,1.8891493775635837,110.7919230969582003,110.4070575996245935,41.0406074380898431,33.7991850211809037,76.9398576175158411,78.4447574319698191,28.8587592932959289,34.1031519666241181,33.8520654794423592,31.9623001676547851,4.9404257278849775,6.9374554714657242
12,581.2860332807371151,597.0276360353949485,0.0964836247992528,469.8618341412015980,5.7378480875858280,5.7378480875858280,23975.9402605815557763,0.0000000000000000,0.0000000000000000,362.5595196197991754,114.1824467549317035,21.7290819548660181,107.3198718201222164,75.3071995784917334,794.6343789118280938,467.1393912845136924,89.9736380773029651,362.5419623210793816,308.9565059251797265,0.9760223324455714,-1.2006393005154337,11.8367645256692082,13.3122434784166455,5.4862071371440644,3.9057513150228091,9.7439618523242046,8.2720597314854665,3.3775193143991862,4.8771151650116149,2.0928026733450027,5.0401837469311790,0.5282320006236229,0.6090919721324497,0.9864136432362364,1.8850592317839556,110.8079676647167560,110.3816909088102278,41.0249549033065790,33.8241777951470084,76.9517347081381899,78.4189415020036336,28.8730482893604119,34.0953694625244808,33.8562329565785518,31.9627494068065943,4.9511295057865974,6.9295854407820983
13,581.3833756719883468,596.3658327282840901,0.0965005981179799,469.9417429734911025,5.7379659127556462,5.7379659127556462,23963.3638104710335028,0.0000000000000000,0.0000000000000000,362.5245953980173113,114.1714479178352661,21.7608165101815914,107.3201102996979870,75.3109389944339824,794.8188792528294471,467.2478529610713736,89.9738265345539077,362.6216326737931013,308.9585862014037048,0.9771989414494191,-1.2733561519648191,11.6215504826100098,13.1581181218553080,5.3807961217983893,3.8564574380086594,9.5392170831919376,8.1408950365468780,3.3283915880055965,4.7734439879793173,2.0823333994180713,5.0172230853084301,0.5280658500030628,0.6073521338190716,0.9868091194227855,1.9080756657583606,110.8372430096821120,110.3506297570898909,41.0157386740946350,33.8442784334040851,76.9722677116729983,78.3913042757244369,28.8833071988252605,34.0929316103004183,33.8649752980091137,31.9593254813654468,4.9609712345788219,6.9228070637942141
14,581.4778303041715617,595.7825124225585114,0.0965057937579679,470.0094802819514825,5.7380665456612387,5.7380665456612387,23951.8473627198509348,0.0000000000000000,0.0000000000000000,362.5088268793629140,114.1664818696577157,21.7866916855560930,107.3189828602278766,75.3164435490242994,794.9884631135269046,467.3475457299223876,89.9666831991094256,362.6904974217235917,308.9582847916715878,0.9782527290743943,-1.3352039504722288,11.4254441833011349,13.0136807550883251,5.2858938497884829,3.8104910832192891,9.3531514673711129,8.0184338141421758,3.2825973564399553,4.6802370313437356,2.0722927159300211,4.9952469409461475,0.5278937267793335,0.6056568184447476,0.9871462392854581,1.9489485210201138,110.8753810540338094,110.3168317190824439,41.0113142138358100,33.8605438278861470,76.9984061211800679,78.3636465874243413,28.8905184660834315,34.0943394348667468,33.8769749328537415,31.9531851316581132,4.9700253618027181,6.9169747789690632
15,581.5681937129310199,595.2666634676382955,0.0965027002778846,470.0672027364709038,5.7381526241188840,5.7381526241188840,23941.3148926925350679,0.0000000000000000,0.0000000000000000,362.5064016299065770,114.1657180752958851,21.8077231118917503,107.3169750403739471,75.3227637394537624,795.1441854818840511,467.4390897837592433,89.9547808681085570,362.7502276960969425,308.9566206950147489,0.9791975104162060,-1.3879843381769970,11.2461570741908083,12.8781973802794010,5.2001500914930219,3.7675757202834612,9.1835037842858984,7.9039578587425474,3.2398590972893868,4.5961464312255451,2.0626532899049113,4.9742395215368544,0.5277166229940745,0.6040036602674771,0.9874355551570090,2.0010743702446803,110.9191668562615405,110.2822857961723031,41.0104402510919854,33.8737902617563762,77.0279586738078734,78.3370733103927250,28.8954311968379685,34.0984764421218500,33.8912081824536600,31.9452124857795781,4.9783590649184095,6.9119638089701354
16,581.6537207500821296,594.8093615817265345,0.0964938765616536,470.1166100033692032,5.7382263095145083,5.7382263095145083,23931.6948230598718510,0.0000000000000000,0.0000000000000000,362.5131055657381012,114.1678293749714044,21.8247507399439655,107.3144193722823729,75.3292920140476099,795.2870159778721018,467.5230551302423692,89.9399365042248462,362.8021906310868303,308.9542626481742786,0.9800450013209502,-1.4331561526569718,11.0817526079065161,12.7510016819044001,5.1224324354325281,3.7274629160604040,9.0283624312749211,7.7968207017738891,3.1999274818289973,4.5200419620949850,2.0533901766315945,4.9541809801305110,0.5275354342314066,0.6023904733375433,0.9876853377685202,2.0597542756243428,110.9662375088815907,110.2483005624163042,41.0121752226470591,33.8846512736917163,77.0593549558336690,78.3122217765521071,28.8986181624796501,34.1045084616641105,33.9068825530479216,31.9360787858642041,4.9860331112120697,6.9076667609829494
17,581.7339949803722448,594.4032639795389059,0.0964812006572528,470.1590562391226626,5.7382893895893270,5.7382893895893270,23922.9197172579733888,0.0000000000000000,0.0000000000000000,362.5258814580952276,114.1718529423303323,21.8384703190660190,107.3115421353532355,75.3356523466561896,795.4178592470143485,467.5999735806931312,89.9234272226321707,362.8475141037694129,308.9516406530797781,0.9808052767817964,-1.4719113249873459,10.9305801990372071,12.6314881253754301,5.0517838746705586,3.6899290856881906,8.8860996313887100,7.6964397887726044,3.1625781188103228,4.4509686391911281,2.0444805676484972,4.9350483366028266,0.5273509668778676,0.6008152354794305,0.9879021378387838,2.1216631302434763,111.0148628266431814,110.2157086093978791,41.0158020148458533,33.8936208945872366,77.0914749223561415,78.2894192885600830,28.9005183071550569,34.1118111303409890,33.9233879042870399,31.9262893208377996,4.9931025874321824,6.9039908845048652
18,581.8088343230514283,594.0422413922121905,0.0964660500390797,470.1956317612395537,5.7383433558363839,5.7383433558363839,23914.9260532905427681,0.0000000000000000,0.0000000000000000,362.5425127191444403,114.1770906977234716,21.8494588277533701,107.3084959949572266,75.3416240750708397,795.5375666563431878,467.6703456257620246,89.9061441628118843,362.8871357662823129,308.9490230155368522,0.9814871079153306,-1.5052315642784944,10.7912237197274159,12.5191056013324093,4.9873900066140671,3.6547726143564616,8.7553201499114728,7.6022893758029539,3.1276086694272625,4.3881139327620611,2.0359035698159422,4.9168162255294563,0.5271639449291993,0.5992760738520064,0.9880911974000076,2.1844688398652607,111.0637844843565887,110.1850114523063837,41.0207728237563032,33.9010860800799350,77.1235263299990947,78.2687911703408190,28.9014685559563880,34.1199169860143030,33.9402581543574939,31.9162202819655576,4.9996175241235443,6.9008558377420037
19,581.8782222171095100,593.7211085021885992,0.0964494327698312,470.2272233605445990,5.7383894623559684,5.7383894623559684,23907.6540461793156283,0.0000000000000000,0.0000000000000000,362.5613959765262280,114.1830376841184744,21.8581951510132626,107.3053827753880398,75.3470895282559638,795.6469427930212532,467.7346442557544037,89.8887023657308504,362.9218405851565876,308.9465694702486758,0.9820982117648112,-1.5339312340915754,10.6624608870713313,12.4133516737120448,4.9285533803813024,3.6218113235279148,8.6348208762926646,7.5138941669730048,3.0948363071485674,4.3307821285094885,2.0276400107786676,4.8994575067390400,0.5269750163793474,0.5977712518718140,0.9882567532711991,2.2465580428638390,111.1120972575897383,110.1564821303405495,41.0266684367706631,33.9073511516396806,77.1549561817924570,78.2503344370320093,28.9017277176322871,34.1284765848320006,33.9571410757972814,31.9061476933085473,5.0056234340073917,6.8981918519386625
20,581.9422573245592503,593.4354249321794441,0.0964320833634939,470.2545592106012577,5.7384287710611259,5.7384287710611259,23901.0474983026579139,0.0000000000000000,0.0000000000000000,362.5813768083202149,114.1893303343978658,21.8650769790179957,107.3022693328177297,75.3519981606508793,795.7467489564692187,467.7933170135368641,89.8715194067045786,362.9522898777835280,308.9443677117574225,0.9826454383015754,-1.5586901761323944,10.5432309136123319,12.3137674316233419,4.8746732265855286,3.5908802488583431,8.5235586466155837,7.4308236654949038,3.0640954896391688,4.2783740692586090,2.0196722669967477,4.8829437661284381,0.5267847592191741,0.5962991573269198,0.9884022626576544,2.3068378729470709,111.1591608120598664,110.1302377587259116,41.0331679312364486,33.9126563113450175,77.1853864476035199,78.2339676450245634,28.9014945318327534,34.1372297208378299,33.9737743644563608,31.8962701137013411,5.0111617795122614,6.8959382103986187
21,582.0011167440019335,593.1813470491090357,0.0964145331660092,470.2782425940060875,5.7384621867517280,5.7384621867517280,23895.0536643613013439,0.0000000000000000,0.0000000000000000,362.6016305765115249,114.1957089417242344,21.8704346743328664,107.2991986013007306,75.3563421272687037,795.8377050059360727,467.8467870806635460,89.8548717820890346,362.9790439927053853,308.9424584119062160,0.9831349120131618,-1.5800791243039320,10.4326085000779294,12.2199329137456889,4.8252292880345289,3.5618296955036977,8.4206243888682710,7.3526871858207468,3.0352360084369745,4.2303709964928924,2.0119841112096593,4.8672457279249404,0.5265936870667229,0.5948582915416363,0.9885305721865250,2.3645922045225092,111.2045338095308296,110.1062907389193128,41.0400259532827931,33.9171917461153853,77.2145671963550484,78.2195642950415646,28.9009213647718752,34.1459839743869722,33.9899666131757812,31.8867264438777518,5.0162703813435074,6.8940419788958192
22,582.0550291062012320,592.9555165446577121,0.0963971622616173,470.2987774541554700,5.7384904846054816,5.7384904846054816,23889.6231228052747610,0.0000000000000000,0.0000000000000000,362.6215755862202172,114.2019903103984859,21.8745426896020092,107.2961972625535338,75.3601397733148417,795.9204903969887255,467.8954538866939288,89.8389354173911556,363.0025801916019645,308.9408522567383102,0.9835721405149546,-1.5985795924351596,10.3297827484650995,12.1314630587589196,4.7797688088302923,3.5345235376211779,8.3252221717262458,7.2791294639219268,3.0081212831741269,4.1863215493527166,2.0045605767388528,4.8523335948369919,0.5264022544470508,0.5934472594775762,0.9886440456062082,2.4193770805198227,111.2479244227588850,110.0845848088692378,41.0470555527078744,33.9211084351447596,77.2423422751589328,78.2069749233371851,28.9001246576145761,34.1545986138882753,34.0055821475999522,31.8776098855320527,5.0209837775301853,6.8924569388195964
23,582.1042549244044721,592.7549757704153990,0.0963802379265985,470.3165879302301846,5.7385143319441116,5.7385143319441116,23884.7096489766809100,0.0000000000000000,0.0000000000000000,362.6408095079928557,114.2080477330555794,21.8776289943445406,107.2932810555615220,75.3634245841463866,795.9957449028663632,467.9396935332534895,89.8238148144891966,363.0233068746686627,308.9395414618654740,0.9839620991010559,-1.6145995935737343,10.2340399303006429,12.0480041296128686,4.7378959803164484,3.5088377313393124,8.2366520938380212,7.2098268006214408,2.9826268696021514,4.1458312196407654,1.9973878364626227,4.8381773289914287,0.5262108617371608,0.5920647606756833,0.9887446610861891,2.4709444251539310,111.2891529921262048,110.0650203233312823,41.0541151199557959,33.9245264806645679,77.2686240708400618,78.1960414497074936,28.8991929401515968,34.1629724346832830,34.0205289212861430,31.8689788736237780,5.0253335405129720,6.8911426852725164
24,582.1490722895207455,592.5771026458528468,0.0963639432426323,470.3320334318032110,5.7385343056390363,5.7385343056390363,23880.2700874830698012,0.0000000000000000,0.0000000000000000,362.6590626112595714,114.2137962622737746,21.8798828759445989,107.2904584379827782,75.3662378885727549,796.0640693019539640,467.9798591981764844,89.8095640511352542,363.0415749938204613,308.9385074782240963,0.9843092976402751,-1.6284861810439306,10.1447493032327465,11.9692305591759212,4.6992633158571868,3.4846590135095976,8.1542962085934292,7.1444836752917231,2.9586391537195178,4.1085537348985932,1.9904530946393173,4.8247468838841963,0.5260198597900799,0.5907095809585933,0.9888340860115449,2.5191862517907140,111.3281237218735669,110.0474718833833236,41.0610983739776216,33.9275415678334298,77.2933748758564718,78.1866062568552707,28.8981930094409591,34.1710345134865179,34.0347488460170950,31.8608656265280494,5.0293485583924733,6.8900638604911011
25,582.1897665158390964,592.4195599728651587,0.0963483984783915,470.3454203821153214,5.7385509061652709,5.7385509061652709,23876.2642227741744136,0.0000000000000000,0.0000000000000000,362.6761632000270765,114.2191818250869346,21.8814614077544718,107.2877330983087774,75.3686241295732913,796.1260261775551044,468.0162816056663360,89.7962019235950208,363.0576872838065583,308.9377260794040581,0.9846178344301805,-1.6405355412543354,10.0613513584675704,11.8948421674790836,4.6635645529312466,3.4618837617151774,8.0776068684369164,7.0828297719399913,2.9360542074638709,4.0741839681072216,1.9837444900306545,4.8120123955390932,0.5258295542513063,0.5893805848240254,0.9889137349994186,2.5640937773238903,111.3648031470342232,110.0318005329159092,41.0679266360602071,33.9302300029872868,77.3165930789079994,78.1785177125662187,28.8971747176504508,34.1787371369285253,34.0482100681262168,31.8532828203496798,5.0330552853368369,6.8891894991316827
26,582.2266227148124926,592.2802554259983481,0.0963336771309801,470.3570114538032385,5.7385645690548603,5.7385645690548603,23872.6546478066920827,0.0000000000000000,0.0000000000000000,362.6920119467681047,114.2241731398448223,21.8824948208611723,107.2851056684016129,75.3706278799985796,796.1821408928173014,468.0492695994221890,89.7837228696113812,363.0719057854016114,308.9371706583929722,0.9848914403387633,-1.6510011820742250,9.9833480219370170,11.8245617048891916,4.6305287742816557,3.4404169940580003,8.0060970129358608,7.0246173653827126,2.9147767844775414,4.0424520658128795,1.9772510090011557,4.7999443395064780,0.5256402095804591,0.5880767084687764,0.9889848153146886,2.6057274189440847,111.3992037014456145,110.0178621002388297,41.0745428293856989,33.9326526649181375,77.3383028968233504,78.1716333147009550,28.8961746996467674,34.1860503627046342,34.0609008046222641,31.8462287855378783,5.0364779652713665,6.8884924666810621
27,582.2599205437157934,592.1573095131586797,0.0963198180047794,470.3670329017829772,5.7385756743136787,5.7385756743136787,23869.4066312207978626,0.0000000000000000,0.0000000000000000,362.7065627471268385,114.2287556867020726,21.8830909715774808,107.2825748812359734,75.3722920343328724,796.2329027539757362,468.0791108264711511,89.7721048445314125,363.0844580205470038,308.9368143079864808,0.9851335156429361,-1.6601006260154776,9.9102944372420421,11.7581326802117712,4.5999155093379445,3.4201714900540447,7.9393320297883161,6.9696190210920381,2.8947194372632210,4.0131185559480302,1.9709624074537264,4.7885136591197330,0.5254520527908237,0.5867969533899143,0.9890483627485654,2.6441947648144009,111.4313711506905662,110.0055128086713125,41.0809067912351935,33.9348581198014259,77.3585467183665969,78.1658212694088661,28.8952192875193639,34.1929578153441867,34.0728244323239551,31.8396915392624464,5.0396388322820611,6.8879489758910033
28,582.2899305717704692,592.0490295370146896,0.0963068343354093,470.3756804399346265,5.7385845542281126,5.7385845542281126,23866.4879837440676056,0.0000000000000000,0.0000000000000000,362.7198083780430693,114.2329271908689350,21.8833390612955121,107.2801383451283783,75.3736567842749423,796.2787663469878225,468.1060725229322657,89.7613149928118901,363.0955420948062624,308.9366310820964259,0.9853471613119669,-1.6680209191797513,9.8417920379733488,11.6953174374300826,4.5715106293968093,3.4010670164864396,7.8769228973595382,6.9176255679562200,2.8758017395669615,3.9859702488813595,1.9648691406138097,4.7776918694738626,0.5252652769194781,0.5855403805154497,0.9891052702204270,2.6796344084123120,111.4613749691288405,109.9946129570293323,41.0869915911347832,33.9368850885214641,77.3773793840803563,78.1609610563655650,28.8943267979063343,34.1994534221659237,34.0839955850484913,31.8336519006637531,5.0425582906151281,6.8875381689688613
29,582.3169118494748773,591.9538881164154418,0.0962947206994158,470.3831239937186410,5.7385914998869287,5.7385914998869287,23863.8689246665780956,0.0000000000000000,0.0000000000000000,362.7317697134601531,114.2366942262671756,21.8833127369435196,107.2777930541112283,75.3747591089043567,796.3201530183970362,468.1304023845673328,89.7513137211964107,363.1053309396074269,308.9365967117848299,0.9855352060082941,-1.6749231944643981,9.7774826777570549,11.6358954492535283,4.5451228897336406,3.3830296442892296,7.8185203779551937,6.8684443084197451,2.8579496000485096,3.9608167849122333,1.9589622998018619,4.7674511408337823,0.5250800442407202,0.5843061048214069,0.9891563107809702,2.7122041094066560,111.4893009708251270,109.9850292410753667,41.0927806255900308,33.9387644094159100,77.3948639083872507,78.1569433570512331,28.8935093327029016,34.2055388701082634,34.0944370624378763,31.8280858840241407,5.0452550767130075,6.8872417554817700
30,582.3411103718646018,591.8705052090964500,0.0962834582566329,470.3895115773968882,5.7385967666685564,5.7385967666685564,23861.5219492554024328,0.0000000000000000,0.0000000000000000,362.7424875897031029,114.2400696536582956,21.8830726773755693,107.2755357178748739,75.3756325956713340,796.3574524655252844,468.1523295016027078,89.7420576111029362,363.1139758595219860,308.9366889638687894,0.9857002297354389,-1.6809464735801214,9.7170436331575623,11.5796617997404390,4.5205810022103394,3.3659911444726252,7.7638100777164070,6.8218974351673971,2.8410946552370846,3.9374877118141995,1.9532335554411540,4.7577643645730410,0.5248964892355404,0.5830932903961402,0.9892021562708746,2.7420721568612834,111.5152456738629212,109.9766361232183698,41.0982653166238521,33.9405206055029183,77.4110682814714153,78.1536695992346466,28.8927742001335659,34.2112216189293861,34.1041773923915130,31.8229665239837232,5.0477464053693550,6.8870436976944678
31,582.3627582039983963,591.7976328536482242,0.0962730187311978,470.3949724834325821,5.7386005788879295,5.7386005788879295,23859.4216979362572602,0.0000000000000000,0.0000000000000000,362.7520166556737422,114.2430706838586900,21.8826687524538031,107.2733629692914548,75.3763074677201956,796.3910244005800223,468.1720653370031187,89.7335014867969676,363.1216095141411415,308.9368877702034979,0.9858445848154381,-1.6862108519171706,9.6601833308954692,11.5264258319242288,4.4977311454093583,3.3498884527771806,7.7125082252565287,6.7778206276718329,2.8251737314473129,3.9158299994932944,1.9476751056389408,4.7486052042523959,0.5247147213298677,0.5819011459160639,0.9892433925789437,2.7694111091639542,111.5393120031091456,109.9693165409181006,41.1034432829624450,33.9421731399051723,77.4260630834891117,78.1510512862211471,28.8921250381128552,34.2165133464938691,34.1132489196200481,31.8182652546969607,5.0500481017923189,6.8869299364685794
32,582.3820730944086108,591.7341420498642037,0.0962633674341018,470.3996199266290432,5.7386031337548422,5.7386031337548422,23857.5448279929987621,0.0000000000000000,0.0000000000000000,362.7604207183916287,114.2457174118905954,21.8821418264566070,107.2712714897244410,75.3768107340079183,796.4212002556332664,468.1898047287726286,89.7255998689770564,363.1283484369046164,308.9371752143196659,0.9859704146995331,-1.6908201795936524,9.6066376792590269,11.4760099396039781,4.4764348375773988,3.3346631941873048,7.6643580495021677,6.7360618055578581,2.8101283667730708,3.8957059170775326,1.9422796297568581,4.7399481340461191,0.5245348274142340,0.5807289204998662,0.9892805322155094,2.7943933018371183,111.5616060299832668,109.9629621608095533,41.1083168835479285,33.9437374241541505,77.4399197127088286,78.1490092214070700,28.8915627030307789,34.2214287315635630,34.1216863172744382,31.8139529394024727,5.0521747211233752,6.8868881519843663
33,582.3992584451214043,591.6790113433301030,0.0962544655544464,470.4035532522318590,5.7386046047638315,5.7386046047638315,23855.8698884397454094,0.0000000000000000,0.0000000000000000,362.7677692215249863,114.2480317079505312,21.8815252650878023,107.2692580798666597,75.3771664068791409,796.4482848993375228,468.2057268991555361,89.7183079807752364,363.1342951723652277,308.9375354334791268,0.9860796709865973,-1.6948643285564451,9.5561669059833765,11.4282484852829942,4.4565671119640253,3.3202612596720660,7.6191266595299840,6.6964800188898366,2.7959043855147048,3.8769912120531820,1.9370402464533936,4.7317684663931576,0.5243568741573611,0.5795758999108436,0.9893140247480879,2.8171876723689593,111.5822345178231672,109.9574733259065482,41.1128920560531128,33.9452256296808983,77.4527090795765787,78.1474726991200015,28.8910859729237721,34.2259845015881226,34.1295254382465885,31.8100006267865503,5.0541396567571271,6.8869075544649867
34,582.4145035389375380,591.6313167875732688,0.0962462718906851,470.4068597923492234,5.7386051446111397,5.7386051446111397,23854.3771986165374983,0.0000000000000000,0.0000000000000000,362.7741345870348368,114.2500363802017773,21.8808461952258391,107.2673196951408841,75.3773957510626502,796.4725583407191607,468.2199964562403238,89.7115824279312477,363.1395400972083394,308.9379544745190174,0.9861741289301623,-1.6984211175266744,9.5085528226401372,11.3829868286865192,4.4380149454218563,3.3066324285806417,7.5766023469009127,6.6589444582109456,2.7824515184546801,3.8595735423425808,1.9319504757392236,4.7240423704755736,0.5241809101259614,0.5784414030792758,0.9893442655205894,2.8379575668191137,111.6013030942377497,109.9527588005554293,41.1171773903480329,33.9466473418695429,77.4645006556551721,78.1463787059401795,28.8906921032315616,34.2301986895140473,34.1368024385825635,31.8063800946152568,5.0559552386379831,6.8869787008339856
35,582.4279839488149264,591.5902230360774183,0.0962387441516626,470.4096164363915591,5.7386048877155522,5.7386048877155522,23853.0487309570598882,0.0000000000000000,0.0000000000000000,362.7795902176817435,114.2517545456950074,21.8801265582156610,107.2654534586313844,75.3775175411905280,796.4942773999339352,468.2327643761417448,89.7053816421278327,363.1441629777601747,308.9384201283909306,0.9862554016469500,-1.7015579525425419,9.4635964497664098,11.3400804524025158,4.4206759000909397,3.2937300310254889,7.5365922451297678,6.6233335695054070,2.7697230633027279,3.8433511211720930,1.9270042046366416,4.7167468828971080,0.5240069677227609,0.5773247789188464,0.9893716029832451,2.8568592779431583,111.6189149118897745,109.9487353872357431,41.1211833899408887,33.9480100876840751,77.4753617936213743,78.1456711587348423,28.8903772651181079,34.2340900560868420,34.1435531182683860,31.8030642285009151,5.0576328225659690,6.8870933338540476
36,582.4398620724761031,591.5549753747558270,0.0962318399263565,470.4118909671258280,5.7386039524052856,5.7386039524052856,23851.8679982793946692,0.0000000000000000,0.0000000000000000,362.7842090078293040,114.2532091613692842,21.8793839906365655,107.2636566602994463,75.3775483137973481,796.5136773301607036,468.2441689564589637,89.6996661526803365,363.1482343068263958,308.9389217591585179,0.9863249531905333,-1.7043332298683449,9.4211159483582456,11.2993941730078866,4.4044569451427256,3.2815106453605258,7.4989202922798395,6.5895342612662713,2.7576755804060897,3.8282315417297212,1.9221956560784048,4.7098599117416153,0.5238350649544363,0.5762254034130043,0.9893963448894172,2.8740411273230819,111.6351696897317538,109.9453274673970355,41.1249218843866657,33.9493197614319087,77.4853572546868747,78.1453001937375831,28.8901368900104067,34.2376776435809447,34.1498124350448791,31.8000272736594525,5.0591828714215001,6.8872442408057228
37,582.4502877492127482,591.5248925486542930,0.0962255173980325,470.4137432032005108,5.7386024428216933,5.7386024428216933,23850.8199458599374339,0.0000000000000000,0.0000000000000000,362.7880622467016565,114.2544226786500872,21.8786325608014849,107.2619267483136696,75.3775026056661801,796.5309733786388051,468.2543367339577571,89.6943987344288303,363.1518164548868413,308.9394501370542230,0.9863841106178008,-1.7067975393813377,9.3809448125595196,11.2608014276044912,4.3892734313046882,3.2699338265234825,7.4634254518395018,6.5574411925767633,2.7462686194827173,3.8141307543557721,1.9175193607200183,4.7033602350277270,0.5236652070407655,0.5751426769489164,0.9894187635614828,2.8896429505366115,111.6501630502051086,109.9424665028198831,41.1284055633182817,33.9505809682269089,77.4945488948534376,78.1452215132578090,28.8899659391130932,34.2409804341283035,34.1556141553516710,31.7972449895620635,5.0606150291138130,6.8874251291899791
38,582.4593989264549236,591.4993602688107330,0.0962197358610560,470.4152259807603969,5.7386004505815498,5.7386004505815498,23849.8908484707499156,0.0000000000000000,0.0000000000000000,362.7912188255471619,114.2554167937579450,21.8778833845428338,107.2602613163232945,75.3773931742706509,796.5463622782259563,468.2633833614086143,89.6895444670154944,363.1549646644371023,308.9399972811052066,0.9864340751497410,-1.7089946996789074,9.3429302858547647,11.2241836270300919,4.3750481955269498,3.2589618615777516,7.4299601544811598,6.5269561325926739,2.7354644737018643,3.8009721736486801,1.9129701313736049,4.6972274944374179,0.5234973878758875,0.5740760218782693,0.9894391003866853,2.9037958790784018,111.6639860860642415,109.9400905227389842,41.1316476086919067,33.9517973008083942,77.5029954726948773,78.1453957916789363,28.8898591128413500,34.2440170913977440,34.1609906133693570,31.7946947310600407,5.0619381879670415,6.8876305172941645
39,582.4673223517419274,591.4778253092039222,0.0962144560853486,470.4163860003938566,5.7385980562324903,5.7385980562324903,23849.0682124880841002,0.0000000000000000,0.0000000000000000,362.7937446805736954,114.2562122722696785,21.8771451399433623,107.2586580891200896,75.3772311985595422,796.5600236636872751,468.2714144401762724,89.6850707314425364,363.1577279112737529,308.9405563141596645,0.9864759325088894,-1.7109626506611288,9.3069319691789669,11.1894295681597615,4.3617107769194732,3.2485595492738955,7.3983889293773011,6.4979873830822186,2.7252279579217831,3.7886858966337820,1.9085430398016650,4.6914421850775412,0.5233315913521123,0.5730248802856914,0.9894575696720032,2.9166223387108090,111.6767251045929612,109.9381436139108956,41.1346614064695046,33.9529715623018618,77.5107525498754057,78.1457881393807838,28.8898110121227987,34.2468057687093292,34.1659725547175483,31.7923554745301082,5.0631605501790657,6.8878556377601781
40,582.4741742719614876,591.4597901217980507,0.0962096405633842,470.4172645607098389,5.7385953305304591,5.7385953305304591,23848.3406831183674512,0.0000000000000000,0.0000000000000000,362.7957024189191202,114.2568288313235314,21.8764244974336570,107.2571149082091324,75.3770264598983317,796.5721214092955051,468.2785263065507024,89.6809471629854329,363.1601496525007065,308.9411213314242559,0.9865106625017288,-1.7127342249328041,9.2728205943653972,11.1564348987007449,4.3491967281617887,3.2386940008665208,7.3685871987295997,6.4704492567687391,2.7155262083102585,3.7772080162148312,1.9042333956357971,4.6859856419320067,0.5231677925562621,0.5719887119469579,0.9894743619623023,2.9282362034491314,111.6884615080008700,109.9365754250543858,41.1374603226055768,33.9541059450792702,77.5178724620832611,78.1463676214693095,28.8898162611595168,34.2493639700591004,34.1705890459176018,31.7902078035850764,5.0642896839197560,6.8880963525464765
41,582.4800611264552117,591.4448079113076346,0.0962052536668719,470.4178981959179850,5.7385923355633617,5.7385923355633617,23847.6979567344933457,0.0000000000000000,0.0000000000000000,362.7971510865629057,114.2572850665267197,21.8757264789846317,107.2556297181751574,75.3767875039111885,796.5828048862323385,468.2848067709321640,89.6771455744956256,363.1622684777428276,308.9416872825610199,0.9865391479038903,-1.7143378158024731,9.2404769404799136,11.1251016287319722,4.3374470091063806,3.2293344597790083,7.3404402132706892,6.4442616051571031,2.7063285009309741,3.7664800166459247,1.9000367272092258,4.6808400235748673,0.5230059588480345,0.5709669924604562,0.9894896469066468,2.9387430591347510,111.6992717774413251,109.9353406929873671,41.1400575310893828,33.9552021739444498,77.5244043430085696,78.1471068272775824,28.8898695993694972,34.2517084531992211,34.1748674344327412,31.7882338657097847,5.0653325745749544,6.8883490778901635
42,582.4850802243049657,591.4324781216929523,0.0962012617343158,470.4183192317273665,5.7385891257413348,5.7385891257413348,23847.1306982704991242,0.0000000000000000,0.0000000000000000,362.7981460460208609,114.2575984134371794,21.8750547578814825,107.2542005543232762,75.3765217844917430,796.5922101398292625,468.2903358098924400,89.6736398604136298,363.1641186774040762,308.9422498667623813,0.9865621826983019,-1.7157979567547308,9.2097908740068206,11.0953376839684132,4.3264074513711659,3.2204521380152560,7.3138421098936153,6.4193493903290495,2.6976060871858598,3.7564482398345556,1.8959487641132071,4.6759882936393629,0.5228460508293962,0.5699592115366102,0.9895035757423155,2.9482405417385280,111.7092275349133672,109.9343987948756620,41.1424658840937667,33.9562616203240495,77.5303941878011358,78.1479814862240545,28.8899659487342291,34.2538551660355139,34.1788333471122314,31.7864173086515933,5.0662956715898213,6.8886107180582545
43,582.4893203988872301,591.4224422942953652,0.0961976331060205,470.4185562714003481,5.7385857486709613,5.7385857486709613,23846.6304635851956846,0.0000000000000000,0.0000000000000000,362.7987389385097572,114.2577851356479783,21.8744119086968034,107.2528255317996440,75.3762357914981749,796.6004609878519886,468.2951862118196686,89.6704058890508975,363.1657307396006900,308.9428054398732684,0.9865804797105517,-1.7171358249002733,9.1806604966914698,11.0670564963583615,4.3160282844316082,3.2120200674816815,7.2886950753851663,6.3956422958856578,2.6893320442681654,3.7470634130005052,1.8919654213063044,4.6714142004727037,0.5226880232135160,0.5689648714311035,0.9895162834539066,2.9568187240542159,111.7183956627149968,109.9337133289554913,41.1446978161270280,33.9572853929029677,77.5358849453978962,78.1489701255714238,28.8901004615844315,34.2558192092933993,34.1825107173171006,31.7847432033840605,5.0671849313185353,6.8888786068336287
44,582.4928626349981187,591.4143802636718874,0.0961943381195208,470.4186346218291987,5.7385822459282023,5.7385822459282023,23846.1896266750154609,0.0000000000000000,0.0000000000000000,362.7989777105906342,114.2578603331781295,21.8737996155192782,107.2515028362312393,75.3759351637255435,796.6076700419686176,468.2994241774062516,89.6674213886500553,363.1671317855979737,308.9433509324818488,0.9865946776812844,-1.7183696789581813,9.1529913872151756,11.0401766281624401,4.3062637151472627,3.2040129646104853,7.2649086025926808,6.3730743728125221,2.6814811390092230,3.7382802296384474,1.8880827846224952,4.6671022553499180,0.5225318256012624,0.5679834855088156,0.9895278906551011,2.9645605309490293,111.7268384644007853,109.9332517246609342,41.1467652755710134,33.9582744091400528,77.5409166314066169,78.1500537657911281,28.8902685528938896,34.2576148197555881,34.1859218329941754,31.7831979588698026,5.0680058562461623,6.8891504558154280
45,582.4957806654899741,591.4080066619196714,0.0961913490756076,470.4185766679067910,5.7385786537426808,5.7385786537426808,23845.8013115919675329,0.0000000000000000,0.0000000000000000,362.7989066894572261,114.2578379661836294,21.8732188451924046,107.2502307158215729,75.3756247887256592,796.6139396551864138,468.3031098766157356,89.6646658312118774,363.1683459520851898,308.9438837778488391,0.9866053478119650,-1.7195152407144043,9.1266959248636805,11.0146214261303790,4.2970715538446207,3.1964071068719426,7.2423988273244504,6.3515837165595226,2.6740297036991429,3.7300569769182346,1.8842970975392304,4.6630377095708546,0.5223774031727998,0.5670145769263857,0.9895385052328167,2.9715421683247740,111.7346138546168248,109.9329848821002003,41.1486796781957480,33.9592294512877970,77.5455264550367360,78.1512156495136878,28.8904659203758030,34.2592553694665511,34.1890873995800817,31.7817692325865124,5.0687635309119958,6.8894243087291995
46,582.4981415356365915,591.4030677060227390,0.0961886401829169,470.4184022021484566,5.7385750036041880,5.7385750036041880,23845.4593289032127359,0.0000000000000000,0.0000000000000000,362.7985666942823855,114.2577308900241349,21.8726699912255498,107.2490074747806261,75.3753088909508904,796.6193627985177272,468.3062979640454273,89.6621203169304977,363.1693947273678305,308.9444018485767742,0.9866129998175590,-1.7205860275636873,9.1016926850201472,10.9903187027952498,4.2884128810715705,3.1891802199337844,7.2210879359399396,6.3311121720736692,2.6669555226324344,3.7223552036493199,1.8806047490802065,4.6592065307215815,0.5222246973013501,0.5660576774222501,0.9895482237870534,2.9778335547687931,111.7417755679095137,109.9328868401612169,41.1504518782218796,33.9601512098785960,77.5497489549872370,78.1524410003752337,28.8906885550474257,34.2607533771799453,34.1920266129222767,31.7804458397859833,5.0694626548311676,6.8896985010419369
47,582.5000061344310325,591.3993382457608732,0.0961861874873253,470.4181287154736424,5.7385713228008148,5.7385713228008148,23845.1581165144962142,0.0000000000000000,0.0000000000000000,362.7979951736409134,114.2575508985422346,21.8721529931316852,107.2478314679418219,75.3749911095889047,796.6240238704644980,468.3090380547962468,89.6597674612476681,363.1702972475318347,308.9449034010015112,0.9866180875174140,-1.7215936426278393,9.0779058977223439,10.9672004422546081,4.2802517499729484,3.1823113743733664,7.2009036349824793,6.3116050639106884,2.6602377282776422,3.7151394237690680,1.8770022627398637,4.6555953783439197,0.5220736460957240,0.5651123262038805,0.9895571328944888,2.9834987478177482,111.7483733787835405,109.9329344720932369,41.1520921533048778,33.9610403171016841,77.5536161403234132,78.1537168084201852,28.8909327444192137,34.2621205290413400,34.1947572384601344,31.7792176636730446,5.0701075726824705,6.8899716242635405
48,582.5014296927101896,591.3966190520442296,0.0961839687910170,470.4177716541464633,5.7385676348968113,5.7385676348968113,23844.8926846692556865,0.0000000000000000,0.0000000000000000,362.7972263610549817,114.2573087730499850,21.8716674351777449,107.2467010964086427,75.3746745673152674,796.6279994430541365,468.3113751630423280,89.6575912858878894,363.1710705577378349,308.9453870263531030,0.9866210139937019,-1.7225480280103564,9.0552649617163237,10.9452025281113290,4.2725549199396937,3.1757808909765211,7.1817786753887232,6.2930109488872308,2.6538567060987455,3.7083768510169346,1.8734862863276001,4.6521915792240982,0.5219241848777755,0.5641780689227588,0.9895653102195819,2.9885963590197235,111.7544533270269369,109.9331072071420579,41.1536102004722508,33.9618973720534498,77.5571576332674795,78.1550316390635089,28.8911950700489797,34.2633677060809987,34.1972956937594503,31.7780755680785454,5.0707023020044728,6.8902424943912539
49,582.5024622485756254,591.3947343275776802,0.0961819635650173,470.4173446471750140,5.7385639601572693,5.7385639601572693,23844.6585649284206738,0.0000000000000000,0.0000000000000000,362.7962914423672487,114.2570143350404805,21.8712126278982346,107.2456148040762400,75.3743619310637172,796.6313589482759880,468.3133501055642682,89.6555771147808684,363.1717298430987739,308.9458516078527737,0.9866221363451018,-1.7234576859628614,9.0337040074515969,10.9242644915106233,4.2652916177785585,3.1695702537685477,7.1636504248119728,6.2752813890279651,2.6477940071680388,3.7020371610501681,1.8700535826396232,4.6489831024826573,0.5217762466005089,0.5632544567283905,0.9895728254933728,2.9931799537197463,111.7600579437136759,109.9333867766675610,41.1550151405861797,33.9627229594834645,77.5604008115372068,78.1563754629442684,28.8914724008645258,34.2645050165672700,34.1996571321764691,31.7770113137232997,5.0712505586189414,6.8905101240189071
50,582.5031490809562911,591.3935294233169770,0.0961801528581193,470.4168597078337370,5.7385603159257483,5.7385603159257483,23844.4517629314577789,0.0000000000000000,0.0000000000000000,362.7952187299561047,114.2566765010542156,21.8707876751825552,107.2445710748854850,75.3740554657844370,796.6341653087550867,468.3149998725020282,89.6537114754205788,363.1722886329482662,308.9462962829995831,0.9866217700619428,-1.7243298720772611,9.0131615033255343,10.9043292774392189,4.2584333231535734,3.1636620300199727,7.1464604824502658,6.2583707428166964,2.6420322678078167,3.6960922777602105,1.8667010208752699,4.6459585346225225,0.5216297622121560,0.5623410453933626,0.9895797413771882,2.9972984328286998,111.7652264744072568,109.9337569831032084,41.1563155293476939,33.9635176633621185,77.5633709484321798,78.1577395043031373,28.8917618833821663,34.2655418316580196,34.2018555259750912,31.7760174788000711,5.0717557799799522,6.8907736976896743
51,582.5035311124438522,591.3928687455878617,0.0961785192044635,470.4163274124711052,5.7385567169602663,5.7385567169602663,23844.2687147384058335,0.0000000000000000,0.0000000000000000,362.7940338398809672,114.2563033384682427,21.8703915292996562,107.2435684306753387,75.3737570820454152,796.6364755164318012,468.3163579675410801,89.6519820059623385,363.1727589817957664,308.9467204103842732,0.9866201930476421,-1.7251707640563865,8.9935799002217820,10.8853430276528513,4.2519535754795417,3.1580397965545872,7.1301543314991189,6.2422359729830479,2.6365551355834480,3.6905161809774274,1.8634255687226635,4.6431070546698034,0.5214846609711394,0.5614373945021145,0.9895861142260065,3.0009963948549654,111.7699950969778229,109.9342034901084446,41.1575193732271316,33.9642820763518998,77.5660913493212831,78.1591161057914974,28.8920609297234456,34.2664868231063124,34.2039037476565326,31.7750873843169472,5.0722211466284532,6.8910325501208209
52,582.5036452827307585,591.3926338398953249,0.0961770465314800,470.4157570593444007,5.7385531757323358,5.7385531757323358,23844.1062465527102177,0.0000000000000000,0.0000000000000000,362.7927598688857529,114.2559021212405668,21.8700230358432393,107.2426054295215465,75.3734683782203660,796.6383411629300326,468.3174547196986168,89.6503773681641718,363.1731516298228826,308.9471235404645881,0.9866176493100272,-1.7259856091396131,8.9749053100187357,10.8672548787731547,4.2458277998140357,3.1526880717614527,7.1146810249729207,6.2268364692508111,2.6313472010449748,3.6852847331173382,1.8602242850458159,4.6404184095223444,0.5213408707164778,0.5605430666966978,0.9895919947641244,3.0043144772559174,111.7743971321515062,109.9347136322965923,41.1586341490069785,33.9650168060651296,77.5685834835442591,78.1604986078666002,28.8923672041496573,34.2673480020346091,34.2058136486072470,31.7742150244299992,5.0726496019154741,6.8912861469723703
53,582.5035248940841939,591.3927216384855683,0.0961757200694821,470.4151568098326948,5.7385497026932120,5.7385497026932120,23843.9615376274850860,0.0000000000000000,0.0000000000000000,362.7914175689067520,114.2554793848687780,21.8696809702650405,107.2416806644558989,75.3731906779176910,796.6398089251412102,468.3183175687825042,89.6488871661488389,363.1734761453768101,308.9475053897991756,0.9866143523449045,-1.7267788528529042,8.9570872142866111,10.8500167742480471,4.2400331496078083,3.1475922527775575,7.0999929011747858,6.2121338846444010,2.6263939346797378,3.6803755226344346,1.8570943131118249,4.6378828896036453,0.5211983180978197,0.5596576269733737,0.9895974286840379,3.0072896767506023,111.7784632454738016,109.9352762429757178,41.1596668258745808,33.9657224788255263,77.5708671110300827,78.1618812411447550,28.8926786086834007,34.2681327580047324,34.2075961344437189,31.7733950018309557,5.0730438701421239,6.8915340678698458
54,582.5031999303980683,591.3930428596265756,0.0961745262638587,470.4145338141008210,5.7385463065109823,5.7385463065109823,23843.8320861612664885,0.0000000000000000,0.0000000000000000,362.7900255172759785,114.2550409799928701,21.8693640673966989,107.2407927624839630,75.3729250632154901,796.6409210094141145,468.3189713265157934,89.6475018708666624,363.1737410516168438,308.9478658183142556,0.9866104882331268,-1.7275542514052571,8.9400781998585739,10.8335832890039434,4.2345483644425466,3.1427385573648232,7.0860453255558786,6.1980919840994462,2.6216816285958529,3.6757677224181275,1.8540328743026941,4.6354913049044963,0.5210569287689704,0.5587806420244192,0.9896024571779479,3.0099556486724026,111.7822216398092365,109.9358814984155543,41.1606238892082104,33.9663997415159358,77.5729604031622983,78.1632590302792210,28.8929932682648669,34.2688478977835089,34.2092612366469524,31.7726224681363334,5.0734064732510715,6.8917759914246997
55,582.5026973513481607,591.3935205473804899,0.0961734526905484,470.4138943229982033,5.7385429942817314,5.7385429942817314,23843.7156779944307345,0.0000000000000000,0.0000000000000000,362.7886002812805373,114.2545921242206219,21.8690710451370975,107.2399403838237220,75.3726724041981839,796.6417155575428524,468.3194384152034218,89.6462127500718680,363.1739539391744529,308.9482048092227160,0.9866062184712783,-1.7283149697543152,8.9238337183646426,10.8179114657360493,4.2293536411163686,3.1381139700552545,7.0727964561030188,6.1846765042549086,2.6171973425068060,3.6714419614963667,1.8510372622616242,4.6332349614811417,0.5209166275484483,0.5579116796200021,0.9896071174100536,3.0123429857622881,111.7856982378509230,109.9365207772382149,41.1615113653707212,33.9670492619834619,77.5748800576049433,78.1646277080995020,28.8933095157914543,34.2694996833451739,34.2108181802459725,31.7718930691387200,5.0737397461920057,6.8920116820255499
56,582.5020413632249756,591.3940887414034933,0.0961724879752659,470.4132437877643724,5.7385397717175968,5.7385397717175968,23843.6103579236587393,0.0000000000000000,0.0000000000000000,362.7871565761014949,114.2541374518680328,21.8688006232938079,107.2391222213075821,75.3724333852237010,796.6422270175902440,468.3197390857275195,89.6450118035842678,363.1741215664567903,308.9485224512815762,0.9866016825550420,-1.7290636671072281,8.9083118671659456,10.8029606618865923,4.2244305166372182,3.1337061921821157,7.0602070297375370,6.1718550234198286,2.6129288536317934,3.6673802086117830,1.8481048374284093,4.6311056384667637,0.5207773385503224,0.5570503080254356,0.9896114429367024,3.0144794770346124,111.7889168543822080,109.9371865336179468,41.1623348469655781,33.9676717283811840,77.5766414069448160,78.1659836388976430,28.8936258773085584,34.2700938687663452,34.2122754474373991,31.7712028947203073,5.0740458510726265,6.8922409781992320
57,582.5012536679446384,591.3946912669501899,0.0961716217167837,470.4125869489078582,5.7385366433142702,5.7385366433142702,23843.5144034576842387,0.0000000000000000,0.0000000000000000,362.7857074154598536,114.2536810614028866,21.8685515384076119,107.2383369998938178,75.3722085282967242,796.6424864823731014,468.3198916165315495,89.6438917035772107,363.1742499490140403,308.9488189230996795,0.9865970003332764,-1.7298025714004464,8.8934731894294519,10.7886924064523679,4.2197617618570273,3.1295035954538979,7.0482401675065578,6.1595968408098631,2.6088646101656026,3.6635656664074898,1.8452330219228932,4.6290955656425039,0.5206389852882952,0.5561960954495377,0.9896154640805640,3.0163903475068707,111.7918993582442084,109.9378721830683787,41.1630995181262662,33.9682678477511857,77.5782585211185847,78.1673237498787898,28.8939410575544358,34.2706357357626175,34.2136408371256167,31.7705484331895889,5.0743267901967517,6.8924637823636461
58,582.5003536917510019,591.3952806359492342,0.0961708444144527,470.4119279154735977,5.7385336125001292,5.7385336125001292,23843.4263008454836381,0.0000000000000000,0.0000000000000000,362.7842642545315925,114.2532265604535695,21.8683225552587466,107.2375834762489291,75.3719982138737521,796.6425219982820636,468.3199124951652266,89.6428457396265230,363.1743444392246829,308.9490944792627261,0.9865922741498154,-1.7305335441102709,8.8792804913462362,10.7750702658436577,4.2153312846292357,3.1254951787621108,7.0368611966068926,6.1478728642388356,2.6049936880063718,3.6599826751090312,1.8424192947393441,4.6271974016048221,0.5205014907557388,0.5553486095202042,0.9896192082642038,3.0180984796929664,111.7946658241205569,109.9385719996851236,41.1638101795047007,33.9688383440915089,77.5797443036796608,78.1686454699078013,28.8942539260093021,34.2711301276902063,34.2149215204408890,31.7699265297773259,5.0745844180822095,6.8926800518144935
59,582.4993587950187930,591.3958170505298995,0.0961701474000360,470.4112702357484181,5.7385306817690207,5.7385306817690207,23843.3447232149846968,0.0000000000000000,0.0000000000000000,362.7828371248942290,114.2527771083084502,21.8681124756388243,107.2368604383655537,75.3718026993862367,796.6423588468970820,468.3198165838371096,89.6418677682419087,363.1744097973828502,308.9493494380582774,0.9865875907890537,-1.7312581365790134,8.8656986747253992,10.7620597180879685,4.2111240415023872,3.1216705279443135,7.0260374875072991,6.1366555055302872,2.6013057504601629,3.6566166247187275,1.8396611872181010,4.6254042125576813,0.5203647774841507,0.5545074167836600,0.9896227003077371,3.0196246178233110,111.7972346743720919,109.9392810237995945,41.1644712727031106,33.9693839560998256,77.5811105820267244,78.1699466747836738,28.8945635035567960,34.2715814818972220,34.2161240923453676,31.7693343490159315,5.0748204525430296,6.8928897908058850
60,582.4982844645546720,591.3962675010028534,0.0961695227738633,470.4106169603459762,5.7385278527984394,5.7385278527984394,23843.2685106683275080,0.0000000000000000,0.0000000000000000,362.7814347614175858,114.2523354558780539,21.8679201448795268,107.2361667051908540,75.3716221357322098,796.6420198017148095,468.3196172703360958,89.6409521666125642,363.1744502551551363,308.9495841706252008,0.9865830232404141,-1.7319776388969075,8.8526945833953672,10.7496280347352542,4.2071259570757347,3.1180197782505998,7.0157383046313395,6.1259185829845659,2.5977910106683342,3.6534538748515590,1.8369562787640277,4.6237094517506883,0.5202287675822658,0.5536720822241760,0.9896259626946915,3.0209875557858084,111.7996228112402974,109.9399949790845881,41.1650869039569045,33.9699054347449589,77.5823681917650561,78.1712256383623725,28.8948689498318920,34.2719938603563534,34.2172546194752414,31.7687693407222120,5.0750364849130660,6.8930930436005529
61,582.4971444896830235,591.3966049507723710,0.0961689633452519,470.4099706984962950,5.7385251265546602,5.7385251265546602,23843.1966521877111518,0.0000000000000000,0.0000000000000000,362.7800647211284399,114.2519039831297079,21.8677444565501915,107.2355011262435340,75.3714565819537086,796.6415253621152033,468.3193266055728827,89.6400937903006962,363.1744695722527467,308.9497990913645253,0.9865786322958900,-1.7326931222530515,8.8402368620191538,10.7377441698774962,4.2033238502416479,3.1145335792855864,7.0059346692350006,6.1156372302997015,2.5944401965277315,3.6504816814403100,1.8343021927841534,4.6221069395777938,0.5200933827578550,0.5528421688013376,0.9896290158096621,3.0222043097926274,111.8018457397997736,109.9407101982327930,41.1656608669286328,33.9704035407847513,77.5835270554077567,78.1724809889254573,28.8951695513031481,34.2723709785491906,34.2183186843920168,31.7682292093073357,5.0752339894816059,6.8932898883794422
62,582.4959511233745388,591.3968076011550465,0.0961684625771022,470.4093336682657309,5.7385225033862550,5.7385225033862550,23843.1282692134664103,0.0000000000000000,0.0000000000000000,362.7787334941818358,114.2514847340361825,21.8675843556692726,107.2348625812046947,75.3713060182944901,796.6408939665524258,468.3189554289076568,89.6392879346316107,363.1744710870610220,308.9499946494768778,0.9865744679940002,-1.7334054755588646,8.8282958260829396,10.7263786557453251,4.1997053666259614,3.1112030622190634,6.9965992332634901,6.1057878113999102,2.5912445178950190,3.6476881296237336,1.8316965928194482,4.6205908443454149,0.5199585443240443,0.5520172370022282,0.9896318781509423,3.0232902767621113,111.8039176820828402,109.9414235564045157,41.1661966645148709,33.9708790423208526,77.5845962556503679,78.1737116702596495,28.8954647101154762,34.2727162326021499,34.2193214264324794,31.7677118861448662,5.0754143322053782,6.8934804319127236
63,582.4947152295819706,591.3968582295736951,0.0961680145345473,470.4087077413597058,5.7385199831072020,5.7385199831072020,23843.0626007640639727,0.0000000000000000,0.0000000000000000,362.7774466071381880,114.2510794491011836,21.8674388407191600,107.2342499794699080,75.3711703578065482,796.6401421867944919,468.3185134823372096,89.6385302995432909,363.1744577618898120,308.9501713215046266,0.9865705709226195,-1.7341154370505389,8.8168433419514525,10.7155035043888827,4.1962589166130675,3.1080198090772537,6.9877061631034616,6.0963478406751221,2.5881956358854481,3.6450620722069260,1.8291371788479898,4.6191556637137614,0.5198241731918056,0.5511968444061417,0.9896345665209172,3.0242593793851427,111.8058516828228051,109.9421324117118957,41.1666975296019899,33.9713327124595992,77.5855841034679088,78.1749169069724559,28.8957539337036806,34.2730327246966411,34.2202675793548963,31.7672155047394398,5.0755787787559159,6.8936648049053471
64,582.4934464178772942,591.3967435949758737,0.0961676138375132,470.4080944830799922,5.7385175650707376,5.7385175650707376,23842.9989899756146770,0.0000000000000000,0.0000000000000000,362.7762087188035593,114.2506895955427808,21.8673069647069234,107.2336622596541247,75.3710494566556406,796.6392849048976359,468.3180095145325481,89.6378169576687185,363.1744322234258675,308.9503296047710137,0.9865669733923685,-1.7348236214925716,8.8058527160014979,10.7050921149896734,4.1929736184088515,3.1049758239433283,6.9792310322626285,6.0872959081789855,2.5852856340932169,3.6425930731491833,1.8266216837388685,4.6177962068106888,0.5196901898501114,0.5503805452596685,0.9896370961966556,3.0251241988080864,111.8076597072755618,109.9428345520734638,41.1671664447334038,33.9717653271309175,77.5864982012932813,78.1760961736217865,28.8960368251746509,34.2733232867934774,34.2211615059822734,31.7667383784516879,5.0757285019562666,6.8938431579399246
65,582.4921531664385839,591.3964539048084816,0.0961672556170399,470.4074951879430273,5.7385152482349255,5.7385152482349255,23842.9368719455887913,0.0000000000000000,0.0000000000000000,362.7750237089256302,114.2503163952267897,21.8671878354741054,107.2330983890433771,75.3709431232571916,796.6383354744782537,468.3174513756451347,89.6371443254492988,363.1743967988996360,308.9504700116271465,0.9865637004914543,-1.7355305435300554,8.7952985919485407,10.6951191863855986,4.1898392456529416,3.1020635059107118,6.9711507221105125,6.0786116093721674,2.5825069915756313,3.6402713555927280,1.8241478698380282,4.6165075770134321,0.5195565143350805,0.5495678900602138,0.9896394810828932,3.0258960958232279,111.8093527315822513,109.9435281478338737,41.1676061606733583,33.9721776631023928,77.5873455015403692,78.1772491672838896,28.8963130744459242,34.2735905027249572,34.2220072300418821,31.7662789805499806,5.0758645886564686,6.8940156579484038
66,582.4908429343431635,591.3959823382090235,0.0961669354752078,470.4069109114198568,5.7385130312208474,5.7385130312208474,23842.8757627736231370,0.0000000000000000,0.0000000000000000,362.7738947600740858,114.2499608504537036,21.8670806154265058,107.2325573629894961,75.3708511263611030,796.6373058677154404,468.3168461037247994,89.6365091370900586,363.1743535484303607,308.9505930644220939,0.9865607710321583,-1.7362366376725298,8.7851568555725166,10.6855606344230321,4.1868461791429326,3.0992756236459842,6.9634433299035710,6.0702754790328335,2.5798525574566704,3.6380877539967331,1.8217135256689461,4.6152851553901986,0.5194230661893137,0.5487584251461994,0.9896417338493099,3.0265853214122131,111.8109408261297517,109.9442117096004523,41.1680192138676873,33.9725704962154538,77.5881323607338231,78.1783757832252348,28.8965824501223558,34.2738367287160344,34.2228084653959286,31.7658359263752175,5.0759880460930997,6.8941824851516529
67,582.4895222640743668,591.3953246204946481,0.0961666494485109,470.4063424981925436,5.7385109123642071,5.7385109123642071,23842.8152496987095219,0.0000000000000000,0.0000000000000000,362.7728244330417624,114.2496237677051880,21.8669845208261968,107.2320382042451428,75.3707732021873653,796.6362068094035749,468.3162000035252959,89.6359084211867128,363.1743042939473867,308.9506992911255452,0.9865581983984179,-1.7369422753342398,8.7754045461295167,10.6763935137781250,4.1839853622784986,3.0966052914300204,6.9560880833969794,6.0622689289876082,2.5773155270175447,3.6360336699861184,1.8193164627325378,4.6141245847905168,0.5192897644124755,0.5479516922923806,0.9896438660537943,3.0272011174395033,111.8124332323554455,109.9448840508009937,41.1684079428161880,33.9729445998615844,77.5888645895043254,78.1794760933809698,28.8968447920871050,34.2740641124032734,34.2235686428511272,31.7654079574200168,5.0760998077744786,6.8943438304129119
68,582.4881968750933083,591.3944786443344128,0.0961663939745272,470.4057906072952733,5.7385088897610741,5.7385088897610741,23842.7549822393739305,0.0000000000000000,0.0000000000000000,362.7718147361239289,114.2493057794623752,21.8668988207675596,107.2315399622394949,75.3707090607058632,796.6350478992849276,468.3155187184188435,89.6353394798745029,363.1742506450557926,308.9507892215391394,0.9865559913033484,-1.7376477793058545,8.7660197738070149,10.6675959439150549,4.1812482598731142,3.0940459465566077,6.9490652614149715,6.0545741893443754,2.5748894191525369,3.6341010315642448,1.8169545123920443,4.6130217545706795,0.5191565274040708,0.5471472283088697,0.9896458882532070,3.0277518082392447,111.8138384334272359,109.9455442545152408,41.1687745033801633,33.9733007437098564,77.5895474987006821,78.1805503273749878,28.8971000047802171,34.2742746104230704,34.2242909347265538,31.7649939271402459,5.0762007389296384,6.8944998929570929
69,582.4868717492558972,591.3934441333551604,0.0961661658617411,470.4052557344531920,5.7385069613084081,5.7385069613084081,23842.6946642501898168,0.0000000000000000,0.0000000000000000,362.7708671886284151,114.2490073642074861,21.8668228359375938,107.2310617122925152,75.3706583911414043,796.6338377237766508,468.3148072960776176,89.6347998703669333,363.1741940221606910,308.9508633840403036,0.9865541544648935,-1.7383534359876958,8.7569816426430052,10.6591470388717084,4.1786268200162828,3.0915913279772260,6.9423561198131427,6.0471742529334120,2.5725680550779795,3.6322822553736707,1.8146255228298631,4.6119727859382964,0.5190232728992467,0.5463445646426122,0.9896478101029622,3.0282448837915297,111.8151642192113400,109.9461916441776879,41.1691208830560669,33.9736396926921884,77.5901859418617050,78.1815988558464170,28.8973480511360812,34.2744700046427013,34.2249782773496491,31.7645927883312638,5.0762916415561063,6.8946508784133655
70,582.4855512088123533,591.3922223442086761,0.0961659622623854,470.4047382319093344,5.7385051247399348,5.7385051247399348,23842.6340468138951110,0.0000000000000000,0.0000000000000000,362.7699828789684489,114.2487288647192685,21.8667559372480014,107.2306025547710533,75.3706208667746580,796.6325839581438686,468.3140702485372344,89.6342873887717388,363.1741356771382812,308.9509223028112501,0.9865526892072314,-1.7390595056757352,8.7482701783848658,10.6510268405839774,4.1761134387002485,3.0892354560891313,6.9359428223204880,6.0400528226858956,2.5703455381907765,3.6305702117200536,1.8123273560643787,4.6109740178980827,0.5188899178983549,0.5455432269801953,0.9896496404466183,3.0286870751309891,111.8164177459194093,109.9468257577892700,41.1694489142509710,33.9739622062491193,77.5907843542796627,78.1826221758728934,28.8975889471504246,34.2746519171077750,34.2256333916397466,31.7642035819163695,5.0763732590986947,6.8947969971431968
71,582.4842389876879452,591.3908158034176950,0.0961657806481836,470.4042383259936173,5.7385033776579064,5.7385033776579064,23842.5729218949745700,0.0000000000000000,0.0000000000000000,362.7691625176975094,114.2484705047753977,21.8666975444134088,107.2301616141854765,75.3705961491054666,796.6312934600733797,468.3133116072059465,89.6338000560923689,363.1740767118081408,308.9509664955076005,0.9865515939950275,-1.7397662311572422,8.7398662608128515,10.6432162554782970,4.1737009269526428,3.0869726135714854,6.9298083757970454,6.0331942616990419,2.5682162349805640,3.6289581921016483,1.8100578850158069,4.6100219937792550,0.5187563785909216,0.5447427348509943,0.9896513873965286,3.0290844225771139,111.8176055908037654,109.9474463253149139,41.1697602865987307,33.9742690378359882,77.5913467888760238,78.1836208983058043,28.8978227570471091,34.2748218237784172,34.2262588019277345,31.7638254270091025,5.0764462807888808,6.8949384628203152
72,582.4829382966712501,591.3892280756134596,0.0961656187888875,470.4037561326610444,5.7385017175612090,5.7385017175612090,23842.5111166860442609,0.0000000000000000,0.0000000000000000,362.7684064858147508,114.2482324043655950,21.8666471245396394,107.2297380382312468,75.3705838914311670,796.6299723555500805,468.3125349733486473,89.6333361063416021,363.1740180944298118,308.9509964713337240,0.9865508649071029,-1.7404738448424446,8.7317515600963418,10.6356969940787760,4.1713824802407569,3.0847973271810014,6.9239365694853898,6.0265835457552273,2.5661747569064208,3.6274398790109728,1.8078149906109524,4.6091134483235496,0.5186225702745806,0.5439426012297840,0.9896530584064801,3.0294423373330375,111.8187338022462427,109.9480532489769757,41.1700565583572242,33.9745609346880713,77.5918769490962461,78.1845957368531543,28.8980495890160221,34.2749810671243296,34.2268568531499966,31.7634575121238214,5.0765113456720483,6.8950754912328938
73,582.4816518831146368,591.3874635599527210,0.0961654747335213,470.4032916712060910,5.7385001418702322,5.7385001418702322,23842.4484885837082402,0.0000000000000000,0.0000000000000000,362.7677148786762586,114.2480145935207787,21.8666041907798494,107.2293309967750332,75.3705837418894617,796.6286261178569248,468.3117435645281716,89.6328939767137314,363.1739606744310436,308.9510127294869903,0.9865504960556413,-1.7411825746324361,8.7239084767894486,10.6284515133904769,4.1691516499346282,3.0827043504247018,6.9183119178719066,6.0202062180788296,2.5642159431552405,3.6260093177965880,1.8055965589175420,4.6082452953116482,0.5184884072694613,0.5431423321380399,0.9896546603371622,3.0297656569406684,111.8198079455605836,109.9486465861883033,41.1703391669271781,33.9748386378417351,77.5923782190173199,78.1855474987660131,28.8982695914940848,34.2751308676455864,34.2274297265432565,31.7630990874222903,5.0765690463476494,6.8952082992815882
74,582.4803820857256369,591.3855273118222158,0.0961653467942695,470.4028448763303345,5.7384986479489077,5.7384986479489077,23842.3849207362145535,0.0000000000000000,0.0000000000000000,362.7670875458330784,114.2478170248593869,21.8665683011117196,107.2289396807890398,75.3705953460089830,796.6272596404925253,468.3109402574713158,89.6324722997889296,363.1739051955412947,308.9510157579513248,0.9865504799566365,-1.7418926487002331,8.7163200851063181,10.6214629618338954,4.1670023166350303,3.0806886470327712,6.9129196068068275,6.0140483461290799,2.5623348442043250,3.6246608903917696,1.8034004782994901,4.6074146157048155,0.5183538028284462,0.5423414262432610,0.9896561995152059,3.0300586950405091,111.8208331448034869,109.9492265348976758,41.1706094385325656,33.9751028824088550,77.5928536908468942,78.1864770770027917,28.8984829499634230,34.2752723343824499,34.2279794539565927,31.7627494578948841,5.0766199324454337,6.8953371041501166
75,582.4791308849597726,591.3834248870491592,0.0961652335329582,470.4024156087323263,5.7384972331242130,5.7384972331242130,23842.3203181096578192,0.0000000000000000,0.0000000000000000,362.7665241270842102,114.2476395849417798,21.8665390572836955,107.2285633012354822,75.3706183487981605,796.6258773047236446,468.3101276277805027,89.6320698977564803,363.1738523074968725,308.9510060326136909,0.9865508078568714,-1.7426042993416608,8.7089700791464733,10.6147151265181865,4.1649286651892128,3.0787453751593854,6.9077454425614002,6.0080964802404626,2.5605267061157280,3.6233892907334777,1.8012246365850730,4.6066186462777230,0.5182186690436573,0.5415393744557347,0.9896576817864553,3.0303252858307417,111.8218141208631522,109.9497934211485273,41.1708685971003661,33.9753543981008832,77.5933061899771701,78.1873854437617695,28.8986898842418540,34.2754064744726108,34.2285079308859821,31.7624079773867578,5.0766645138590292,6.8954621226277570
76,582.4778999495254084,591.3811622060742366,0.0961651337501149,470.4020036643640879,5.7384958947035143,5.7384958947035143,23842.2546040243651078,0.0000000000000000,0.0000000000000000,362.7660240850453874,114.2474821045271511,21.8665161039812901,107.2282010879044520,75.3706523964046511,796.6244830424758447,468.3093079869054236,89.6316857786792838,363.1738025764596500,308.9509840166887784,0.9865514700224113,-1.7433177660357746,8.7018427217667416,10.6081923826518523,4.1629251612318754,3.0768698722437393,6.9027758035262199,6.0023376139340403,2.5587869554942659,3.6221895017096304,1.7990669182405217,4.6058547687178137,0.5180829167494733,0.5407356595222453,0.9896591125640852,3.0305688235717270,111.8227552260668460,109.9503476886789741,41.1711177723749344,33.9755939100001569,77.5937382977404582,78.1882736452899110,28.8988906462435722,34.2755342018093785,34.2290169283263879,31.7620740433890560,5.0767032637565856,6.8955835705655559
77,582.4766906794900478,591.3787454357066053,0.0961650464766097,470.4016087824871875,5.7384946299899697,5.7384946299899697,23842.1877171175219701,0.0000000000000000,0.0000000000000000,362.7655867344846570,114.2473443678124596,21.8664991282622232,107.2278522882087088,75.3706971373619581,796.6230803952300903,468.3084834167660233,89.6313191348379803,363.1737564942784502,308.9509501604469506,0.9865524559932587,-1.7440332978392181,8.6949227958195650,10.6018796448998316,4.1609865291018435,3.0750576404674081,6.8979975942775216,5.9967591457337779,2.5571111850450778,3.6210567734855323,1.7969252015420434,4.6051204991660537,0.5179464554223303,0.5399297556163111,0.9896604968720915,3.0307922974358235,111.8236604755209811,109.9508898904153824,41.1713580072983589,33.9758221395760955,77.5941523719955057,78.1891427978902982,28.8990855181894908,34.2756563448482225,34.2295081035254753,31.7617470925250913,5.0767366213866030,6.8957016624501373
78,582.4755042464263397,591.3761808861794407,0.0961649709679253,470.4012306526515204,5.7384934362962952,5.7384934362962952,23842.1196086919189838,0.0000000000000000,0.0000000000000000,362.7652112686803321,114.2472261207333162,21.8664878593166847,107.2275161659396900,75.3707522234373926,796.6216725695554715,468.3076558023988127,89.6309693432320103,363.1737144867118445,308.9509049012345372,0.9865537548085692,-1.7447511552268704,8.6881955574976306,10.5957623205051572,4.1591077309960829,3.0733043327476546,6.8933982017579343,5.9913488423316039,2.5554951396701377,3.6199866030714731,1.7947973557396959,4.6044134781735533,0.5178091930775169,0.5391211279246094,0.9896618393846681,3.0309983219445655,111.8245335753674681,109.9514206817384263,41.1715902646834380,33.9760398059451276,77.5945505656539325,78.1899940850681361,28.8992748112493700,34.2757736536024566,34.2299830097135356,31.7614265966702760,5.0767649946957585,6.8958166110809795
79,582.4743416310527664,591.3734749213812165,0.0961649067011302,470.4008689207079783,5.7384923109570813,5.7384923109570813,23842.0502404150247457,0.0000000000000000,0.0000000000000000,362.7648967830135689,114.2471270783941719,21.8664820686138484,107.2271919999912058,75.3708173100825150,796.6202624899260627,468.3068268630057673,89.6306359683422613,363.1736769207167868,308.9508486638001727,0.9865553552066140,-1.7454716114808910,8.6816466915424098,10.5898262640019816,4.1572839472325445,3.0716057392094411,6.8889654533354880,5.9860948029536711,2.5539347030463078,3.6189747150032305,1.7926812382069217,4.6037314610483104,0.5176710361631333,0.5383092322293135,0.9896631444619294,3.0311891631823045,111.8253779481074730,109.9519408154246207,41.1718154331997823,33.9762476273744696,77.5949348432345687,78.1908287557714630,28.8994588646002413,34.2758868058610702,34.2304431048728901,31.7611120596531649,5.0767887627742301,6.8959286273387157
80,582.4732036588064830,591.3706338802221580,0.0961648533746857,470.4005231939610781,5.7384912513399069,5.7384912513399069,23841.9795823356289475,0.0000000000000000,0.0000000000000000,362.7646422959965093,114.2470469316908037,21.8664815705091478,107.2268790830589609,75.3708920564788798,796.6188528494436696,468.3059981817727930,89.6303187673045443,363.1736441109021030,308.9507818609398555,0.9865572458034924,-1.7461949537223109,8.6752622680894138,10.5840577333544950,4.1555105575016817,3.0699577740816917,6.8846875765195339,5.9809854247882548,2.5524258846303383,3.6180170430155463,1.7905746915698799,4.6030723085662402,0.5175318894513533,0.5374935144861356,0.9896644161824286,3.0313667609069057,111.8261967551074889,109.9524511381952436,41.1720343326858966,33.9764463230310554,77.5953069955073147,78.1916481237023646,28.8996380448881958,34.2759964126523897,34.2308897596001742,31.7608030144928826,5.0768082781428561,6.8960379200335078
81,582.4720910337644000,591.3676640071341808,0.0961648109112661,470.4001930455674483,5.7384902548554111,5.7384902548554111,23841.9076111896174552,0.0000000000000000,0.0000000000000000,362.7644467678845785,114.2469853531719082,21.8664862234012105,107.2265767203283104,75.3709761251528931,796.6174461591164118,468.3051712348388946,89.6300176976853180,363.1736163252391520,308.9507048944896042,0.9865594152544879,-1.7469214836735851,8.6690287009358808,10.5784433473634927,4.1537831229936089,3.0683564629658813,6.8805531601248813,5.9760093693428793,2.5509648070387820,3.6171097125956782,1.7884755408109996,4.6024339780206134,0.5173916559270992,0.5366734103979310,0.9896656583729208,3.0315327466038013,111.8269929163614620,109.9529525888334547,41.1722477187904445,33.9766366149793555,77.5956686522580981,78.1924535676973562,28.8998127460839171,34.2761030229665025,34.2313242641033568,31.7604990211360843,5.0768238688954401,6.8961446958239456
82,582.4710043713608911,591.3645713897642509,0.0961647794638507,470.3998780182852784,5.7384893189664865,5.7384893189664865,23841.8343089687805332,0.0000000000000000,0.0000000000000000,362.7643091169928766,114.2469420021777609,21.8664959315514906,107.2262842281669606,75.3710691811195659,796.6160447963733304,468.3043474198163949,89.6297329281171926,363.1735937901183320,308.9506181567200542,0.9865618524019097,-1.7476515182373760,8.6629327070275632,10.5729700441892138,4.1520973692938181,3.0667979304272768,6.8765511166861248,5.9711555296050021,2.5495476937530661,3.6162490243100409,1.7863815903414384,4.6018145145842135,0.5172502366742106,0.5358483449837775,0.9896668746358381,3.0316884574342708,111.8277691275331307,109.9534461978677058,41.1724562869332971,33.9768192304339749,77.5960212931689455,78.1932465332031370,28.8999833897254987,34.2762071277351694,34.2317478343641852,31.7601996646645546,5.0768358407084779,6.8962491591981241
83,582.4699442303347041,591.3613619019029102,0.0961647594254296,470.3995776276893821,5.7384884411967541,5.7384884411967541,23841.7596617303388484,0.0000000000000000,0.0000000000000000,362.7642282337683923,114.2469165292720135,21.8665106477110633,107.2260009328494874,75.3711708904850184,796.6146510535331799,468.3035280842839256,89.6294648521143813,363.1735766948398805,308.9505220321962611,0.9865645464132466,-1.7483853899755442,8.6569612669701694,10.5676250408453534,4.1504491699451158,3.0652783878612255,6.8726706459328399,5.9664129978866622,2.5481708571020505,3.6154314378016137,1.7842906210373295,4.6012120429586911,0.5171075307591750,0.5350177321435018,0.9896680683750182,3.0318349459101626,111.8285278742418427,109.9539330888634794,41.1726606755601239,33.9769949042766655,77.5963662567581025,78.1940285349116380,28.9001504255469612,34.2763091630505627,34.2321616174837331,31.7599045539518485,5.0768444787297007,6.8963515125095620
84,582.4689111443818774,591.3580411496348006,0.0961647514427910,470.3992913649882439,5.7384876191384082,5.7384876191384082,23841.6836586274403089,0.0000000000000000,0.0000000000000000,362.7642029925928000,114.2469085799587702,21.8665303767436079,107.2257261693494286,75.3712809184045369,796.6132671870549302,468.3027145547395094,89.6292141054915845,363.1735651956388438,308.9504169002231038,0.9865674869135852,-1.7491234475743980,8.6511015863779992,10.5623957935253472,4.1488345305771173,3.0637941215887468,6.8689011991430977,5.9617710342393266,2.5468306864762780,3.6146535563594377,1.7822003872349015,4.6006247592860197,0.5169634351124687,0.5341809742176793,0.9896692428202979,3.0319729849685473,111.8292714434791861,109.9544144814238109,41.1728614686431911,33.9771643818523330,77.5967047472647380,78.1948011606671827,28.9003143324962899,34.2764095125816155,34.2325666962144552,31.7596133207566318,5.0768500493560440,6.8964519560615738
85,582.4679056540129523,591.3546144186072979,0.0961647564350111,470.3990186996031753,5.7384868504595410,5.7384868504595410,23841.6062911438602896,0.0000000000000000,0.0000000000000000,362.7642322611847590,114.2469177976437749,21.8665551804955776,107.2254592802539435,75.3713989262443675,796.6118954684858409,468.3019081665509020,89.6289815879236471,363.1735594193492034,308.9503031380206721,0.9865706641164085,-1.7498660563871216,8.6453410578774879,10.5572699586280727,4.1472495735072137,3.0623414811374299,6.8652324441977877,5.9572190353306596,2.5455236367298855,3.6139121119640212,1.7801086136796997,4.6000509232974123,0.5168178444075443,0.5333374615431921,0.9896704010517728,3.0321030679107253,111.8300019319429168,109.9548916960765297,41.1730591973498292,33.9773284220660585,77.5970378392771067,78.1955660768273901,28.9004756201551984,34.2765085091153949,34.2329640926658101,31.7593256192491395,5.0768528019108583,6.8965506882344370
86,582.4669283391629051,591.3510866201177123,0.0961647756174834,470.3987590817186515,5.7384861329109826,5.7384861329109826,23841.5275525186916639,0.0000000000000000,0.0000000000000000,362.7643149073162476,114.2469438257494829,21.8665851842496508,107.2251996148820581,75.3715245677266523,796.6105382382148719,468.3011102955558727,89.6287684893490564,363.1735594668365934,308.9501811248575791,0.9865740689572088,-1.7506135991526328,8.6396672235865886,10.5522353543561387,4.1456905227183265,3.0609168676652700,6.8616542311613298,5.9527465036803733,2.5442462167277706,3.6132039507138565,1.7780129924252572,4.5994888506757672,0.5166706509374995,0.5324865720044700,0.9896715460247711,3.0322254023775486,111.8307212509425312,109.9553661613344246,41.1732543407605007,33.9774878008135914,77.5973664797920151,78.1963250353555566,28.9006348305840461,34.2766064351102386,34.2333547711505020,31.7590411259788681,5.0768529702295471,6.8966479056502621
87,582.4659798531973820,591.3474622334716742,0.0961648105326127,470.3985119450907177,5.7384854643326459,5.7384854643326459,23841.4474373496486805,0.0000000000000000,0.0000000000000000,362.7644498023392430,114.2469863088259245,21.8666205852197066,107.2249465287207641,75.3716574837411315,796.6091979633878282,468.3003223921080576,89.6285763221370644,363.1735654163699678,308.9500512474631932,0.9865776932348481,-1.7513664770036659,8.6340677378922219,10.5472799227662506,4.1441536891191157,3.0595167224866842,6.8581565582155513,5.9483430171577343,2.5429949779972314,3.6125260185385089,1.7759111796766716,4.5989369056085163,0.5165217444894526,0.5316276705806067,0.9896726805969593,3.0323398971304840,111.8314311273517205,109.9558394233649921,41.1734473254608915,33.9776433147946193,77.5976914872375971,78.1970798830598994,28.9007925406323736,34.2767035220900880,34.2337396401141305,31.7587595403050997,5.0768507741622422,6.8967438033708026
88,582.4650609590382828,591.3437452416637825,0.0961648630887039,470.3982767104994309,5.7384848426593313,5.7384848426593313,23841.3659413655368553,0.0000000000000000,0.0000000000000000,362.7646358207148296,114.2470448924021724,21.8666616637137139,107.2246993833511226,75.3717972953708539,796.6078773016689638,468.2995460185609318,89.6284069602348694,363.1735773271483367,308.9499139071665468,0.9865815297662663,-1.7521251108952480,8.6285303303472620,10.5423916921577874,4.1426354559912895,3.0581375156615160,6.8547295377726662,5.9439981986489352,2.5417665034448547,3.6118753471027105,1.7738007925745951,4.5983934935088531,0.5163710122166614,0.5307601088885785,0.9896738075595930,3.0324461398397347,111.8321330998354313,109.9563131589215459,41.1736385237538300,33.9777957857817725,77.5980135467756043,78.1978325735911994,28.9009493647800610,34.2767999486302699,34.2341195530598341,31.7584805853303571,5.0768464210017106,6.8968385751235592
89,582.4641725682956803,591.3399390568611125,0.0961649356091308,470.3980527903948996,5.7384842659257833,5.7384842659257833,23841.2830613618061761,0.0000000000000000,0.0000000000000000,362.7648718342878169,114.2471192211834392,21.8667087978301922,107.2244575471094947,75.3719435944842786,796.6065791730576393,468.2987828914858710,89.6282626869242307,363.1735952432853765,308.9497695294156756,0.9865855725611297,-1.7528899436110272,8.6230427685054298,10.5375587396933419,4.1411322645264343,3.0567757346095736,6.8513633625902415,5.9397016858086911,2.5405573961011498,3.6112490398035848,1.7716794059151884,4.5978570538846508,0.5162183385084239,0.5298832247228497,0.9896749296757297,3.0325433632759626,111.8328285092373306,109.9567891924953500,41.1738282501253607,33.9779460654558818,77.5983332008979687,78.1985851830942238,28.9011059586115557,34.2768958365742407,34.2344953083393548,31.7582040094011155,5.0768401068443270,6.8969324135511210
90,582.4633157845064488,591.3360464314308729,0.0961650308946559,470.3978395955201677,5.7384837322707343,5.7384837322707343,23841.1987952946365112,0.0000000000000000,0.0000000000000000,362.7651566994235850,114.2472089349999038,21.8667624828918861,107.2242203968448848,75.3720959309705307,796.6053068426455184,468.2980349303228422,89.6281462533879250,363.1736191986752829,308.9496185766007557,0.9865898170243931,-1.7536614425404444,8.6175928205069567,10.5327691541532946,4.1396405993509084,3.0554278727150113,6.8480482717053768,5.9354431008171673,2.5393642678571915,3.6106442577592195,1.7695445488015800,4.5973260533361273,0.5160636048578197,0.5289963415916894,0.9896760497294749,3.0326303961566623,111.8335184815354921,109.9572695190909570,41.1740167554421959,33.9780950409722351,77.5986508339067598,78.1993399308173593,28.9012630230803396,34.2769912449642717,34.2348676476287395,31.7579295882735941,5.0768320178918982,6.8970255104779223
91,582.4624919518474826,591.3320693490884423,0.0961651523028793,470.3976365446278010,5.7384832399393941,5.7384832399393941,23841.1131425319217669,0.0000000000000000,0.0000000000000000,362.7654892341936943,114.2473136616216749,21.8668233572995554,107.2239873212909487,75.3722537952945544,796.6040640182026209,468.2973043147478052,89.6280609510907169,363.1736492233368381,308.9494615654981544,0.9865942601966393,-1.7544401034676227,8.6121682172190877,10.5280109987367467,4.1381569739317579,3.0540904178870383,6.8447745159967477,5.9312120200713485,2.5381837281596717,3.6100582056811854,1.7673937012223395,4.5967989786653991,0.5159066897273668,0.5280987682505723,0.9896771705920884,3.0327055932635005,111.8342039010988600,109.9577563346679341,41.1742042181349603,33.9782436415059834,77.5989666482645220,78.2000992065773062,28.9014213098037018,34.2770861609480306,34.2352372528343309,31.7576571280906315,5.0768223317022807,6.8971180571869288
92,582.4617027111219159,591.3280088892693129,0.0961653038503587,470.3974430789091912,5.7384827872836368,5.7384827872836368,23841.0261042622187233,0.0000000000000000,0.0000000000000000,362.7658681814918396,114.2474330051428097,21.8668922371720313,107.2237577268103053,75.3724165944843065,796.6028549679016351,468.2965935538788358,89.6280107021157022,363.1736853520988575,308.9492990912318078,0.9865989010447545,-1.7552264556786206,8.6067566137234870,10.5232722738333653,4.1366779157489075,3.0527598410459191,6.8415323231711191,5.9269979437494253,2.5370123726332126,3.6094881175158355,1.7652242905523678,4.5962743300839399,0.5157474684127066,0.5271897982330721,0.9896782953133859,3.0327667370975320,111.8348853710224802,109.9582520772149365,41.1743907313035393,33.9783928461473153,77.5992806299457243,78.2008656078322844,28.9015816277500051,34.2771804866074845,34.2356047410767630,31.7573864693826451,5.0768112183973093,6.8972102446960575
93,582.4609500653788245,591.3238650556156699,0.0961654903451767,470.3972586834569256,5.7384823727586598,5.7384823727586598,23840.9376840646109486,0.0000000000000000,0.0000000000000000,362.7662921520393411,114.2475665280317259,21.8669701631116489,107.2235310466012663,75.3725836188404656,796.6016846654875962,468.2959055716170269,89.6280001732078233,363.1737276368556877,308.9491318604516437,0.9866037408192004,-1.7560210687814912,8.6013455499257905,10.5185408797058866,4.1351999511085555,3.0514325845063217,6.8383118619543435,5.9227902651985076,2.5358467716018604,3.6089312417288673,1.7630336879714488,4.5957506145073790,0.5155858129044615,0.5262687093796882,0.9896794272506059,3.0328108999777328,111.8355631559646213,109.9587594827624031,41.1745762842285643,33.9785436937006580,77.5995924987007299,78.2016419903584392,28.9017448518629152,34.2772740202086723,34.2359706572638771,31.7571174924039710,5.0767988418377410,6.8973022640198920
94,582.4602364583237204,591.3196365564730286,0.0961657175609054,470.3970829191229086,5.7384819949143413,5.7384819949143413,23840.8478886460434296,0.0000000000000000,0.0000000000000000,362.7667595385038908,114.2477137240842779,21.8670584638238310,107.2233067549494194,75.3727539954907826,796.6005589730907559,468.2952438141157359,89.6280349215656997,363.1737761641734892,308.9489607376082176,0.9866087834993738,-1.7568245617541596,8.5959224100403908,10.5138045790426169,4.1337195894591492,3.0501050502340470,6.8351032052449288,5.9185782401108380,2.5346834584855760,3.6083848260940723,1.7608192047954612,4.5952263389317798,0.5154215917484709,0.5253347633650767,0.9896805702523442,3.0328342506479800,111.8362371009760494,109.9592816625761458,41.1747607361245471,33.9786972952126121,77.5999016374021267,78.2024315383204112,28.9019119344357414,34.2773664297289073,34.2363354635739228,31.7568501242557346,5.0767853607768725,6.8973943063956416
95,582.4595648698483501,591.3153205209991938,0.0961659924674744,470.3969154696278565,5.7384816523786570,5.7384816523786570,23840.7567287551828485,0.0000000000000000,0.0000000000000000,362.7672683879843589,114.2478739782648063,21.8671588433121151,107.2230843888090419,75.3729266232246431,796.5994848759814886,468.2946123877854916,89.6281215837042993,363.1738310808188430,308.9487868098890999,0.9866140363558618,-1.7576376148992985,8.5904743806740633,10.5090509593642203,4.1322333070535882,3.0487735879572027,6.8318962919591915,5.9143509554727185,2.5335189180525304,3.6078461018294301,1.7585780887148705,4.5947000038915018,0.5152546699046724,0.5243872052241578,0.9896817289230238,3.0328317824976097,111.8369065170544445,109.9598222105780252,41.1749437790433674,33.9788548504544110,77.6002069921515556,78.2032378621271107,28.9020839204466107,34.2774572156009754,34.2366995249028818,31.7565843484509180,5.0767709300078003,6.8974865634423939
96,582.4589389345915151,591.3109121284390994,0.0961663235409503,470.3967562109307892,5.7384813438292683,5.7384813438292683,23840.6642202855691721,0.0000000000000000,0.0000000000000000,362.7678162143860732,114.2480465076167064,21.8672735012183637,107.2228635800164938,75.3731000806163536,796.5984707894525627,468.2940162396997721,89.6282681233871870,363.1738926309142812,308.9486114787983979,0.9866195106687453,-1.7584609856109115,8.5849884071930873,10.5042673953021310,4.1307375297781368,3.0474344831196101,6.8286808872584954,5.9100972982954030,2.5323495745146216,3.6073122669005655,1.7563075199345910,4.5941700970067281,0.5150849086049885,0.5234252628775714,0.9896829090046950,3.0327969304875211,111.8375700202100376,109.9603853540975251,41.1751248855069960,33.9790176701729933,77.6005069312568878,78.2040651362257933,28.9022619686487481,34.2775456582988767,34.2370630889531498,31.7563202178717319,5.0767557015242479,6.8975792272081167
97,582.4583630918052677,591.3064041195896152,0.0961667211835919,470.3966053129892657,5.7384810679476157,5.7384810679476157,23840.5703855849315005,0.0000000000000000,0.0000000000000000,362.7683997239736868,114.2482302748295808,21.8674052999709829,107.2226441029054627,75.3732724959642013,796.5975269664611460,468.2934613972345801,89.6284841613550469,363.1739612100838031,308.9484365898570672,0.9866252226557012,-1.7592955291690568,8.5794511480069833,10.4994410108096208,4.1292286149381967,3.0460839446730552,6.8254465407984615,5.9058059241701999,2.5311717794623609,3.6067804682812894,1.7540046072085205,4.5936350866394218,0.5149121652106943,0.5224481466569072,0.9896841179293735,3.0327210294443887,111.8382253051773034,109.9609761669278640,41.1753032345408201,33.9791872067903142,77.6007990460717849,78.2049182944292767,28.9024473810677343,34.2776307445038313,34.2374262591055256,31.7560578724985874,5.0767398257225809,6.8976724900369879
98,582.4578427780326138,591.3017861472440018,0.0961671982989500,470.3964633885411217,5.7384808233472784,5.7384808233472784,23840.4752549923287006,0.0000000000000000,0.0000000000000000,362.7690144154678933,114.2484238622959367,21.8675579982741866,107.2224259442100589,75.3734413625480641,796.5966660467602196,468.2929552908846631,89.6287814192126433,363.1740374443310770,308.9482646169114446,0.9866311946844292,-1.7601422262112134,8.5738489263333744,10.4945586414251046,4.1277028317509794,3.0447180927169102,6.8221825425724063,5.9014652257343361,2.5299817996470226,3.6062477829209216,1.7516663837609685,4.5930934156907695,0.5147362930698873,0.5214550488300581,0.9896853656187986,3.0325925456083667,111.8388688268001943,109.9616008721508109,41.1754776070397526,33.9793650974964336,77.6010798693453125,78.2058033082402915,28.9026416448123307,34.2777110628817496,34.2377889574548746,31.7557975639105088,5.0767234526841021,6.8977665441580047
99,582.4573846917377296,591.2955430542424438,0.0961680385483181,470.3960204734228228,5.7384806084645916,5.7384806084645916,23840.3843648795882473,0.0000000000000000,0.0000000000000000,362.7696850113758842,114.2486350559825325,21.8678048821225595,107.2221364280190699,75.3736130384325946,796.5958871921201307,468.2924974278823811,89.6294172481010918,363.1738840454037813,308.9480891621567480,0.9866400652556691,-1.7610251778373218,8.5681677013840005,10.4896068033322187,4.1261563463594815,3.0433329478400757,6.8188778888959813,5.8970633070129246,2.5287758062274737,3.6057111992352029,1.7492898124880203,4.5925434963192950,0.5145571416126021,0.5204451471242781,0.9896855966928932,3.0325079985711767,111.8394953503318590,109.9622672735879974,41.1756462374222636,33.9795532252848176,77.6013444761161679,78.2067275837889042,28.9028464916690417,34.2777846565961255,34.2381508742156910,31.7555396897990860,5.0767067336157741,6.8978615808261354
100,582.4571606871935501,591.2894786641918472,0.0961691007773895,470.3955557958859117,5.7384804973309302,5.7384804973309302,24317.0999114397818630,0.0000000000000000,0.0000000000000000,362.7705175451130231,114.2488972494541457,21.8672457738750765,107.2218375653278741,75.3738117564184336,796.5954265089078490,468.2922266073879314,89.6311602103263994,363.1737182305580518,308.9480159990598054,0.9866490375538560,-1.7619078998693087,8.5623925446541005,10.4845721318493741,4.1245849600076738,3.0419245124789738,6.8155208158349492,5.8925881984299426,2.5275499531280068,3.6051673711919983,1.7468717288191513,4.5919839334194315,0.5143745593509670,0.5194175888156759,0.9896857207972668,3.0323990127975406,111.8401188770151009,109.9629630753350966,41.1758134511510931,33.9797488893361148,77.6016030759407442,78.2076822299209056,28.9030592051780530,34.2778553982331857,34.2385158010743567,31.7552808454142053,5.0766896841580609,6.8979580529179101
