period,rgdp,ngdp,iy,c,W,sW,cW,ceW1,ceW2,y0,va0,i0,c0,l0,y1,va1,i1,c1,l1,rer0,nx0,rex0,rim0,rexf0,rimf0,rexs0-0,rims0-0,rexsf0-0,rimsf0-0,rexs1-0,rims1-0,rexsf1-0,rimsf1-0,rer1,nx1,rex1,rim1,rexf1,rimf1,rexs0-1,rims0-1,rexsf0-1,rimsf0-1,rexs1-1,rims1-1,rexsf1-1,rimsf1-1
0,2283.4413373439047064,2307.9297869579586404,0.0940170319199719,1851.3607006380259463,22.5053548426417258,0.0000000000000000,93872.3624334177584387,0.0000000000000000,0.0000000000000000,1909.3274643987745094,670.5013532938396565,128.5140749895029160,424.7670538144298575,440.3047208729306021,2798.7591709570833700,1612.9426636257137488,314.0001365724517086,1426.5936468235961456,1066.7240528459979032,0.9881255818970295,0.5559412350962365,16.2668186278613902,15.8569016696786029,6.0239564845494336,5.5298719994788836,11.4808259273785396,9.7566581172090245,4.2576319290564255,4.8874566184671835,4.7859927004828524,6.1002435524695766,1.2722400704224581,1.1364998660822505,1.0387471288969887,-15.5296283339231280,106.0738462959092345,116.9185628915549984,32.1456318958834544,43.5114665599676655,75.4994131212712603,81.4492147640552275,36.3093955594289994,27.4263025605001900,30.5744331746379778,35.4693481274997708,7.2020710005386643,4.7193293353832644
1,2284.1413026597747375,2308.2089020565499595,0.0935942329323111,1850.5145266131835342,22.5045048827304051,0.0000000000000000,93754.6101678761478979,0.0000000000000000,0.0000000000000000,1911.8563246623068608,671.3894168977030859,128.3625940648138908,424.3139324238721315,441.2920236538385552,2798.4438935436896827,1612.7609672524720281,312.3689259367897648,1426.2005941893114596,1065.8202226850969510,0.9884953109442371,0.5334523451679978,16.2609115775067146,15.8744936289678034,6.0223866308471052,5.5292821635589249,11.4822171585345743,9.7621975550847182,4.2559338222810839,4.8870605885690646,4.7786944189721385,6.1122960738830843,1.2733483412778412,1.1353260422780409,1.0331658264766086,-11.3090967845724890,107.4966882419456198,114.9897126543397263,32.5456723292924579,42.8059493389711108,76.5542355281286575,79.9824812631106568,35.6527614501896792,27.7946506877464401,30.9424527138169623,35.0072313912290767,7.1531878887814289,4.7510216415460160
2,2284.5697866048562901,2307.8109765183671698,0.0932901115716303,1849.8676082236802358,22.5038431715228313,0.0000000000000000,93645.4134593894414138,0.0000000000000000,0.0000000000000000,1913.5240185614227357,671.9750634340290389,128.2616878268198093,423.9754944495546169,441.9887947089992508,2798.1830046397931255,1612.6106153222567627,311.1698472309873864,1425.8921137741256189,1065.1661764028974630,0.9889820573605873,0.5120036377587489,16.2570388120052272,15.8898250685775171,6.0211488651564888,5.5284225188359448,11.4848085120652499,9.7668440374856349,4.2540598986530931,4.8869236290654259,4.7722302999399773,6.1229810310918831,1.2743626201828515,1.1342252360910632,1.0289636378980267,-8.3033920597792132,108.5197746356938637,113.6199921301049613,32.8581689115492708,42.2948933805381557,77.2885508341216791,78.9600527432918255,35.1832503353100279,28.0782308455730103,31.2312238015721917,34.6599393868131500,7.1116430452281243,4.7799380659762587
3,2284.8150901561757564,2306.9719821230801244,0.0930717864543388,1849.3696365494238307,22.5033253071240047,0.0000000000000000,93544.0409235522965901,0.0000000000000000,0.0000000000000000,1914.5978678822427810,672.3521686903399086,128.1974740774777501,423.7205259368982979,442.4821154627871920,2797.9646362919597777,1612.4847682582217203,310.2863675454061081,1425.6491106125256465,1064.6952694857759525,0.9895415965576629,0.4924346202531868,16.2550285067412403,15.9029485114336016,6.0202503239960583,5.5272934201385668,11.4884945824281939,9.7705680477611239,4.2520049426998545,4.8870561560732115,4.7665339243130473,6.1323804636724777,1.2752884774387125,1.1331941679228466,1.0257464805383820,-6.1593234469769698,109.2437353941446787,112.6398597335111020,33.1017821967588333,41.9198865248094918,77.7879465610794512,78.2415628084740149,34.8437727583633503,28.2954114740810709,31.4557888330652204,34.3982969250370871,7.0761137664461433,4.8063707226777650
4,2284.9377787972289298,2341.8080589042970132,0.0928927807052950,1849.3693231662725793,22.5029180942708464,0.0000000000000000,93449.8966255747363903,0.0000000000000000,0.0000000000000000,1915.0942825800148057,672.5264953749224333,128.1216116174820741,423.6275017984735314,442.7732833667271848,2797.8814601661592860,1612.4368333293107298,309.5594564398300008,1425.7418213677990479,1064.4174434884464517,0.9750776547436588,0.7027715157767247,16.2678214434241468,15.9512958505079752,6.0293261323781904,5.5350109117342736,11.5183145261600046,9.7927571261373387,4.2570254749336582,4.8988651980051348,4.7495069172641413,6.1585387243706364,1.2779854368006156,1.1304609343730556,1.0209825253938007,-4.7033218864040833,109.6411940630193840,112.0775596547887147,33.2692878142488482,41.6871668069514811,78.0450157634847415,77.8377712248726539,34.6373472122689847,28.4412413272445619,31.5961782995346390,34.2397884299160609,7.0498195946824955,4.8280464870042854
5,2284.9604489772132183,2338.3966102024864995,0.0928081961720643,1849.1208589087577820,22.5025028040741866,0.0000000000000000,93362.4823178778315196,0.0000000000000000,0.0000000000000000,1915.3993652966719310,672.6336317243435587,128.1464166037462178,423.4973273896991941,442.9986022864034112,2797.7396388368151747,1612.3551007975927405,309.1535255888422284,1425.6235315190585879,1064.1972029790463239,0.9765543387887238,0.6658133340769155,16.2884254520161953,15.9931195439785405,6.0407123572347317,5.5412438929166532,11.5542877260820269,9.8110062727733904,4.2607250515041235,4.9128415212703613,4.7341377259341684,6.1821132712051510,1.2805188414125299,1.1278708359643703,1.0192011489513437,-3.8007597424569042,109.9125648981992356,111.6767803284347877,33.4018505718541334,41.5127300569388282,78.2105851840474884,77.5541712692182443,34.4855529721979437,28.5539595018414190,31.7019797141517508,34.1226090592165363,7.0271770847408819,4.8478910700127136
6,2284.9396544762666963,2334.9816061308201824,0.0927474634105223,1848.9178396419499677,22.5021396252361967,0.0000000000000000,93281.3682479696290102,0.0000000000000000,0.0000000000000000,1915.5738698270040459,672.6949127386930058,128.1744994855254163,423.3937521480309556,443.1685432566776512,2797.6006158166292153,1612.2749809491931501,308.8446048481691264,1425.5240874939190689,1064.0302085129687839,0.9780084178162640,0.6430981633751038,16.3159802817892690,16.0287457827780315,6.0541343132562933,5.5460753461192080,11.5956861066086319,9.8255134040272516,4.2631797167618055,4.9287178842864616,4.7202941751806362,6.2032323787507799,1.2828956293574021,1.1254164289698319,1.0177495878481411,-3.1525129796711298,110.0968370419677882,111.3910081540258545,33.5076020305975959,41.3804072788639701,78.3158899796339512,77.3541384991262078,34.3728065564028498,28.6415143448517497,31.7809470623338370,34.0368696548996539,7.0076007224611239,4.8660876857458444
7,2284.8894644198653623,2331.5854917361216394,0.0927022289222271,1848.7462349701604580,22.5018185640411907,0.0000000000000000,93206.1721025317237945,0.0000000000000000,0.0000000000000000,1915.6700802197578923,672.7286990847992456,128.2007939134127525,423.3090467180512633,443.3016126200549252,2797.4572767370741531,1612.1923737284009803,308.6026355206372500,1425.4371882521093085,1063.8988940454044041,0.9794396001621787,0.6335177889359080,16.3497250942140830,16.0584759096681076,6.0693296554805301,5.5495768837691619,11.6418693642458599,9.8364514390480338,4.2644542026545480,4.9462392203646468,4.7078557299682213,6.2220244706200747,1.2851226811146139,1.1230904351158830,1.0165396027002842,-2.6773483806929335,110.2236900542103655,111.1856712023979412,33.5929913830900233,41.2781720427716436,78.3842727078102399,77.2107679610487310,34.2875655926880043,28.7101918717736488,31.8394173464001256,33.9749032413492102,6.9906064500836358,4.8827995113163771
8,2284.8189409138303745,2316.1490897713956656,0.0926658007019863,1848.5948313915591825,22.5015328313121223,0.0000000000000000,93136.5445084698876599,0.0000000000000000,0.0000000000000000,1915.7260867754228002,672.7483669898950893,128.2203444515317585,423.2371480221701177,443.4118913997571099,2797.3024453091752548,1612.1031433943587672,308.4039362194094451,1425.3576833693889512,1063.7896851756347587,0.9858899629776249,0.5121644812777504,16.3887718805918894,16.0825846983574579,6.0859545877485388,5.5518093365364276,11.6920005870452677,9.8439682408866425,4.2646025429232957,4.9650571791497367,4.6967712935466199,6.2386164574708154,1.2872067936131315,1.1208974085988026,1.0164886176551895,-2.4530336502315180,110.3163284372134001,111.0339454659165597,33.6631626587233512,41.1966758791248679,78.4337729492975200,77.1033117115745057,34.2208887010071265,28.7650044585218829,31.8825554879158730,33.9306337543420540,6.9757871781177414,4.8981582002014665
9,2284.7335569078481967,2313.5641496809762430,0.0926423703443692,1848.4716172980911324,22.5012782255156587,0.0000000000000000,93072.1594364751508692,0.0000000000000000,0.0000000000000000,1915.7199481967436441,672.7462112961294451,128.2429999114804104,423.1803384341316132,443.4929033576099187,2797.1588914722651680,1612.0204124075407890,308.2585599971205284,1425.2912788639594055,1063.7093601310566555,0.9869752412985690,0.5236618978857770,16.4293285935570239,16.1042250650799907,6.1032212805761334,5.5537054237672923,11.7427963009331844,9.8504679822935799,4.2645111208193356,4.9844268633998920,4.6865322926238395,6.2537570827864100,1.2891943029479569,1.1187944171762416,1.0156239456637663,-2.2177301417295752,110.3647624220011352,110.9412822322063619,33.7183790108632593,41.1378204086209678,78.4533236797579434,77.0387807620280540,34.1748135710343135,28.8061365198153538,31.9114387422431811,33.9025014701783221,6.9630068375866516,4.9122424910479028
10,2284.6402327755740771,2311.1501981232495382,0.0926281060370279,1848.3696889000898409,22.5010485145005390,0.0000000000000000,93012.7081062805373222,0.0000000000000000,0.0000000000000000,1915.6756672208866803,672.7306610802597788,128.2670272339955204,423.1348716874869069,443.5531673689193326,2797.0242188236029506,1611.9427997058460278,308.1521983819104094,1425.2348172126028203,1063.6495080785173286,0.9879820499829434,0.5386760093004703,16.4709118186002286,16.1236004661841719,6.1209319708714283,5.5552990520023879,11.7938477643206170,9.8560408723735584,4.2642080343559554,5.0041555609550068,4.6770640542796116,6.2675595938106126,1.2910910176464323,1.1167764099164212,1.0149141984043921,-2.0759379026360989,110.3831259481328857,110.8913024823833524,33.7620294720153424,41.0958311556373985,78.4536252254947044,77.0046484963046112,34.1438580427544309,28.8368593363616768,31.9295007226381777,33.8866539860787412,6.9519731128829703,4.9251701356536666
11,2284.5437966844251605,2308.9096713381404697,0.0926202661398856,1848.2839968825242067,22.5008390188672109,0.0000000000000000,92957.8953072590520605,0.0000000000000000,0.0000000000000000,1915.6096016889064231,672.7074607495544569,128.2912700263627528,423.0980091946267976,443.5987060692713726,2796.8970078993306743,1611.8694872432492957,308.0744803806671257,1425.1859876878975228,1063.6042301855939058,0.9889120971216767,0.5566639701204750,16.5131086989040305,16.1409070181663807,6.1389173672401860,5.5566222601778694,11.8448112056821664,9.8607733056239653,4.2637196698693414,5.0240788834121393,4.6682974932218642,6.2801337125424146,1.2929025903085283,1.1148384838280472,1.0143257034874646,-2.0001771587284196,110.3814420766113500,110.8720485409018295,33.7966995384720832,41.0664627530936173,78.4420175105196336,76.9919470911917188,34.1240212892767332,28.8596536972953999,31.9394245660917129,33.8801014497101107,6.9424414638168841,4.9370458411766842
12,2284.4475199125868130,2306.8406106119577998,0.0926168821555098,1848.2108107650303737,22.5006461929529458,0.0000000000000000,92907.4373314779513748,0.0000000000000000,0.0000000000000000,1915.5327246912831924,672.6804637404479763,128.3149652590559526,423.0677321635030239,443.6337634333581263,2796.7763770971555459,1611.7999669467569674,308.0178331065852717,1425.1430786015273497,1063.5693486123532239,0.9897680187866492,0.5771322841521886,16.5555669101698548,16.1563319022081942,6.1570325297023061,5.5577051613732884,11.8953978985827202,9.8647474135426840,4.2630706972081951,5.0440565971415285,4.6601690115871346,6.2915844886655119,1.2946344641650929,1.1129759325607775,1.0138332008004753,-1.9706888259979252,110.3667810459185574,110.8747402034352092,33.8243683946635869,41.0465669378677163,78.4234813200966414,76.9942247696623383,34.1123611214388021,28.8764052713384558,31.9432997258219231,33.8805154337728638,6.9342058164289151,4.9479631233251293
13,2284.3535730593562221,2304.9381261911848924,0.0926165411827500,1848.1473591289857268,22.5004673272343219,0.0000000000000000,92861.0609444660367444,0.0000000000000000,0.0000000000000000,1915.4522761159773836,672.6522124951173964,128.3376278687450451,423.0425423112396857,443.6613340026155470,2796.6617768514793170,1611.7339220982287316,307.9767073266904731,1425.1048168177460411,1063.5419044308603134,0.9905530538904012,0.5996341893176265,16.5979864631223357,16.1700522734840035,6.1751535142294225,5.5585759036738107,11.9453661672278955,9.8680407415168929,4.2622840665995225,5.0639692379011674,4.6526202958944394,6.3020115319671106,1.2962918370742882,1.1111842763282553,1.0134175400236438,-1.9732414691395235,110.3440999435901233,110.8929022873076633,33.8465571607692297,41.0337908761766244,78.4013525045712498,77.0068229608358621,34.1066994689155720,28.8885513387367432,31.9427474390188735,33.8860793264718012,6.9270914072610559,4.9580058220324847
14,2284.2633480969020638,2303.1954200046225196,0.0926182303852085,1848.0915703862408463,22.5003003320281927,0.0000000000000000,92818.5029924620030215,0.0000000000000000,0.0000000000000000,1915.3729162424897368,672.6243435708166771,128.3589678111138142,423.0213196559743096,443.6835333814739784,2796.5528531219883916,1611.6711486619858533,307.9470224666629861,1425.0702507302664799,1063.5198014015352328,0.9912708139916135,0.6237669741556573,16.6401128918257086,16.1822345768637987,6.1931746010100355,5.5592606539438050,11.9945148389979011,9.8707260408165620,4.2613810152901790,5.0837153224875689,4.6455980528278058,6.3115085360472349,1.2978796386536260,1.1094592785224671,1.0130640490386249,-1.9975762581442211,110.3168477002722625,110.9217452412185025,33.8644400041907474,41.0263639218033305,78.3778271662402375,77.0263697937878362,34.1054147125917098,28.8971906514238910,31.9390205340320250,33.8953754474306663,6.9209492092116225,4.9672493527668546
15,2284.1776872080135945,2301.6045052561371449,0.0926212255617677,1848.0418857514509909,22.5001435797849751,0.0000000000000000,92779.5103724830987630,0.0000000000000000,0.0000000000000000,1915.2975316666734216,672.5978706576863715,128.3788306385059172,423.0032206804745556,443.7018580388652822,2796.4493595088060829,1611.6115046362165231,307.9257678670032305,1425.0386650709765490,1063.5015537326157755,0.9919251187499717,0.6491692646882505,16.6817315117536573,16.1930341872445460,6.2110059747004049,5.5597836047013338,12.0426778002702335,9.8728711615733236,4.2603810873294012,5.1032090218280874,4.6390537114834238,6.3201630256712198,1.2994025173719328,1.1077969528723175,1.0127613675943576,-2.0362994973895212,110.2873993252827916,110.9577208749491604,33.8789273671673357,41.0229452826419916,78.3543168133059993,77.0504220454448614,34.1072937469504751,28.9031656179000613,31.9330825119767887,33.9072988295043061,6.9156515356915156,4.9757617492672743
16,2284.0970461912420433,2300.1567149586262531,0.0926250111206275,1847.9971239964056622,22.4999957896493648,0.0000000000000000,92743.8401831989758648,0.0000000000000000,0.0000000000000000,1915.2277981315521629,672.5733822288858619,128.3971550452653219,422.9876051186094514,443.7173677627495181,2796.3511026140836293,1611.5548785645139560,307.9107154203354639,1425.0095188777961539,1063.4861076530239643,0.9925198775851288,0.6755183154057747,16.7226625179461799,16.2025953066368800,6.2285717594787036,5.5601670023336540,12.0897194074911418,9.8745390315462434,4.2593021671243365,5.1223781955811312,4.6329431104550372,6.3280562750906366,1.3008648352093173,1.1061935638975726,1.0125006068255042,-2.0840906365193632,110.2573668778746736,110.9982008391775565,33.8907283780661075,41.0225141637951936,78.3316968325110281,77.0772101576061601,34.1114256294201752,28.9071238376509889,31.9256700453636491,33.9209906815714035,6.9110885343750175,4.9836045404151177
17,2284.0216115542971238,2298.8430618799957301,0.0926292224559808,1847.9563833460179012,22.4998559425734150,0.0000000000000000,92711.2599392391275615,0.0000000000000000,0.0000000000000000,1915.1645731886949306,672.5511794320696026,128.4139426161041513,422.9739830899452500,443.7308139758314383,2796.2579096180470515,1611.5011708497456766,307.9002117565619301,1424.9824002560726512,1063.4727152490152093,0.9930590043548240,0.7025273330234505,16.7627567539488318,16.2110510617874546,6.2458083363270216,5.5604311939417217,12.1355305720070099,9.8757877058998247,4.2581605258874138,5.1411627136825375,4.6272261819418210,6.3352633558876299,1.3022706680543079,1.1046456226444845,1.0122747389249045,-2.1371336254833011,110.2278218816632034,111.0412420795561559,33.9003977674035468,41.0242898489753571,78.3104795915111254,77.1054554896393824,34.1171244879691784,28.9095642733300622,31.9173422901520816,33.9357865899167805,6.9071653610061814,4.9908334940734811
18,2283.9513846060372089,2297.6544928895846169,0.0926336043425964,1847.9189700482156695,22.4997232185773974,0.0000000000000000,92681.5477764211245812,0.0000000000000000,0.0000000000000000,1915.1081696354253836,672.5313721127370172,128.4292363375610648,422.9619767439972975,443.7427300974724176,2796.1696103510371358,1611.4502834220579643,307.8930273811413940,1424.9569933042184857,1063.4608452538732308,0.9935463559502323,0.7299428565251738,16.8018920250630437,16.2185237558948643,6.2626628877469885,5.5605946897400642,12.1800253841775685,9.8766704743743787,4.2569708793208170,5.1595130085968934,4.6218666408854761,6.3418532815204856,1.3036238104192477,1.1031498791500953,1.0120781505969390,-2.1927070363881711,110.1994542875383019,111.0854144910263983,33.9083712582144869,41.0276730796688582,78.2909345342488194,77.1342385909061363,34.1238732004338416,28.9108720049495815,31.9085197532894931,33.9511759001202620,6.9037998792350157,4.9974992532649081
19,2283.8862418983644602,2296.5820676388439097,0.0926379808128414,1847.8843461403118908,22.4995969501228714,0.0000000000000000,92654.4926059970021015,0.0000000000000000,0.0000000000000000,1915.0585453754722494,672.5139454878782317,128.4431053976170745,422.9512922858729667,443.7534952596163862,2796.0860285664180083,1611.4021147093967556,307.8882467086243651,1424.9330538544388673,1063.4501199475143949,0.9939856884258614,0.7575422122078770,16.8399698602460717,16.2251252361776679,6.2790921281294647,5.5606742379181355,12.2231381759438698,9.8772360136856427,4.2557464545541341,5.1773888154327974,4.6168316843022028,6.3478892224920251,1.3049277833640014,1.1017033126966669,1.0119063138612057,-2.2488874955583924,110.1726860329545019,111.1296734222478051,33.9149923758861433,41.0322027126125306,78.2731711257400207,77.1629037452173634,34.1312819407093002,28.9113444914776387,31.8995149072144812,33.9667696770304417,6.9009207719032304,5.0036478844085073
20,2283.8259786388589418,2295.6170826355410099,0.0926422332881419,1847.8520910688093863,22.4994765872558879,0.0000000000000000,92629.8941965000121854,0.0000000000000000,0.0000000000000000,1915.0154346822639582,672.4988062418993877,128.4556344956295106,422.9416994572684416,443.7633792902278742,2796.0069788450523447,1611.3565578535365148,307.8851875579442776,1424.9103916115409447,1063.4402705010479622,0.9943806261238998,0.7851310581969777,16.8769126494205075,16.2309573459289673,6.2950611876286473,5.5606849090387236,12.2648209453880170,9.8775285745181236,4.2544990642846701,5.1947580669899827,4.6120917040324914,6.3534287714108419,1.3061858447540533,1.1003031206386644,1.0117555414868080,-2.3043342996715097,110.1477521259425316,111.1732647626759274,33.9205328561491228,41.0375234231397457,78.2571958346350129,77.1909894511336319,34.1390574455702236,28.9112115030981691,31.8905562913075151,33.9822753115423026,6.8984659775695194,5.0093213530509537
21,2283.7703397927243714,2294.7511556651884348,0.0926462846621619,1847.8218733400933615,22.4993616713884350,0.0000000000000000,92607.5631751570035703,0.0000000000000000,0.0000000000000000,1914.9784383901164802,672.4858141991962839,128.4669163859311993,422.9330163933987592,443.7725745107411512,2795.9322667685546548,1611.3135008099291099,307.8833419496183410,1424.8888569466946592,1063.4311053533876930,0.9947346405198998,0.8125410292943052,16.9126610994314390,16.2361124354545652,6.3105426245816965,5.5606401873160127,12.3050410846322897,9.8775881939546206,4.2532391861538628,5.2115959182010609,4.6076200147991511,6.3585242414999463,1.3074010011621500,1.0989467063806353,1.0116228038494963,-2.3581324239532933,110.1247584979425937,111.2156538663627998,33.9252082614203374,41.0433614542458329,78.2429510217956619,77.2181775445241385,34.1469800675449449,28.9106503221573554,31.8818074761469248,33.9974763218386684,6.8963813867008881,5.0145579392629793
22,2283.7190422564067376,2293.9762812694489185,0.0926500876888339,1847.7934294621475146,22.4992518154520589,0.0000000000000000,92587.3209492813330144,0.0000000000000000,0.0000000000000000,1914.9470853214513681,672.4748038956407754,128.4770467379856882,422.9250983738267564,443.7812182403956740,2795.8616908293429333,1611.2728274484759368,307.8823323656531556,1424.8683310883207014,1063.4224877989452125,0.9950510363995210,0.8396274900075653,16.9471719641002636,16.2406739111196927,6.3255155469244464,5.5605520664251396,12.3437793655511108,9.8774509255556247,4.2519760455586812,5.2278838799908778,4.6033925985491546,6.3632229855640672,1.3085760208664581,1.0976316669335691,1.0115055906529979,-2.4096776923284722,110.1037232307135696,111.2564720308421187,33.9291899962199537,41.0495062691241657,78.2303412547675237,77.2442557871213182,34.1548865219961328,28.9097973938404351,31.8733819759460388,34.0122162437208075,6.8946197471280328,5.0193926023795203
23,2283.6717905400005293,2293.2848650150913272,0.0926536164941413,1847.7665482085965323,22.4991466887780867,0.0000000000000000,92568.9995531322201714,0.0000000000000000,0.0000000000000000,1914.9208736008370124,672.4655990868943718,128.4861206537878786,422.9178294075925351,443.7894087432225660,2795.7950451100969076,1611.2344190977200924,307.8818792810335481,1424.8487188010039972,1063.4143200893706762,0.9953329435984923,0.8662674011242686,16.9804160129356454,16.2447168057698512,6.3399648271478917,5.5604311478135635,12.3810281475075108,9.8771490805424982,4.2507177003011885,5.2436090467828604,4.5993878654281346,6.3675677252273539,1.3097134475123753,1.0963557803650312,1.0114018056339840,-2.4585925096906180,110.0846058773995964,111.2954759885149798,33.9326146037704177,41.0557965670412131,78.2192509129599642,77.2690902289228063,34.1626568274100109,28.9087573009233978,31.8653549644396250,34.0263857595921735,6.8931397396312049,5.0238573028470181
24,2283.6282877227654353,2292.6697421824837875,0.0926568603620552,1847.7410587864944773,22.4990460055044110,0.0000000000000000,92552.4414285206585191,0.0000000000000000,0.0000000000000000,1914.8992979390791334,672.4580223298023611,128.4942303680764155,422.9111158924695246,443.7972165425235858,2795.7321221437841814,1611.1981561930940643,307.8817769485578424,1424.8299428940249527,1063.4065321452537773,0.9955833129821002,0.8923573031409404,17.0123762099026905,16.2483083571700853,6.3538803984537999,5.5602867397933329,12.4167897785932304,9.8767114746428248,4.2494711256968412,5.2587634050797130,4.5955864313094592,6.3715968825272604,1.3108156140964917,1.0951169933740872,1.0113096856803929,-2.5046638353290120,110.0673282526760204,111.3325171042426120,33.9355909990893068,41.0621095480133249,78.2095557846770646,77.2926046987607265,34.1702043550380239,28.9076097116267903,31.8577724679989558,34.0399124054818856,6.8919051929753037,5.0279812874625192
25,2283.5882429643475007,2292.1241850028409317,0.0926598191815661,1847.7168218821359460,22.4989495156297998,0.0000000000000000,92537.4991487186489394,0.0000000000000000,0.0000000000000000,1914.8818671657015784,672.4519011393011851,128.5014637896894669,422.9048818009408137,443.8046924586165005,2795.6727156152087446,1611.1639198338416463,307.8818752556388745,1424.8119400811951891,1063.3990735330121424,0.9958049156609954,0.9178114181634385,17.0430460788150597,16.2515085839257765,6.3672566221454057,5.5601269559815032,12.4510751673028608,9.8761636761281828,4.2482422989766828,5.2733432129870348,4.5919709115121989,6.3753449077975937,1.3118846570048202,1.0939134091583709,1.0112277381472583,-2.5477974064442463,110.0517891072956189,111.3675178575325901,33.9382061271774447,41.0683526144878996,78.2011305403326418,77.3147655189396943,34.1774682003739727,28.9064147840379526,31.8506585669629771,34.0527523385928959,6.8908844141139287,5.0317913431394903
26,2283.5513765079222139,2291.6419014968078045,0.0926625001109539,1847.6937228405872702,22.4988569980684296,0.0000000000000000,92524.0350955368776340,0.0000000000000000,0.0000000000000000,1914.8681150182369493,672.4470717773098158,128.5079036378388651,422.8990649970656932,443.8118733258400539,2795.6166227270300624,1611.1315931465696849,307.8820660703174212,1424.7946578435216907,1063.3919077567773002,0.9960003446741649,0.9425598704878126,17.0724282358351438,16.2543708506953770,6.3800917181107035,5.5599588119186540,12.4839025056829644,9.8755282514232086,4.2470362820216829,5.2873484424183870,4.5885257301521776,6.3788425992721667,1.3129225298969713,1.0927432756923161,1.0111546918369521,-2.5879838818747487,110.0378744175315262,111.4004538246422413,33.9405294121892283,41.0744569148548990,78.1938533935791042,77.3355700676659268,34.1844073006794957,28.9052173887545116,31.8440210239524291,34.0648837569763145,6.8900496141754042,5.0353120234347184
27,2283.5174228608480007,2291.2170281877979505,0.0926649151368254,1847.6716664364685130,22.4987682552254853,0.0000000000000000,92511.9210991297586588,0.0000000000000000,0.0000000000000000,1914.8576063022760536,672.4433814159629037,128.5136269958292132,422.8936143967122234,443.8187860635904940,2795.5636461554076959,1611.1010624122968693,307.8822729232356323,1424.7780520397564032,1063.3850081934319860,0.9961720185429414,0.9665470249006880,17.1005330725624134,16.2569424164527305,6.3923872516562819,5.5597883189301172,12.5152961281137074,9.8748250053995683,4.2458573016537766,5.3007822771575563,4.5852369444487060,6.3821174110531640,1.3139310172763401,1.0916049744987255,1.0110894583189927,-2.6252737645720430,110.0254645308763202,111.4313398371764805,33.9426162729339893,41.0803722895007439,78.1876088611284956,77.3550381901619062,34.1909958748819278,28.9040504215744960,31.8378556697478317,34.0763016470145672,6.8893764146188179,5.0385658513594942
28,2283.4861326565728632,2290.8441183956429086,0.0926670792927915,1847.6505728389088290,22.4986831087370902,0.0000000000000000,92501.0380494289565831,0.0000000000000000,0.0000000000000000,1914.8499399059692223,672.4406891962182726,128.5187051543298367,422.8884877612556465,443.8254505782333013,2795.5135955828118313,1611.0722179498234254,307.8824431814912259,1424.7620850776531825,1063.3783551954300037,0.9963221862294254,0.9897299407644766,17.1273775754960162,16.2592649611665898,6.4041476710299072,5.5596205745014036,12.5452854922598114,9.8740712141010984,4.2447088268756845,5.3136506610622298,4.5820920832362066,6.3851937470654905,1.3149117476257193,1.0904970099676774,1.0110311011361532,-2.6597588144840643,110.0144390595973789,111.4602193296930608,33.9445109130456331,41.0860632929237539,78.1822892516213415,77.3732057298913674,34.1972198720372162,28.9029374116136886,31.8321498079760445,34.0870135998016934,6.8888434208865412,5.0415735014319436
29,2283.4572735687461318,2290.5181273985317603,0.0926690093656998,1847.6303744785072922,22.4986013961071620,0.0000000000000000,92491.2754872555669863,0.0000000000000000,0.0000000000000000,1914.8447497082497648,672.4388665467987494,128.5232036521510111,422.8836499706637255,443.8318818332069213,2795.4662888315369855,1611.0449547689822793,307.8825420935952479,1424.7467245078435099,1063.3719340247566834,0.9964529331309395,1.0120769391453877,17.1529842694502364,16.2613750875885827,6.4153798908071735,5.5594598486192339,12.5739042705596589,9.8732818481867373,4.2435936425994543,5.3259618915519420,4.5790799988905748,6.3880932394018455,1.3158662060197799,1.0894179992552313,1.0109788110752593,-2.6915582780710849,110.0046801633158822,111.4871561348986404,33.9462485443690625,41.0915060475317020,78.1777953180404950,77.3901196460788867,34.2030741943446657,28.9018945808969150,31.8268848452753801,34.0970364888197395,6.8884318531870363,5.0443539634721457
30,2283.4306305512250219,2290.2343954417719942,0.0926707229629975,1847.6110136001666433,22.4985229680397083,0.0000000000000000,92482.5311822356161429,0.0000000000000000,0.0000000000000000,1914.8417041067705213,672.4377970184168589,128.5271824483946261,422.8790716621848560,443.8380913262909644,2795.4215526402213072,1611.0191730181513776,307.8825482466534709,1424.7319419379819010,1063.3657333793330508,0.9965661878176238,1.0335662795781424,17.1773802739124868,16.2633047959237089,6.4260929169697878,5.5593096656842631,12.6011895420477202,9.8724697858368362,4.2425139195323620,5.3377262541918720,4.5761907318647674,6.3908350100868745,1.3167957461519009,1.0883666627779154,1.0109318861410685,-2.7208087050179159,109.9960746821999891,111.5122281663123829,33.9478571649521186,41.0966857448470222,78.1740363716028668,77.4058343244489038,34.2085605189783664,28.9009324746795961,31.8220383105971223,34.1063938418634862,6.8881252258686558,5.0469246902725207
31,2283.4060056061880459,2289.9886293405761535,0.0926722378479820,1847.5924403410126615,22.4984476863134404,0.0000000000000000,92474.7107037069945363,0.0000000000000000,0.0000000000000000,1914.8405046705868244,672.4373758106358991,128.5306961786387490,422.8747281500638451,443.8440881435453207,2795.3792231337706653,1610.9947782550746069,307.8824500947574165,1424.7177121909487596,1063.3597443424914673,0.9966637292790591,1.0541849425243832,17.2005964624617853,16.2650819300358123,6.4362975100154109,5.5591728817333088,12.6271810754321514,9.8716460142548357,4.2414712799993630,5.3489556947089749,4.5734153870296330,6.3934359157809739,1.3177016017339458,1.0873418153064363,1.0108897152083185,-2.7476564451797429,109.9885154533882741,111.5355225626343270,33.9493589851574100,41.1015946541191255,78.1709300600403196,77.4204087902098905,34.2136855858154973,28.9000572541835972,31.8175853933479615,34.1151137724244293,6.8879090683036246,5.0493017309738137
32,2283.3832172296142744,2289.7768832492893125,0.0926735714739191,1847.5746112130116217,22.4983754220818213,0.0000000000000000,92467.7269899076200090,0.0000000000000000,0.0000000000000000,1914.8408842669668957,672.4375091140589120,128.5337944614417154,422.8705985629851511,443.8498797103709990,2795.3391460382285914,1610.9716815706919988,307.8822433037896076,1424.7040126500264705,1063.3539596350531156,0.9967471944921856,1.0739275131566934,17.2226667162841665,16.2667305945476883,6.4460058828452347,5.5590517568194917,12.6519206952547556,9.8708198192191059,4.2404668595748447,5.3596635251926843,4.5707460210294091,6.3959107753285807,1.3185848972446468,1.0863423576525502,1.0108517645748329,-2.7722521537562557,109.9819020504817360,111.5571319682400855,33.9507715743854490,41.1062305311670002,78.1684019472471618,77.4339046066927779,34.2184598497922963,28.8992717226579217,31.8135001032345670,34.1232273615473076,6.8877706813747004,5.0514998517275247
33,2283.3620996442614342,2289.5955390366375468,0.0926747406657346,1847.5574878995550989,22.4983060545085287,0.0000000000000000,92461.4999198984296527,0.0000000000000000,0.0000000000000000,1914.8426049020988557,672.4381133520463436,128.5365222313277798,422.8666651515050035,443.8554723254480336,2795.3011766897093366,1610.9497995942890611,307.8819287211501887,1424.6908227480500955,1063.3483730842924615,0.9968180861597650,1.0927951617759639,17.2436272635867063,16.2682715427583915,6.4552314305021516,5.5589480224907764,12.6754517237037430,9.8699989624069264,4.2395013644748119,5.3698641615662286,4.5681755398829660,6.3982725803514633,1.3194466580159649,1.0853672689359233,1.0108175668219461,-2.7947468045950927,109.9761411190860372,111.5771516993915640,33.9521087849495231,41.1105953447774297,78.1663849856722095,77.4463842974853804,34.2228964201694694,28.8985761399317163,31.8097561334138277,34.1307674019061764,6.8876989246079585,5.0535326450178069
34,2283.3425019011324366,2289.4412866043749091,0.0926757614110343,1847.5410362972199891,22.4982394696685901,0.0000000000000000,92455.9558919086848618,0.0000000000000000,0.0000000000000000,1914.8454554383765753,672.4391143790925298,128.5389200815899926,422.8629127292035150,443.8608715387214261,2795.2651798817432791,1610.9290544055193095,307.8815108257081192,1424.6781235680164173,1063.3429792485708276,0.9968777804984925,1.1107947159362048,17.2635160973626256,16.2697225357423285,6.4639884890992301,5.5588629443828905,12.6978184912734804,9.8691898464311976,4.2385751247251742,5.3795728896866732,4.5656976060891452,6.4005326893111310,1.3202878196577166,1.0844155994125568,1.0107867115250611,-2.8152888378330090,109.9711464331350896,111.5956776025003450,33.9533814974679302,41.1146942564024727,78.1648189414418937,77.4579101699287236,34.2270102266311085,28.8979688686265135,31.8063274916932031,34.1377674325716214,6.8876840297713642,5.0554126288414158
35,2283.3242869086229803,2289.3111044073793892,0.0926766487318431,1847.5252257500942505,22.4981755596608473,0.0000000000000000,92451.0274111089383950,0.0000000000000000,0.0000000000000000,1914.8492492968907754,672.4404466740054431,128.5410246054390768,422.8593282197676899,443.8660824171919899,2795.2310295899028461,1610.9093733757056270,307.8809965479992456,1424.6658975303266743,1063.3377731539023898,0.9969275349801809,1.1279378191977081,17.2823724645279775,16.2710986733362901,6.4722921215003169,5.5587973800035577,12.7190659100023815,9.8683976677070202,4.2376881431741786,5.3888056576577270,4.5633065545255969,6.4027010056292708,1.3211092368293789,1.0834864638425901,1.0107588374595076,-2.8340221613138254,109.9668387618426948,111.6128044539020294,33.9545982227854850,41.1185348028504833,78.1636498107058060,77.4685434474292549,34.2308173654540155,28.8974468859888027,31.8031889511368924,34.1442610064727745,6.8877174373964660,5.0571513367966832
36,2283.3073304323147568,2289.2022403713731364,0.0926774166156075,1847.5100284362581533,22.4981142218891073,0.0000000000000000,92446.6526892119436525,0.0000000000000000,0.0000000000000000,1914.8538222158913413,672.4420525527431209,128.5428687277895392,422.8559002885588143,443.8711097298866548,2795.1986086068036457,1610.8906889574891466,307.8803943766442899,1424.6541281476993390,1063.3327501110713911,0.9969684959493869,1.1442401713477111,17.3002364199564163,16.2724126979782859,6.4801579275035008,5.5587518318334235,12.7392391034924604,9.8676265574057744,4.2368401404587335,5.3975788921308370,4.5609973164639541,6.4047861405725124,1.3219116913746902,1.0825790353726639,1.0107336260240625,-2.8510847943527722,109.9631456118750634,111.6286247835637937,33.9557655882055229,41.1221262423098821,78.1628292510880556,77.4783436400308858,34.2343345891020618,28.8970061881987590,31.8003163607870150,34.1502811435329079,6.8877916532078203,5.0587594000067657
37,2283.2915200962015660,2289.1121933556823933,0.0926780779893232,1847.4954188750439243,22.4980553584782434,0.0000000000000000,92442.7752577691862825,0.0000000000000000,0.0000000000000000,1914.8590301096537587,672.4438814165083613,128.5444820226793752,422.8526190419537443,443.8759580745779658,2795.1678081151103470,1610.8729384387490882,307.8797136864245090,1424.6427998330900664,1063.3279055907553357,0.9970017060573343,1.1597208449101579,17.3171484393983128,16.2736752725507294,6.4876018764424037,5.5587264959066047,12.7583830883393414,9.8668797108636817,4.2360305960668203,5.4059093365360535,4.5587653510589714,6.4067955616870478,1.3226958998397844,1.0816925399063502,1.0107107956631669,-2.8666079939138456,109.9600008910271072,111.6432280305117928,33.9568887301869680,41.1254790322314818,78.1623140422916265,77.4873680991364040,34.2375789103483683,28.8966421084923510,31.7976868487354807,34.1558599313753817,6.8879001218831153,5.0602466216946178
38,2283.2767544070011354,2289.0386952696735534,0.0926786447246519,1847.4813735306702256,22.4979988757986682,0.0000000000000000,92439.3435965752287302,0.0000000000000000,0.0000000000000000,1914.8647470539206097,672.4458890442930397,128.5458910132717847,422.8494757813722913,443.8806319625414858,2795.1385272210895891,1610.8560636737870482,307.8789642382001261,1424.6318977492978775,1063.3232351403719349,0.9970281114656567,1.1744016728020590,17.3331490856954922,16.2748952335122041,6.4946401602660835,5.5587213060619671,12.7765425019908250,9.8661595058948954,4.2352587856625670,5.4138139093309192,4.5566065837046654,6.4087357276173087,1.3234625203994004,1.0808262509351638,1.0106900971137902,-2.8807157418221863,109.9573445263986287,111.6566999573907708,33.9579716112564540,41.1286044139391365,78.1620655833653046,77.4956717146389735,34.2405672980056153,28.8963495661222289,31.7952789430333240,34.1610282427517902,6.8880371159335221,5.0616220451342233
39,2283.2629418163119226,2288.9796939206948991,0.0926791276648768,1847.4678704930338426,22.4979446840777406,0.0000000000000000,92436.3107781934377272,0.0000000000000000,0.0000000000000000,1914.8708634115193945,672.4480369346490534,128.5471194527708008,422.8464628016200777,443.8851358731378696,2795.1106724668052266,1610.8400108022017321,307.8781558120286945,1424.6214076914136513,1063.3187343308848085,0.9970485687848742,1.1883067020778810,17.3482787230997495,16.2760798206877553,6.5012890652903703,5.5587359740767166,12.7937613724137584,9.8654676105199997,4.2345238148582771,5.4213095804880904,4.5545173506859911,6.4106122101677556,1.3242121592184397,1.0799794848022795,1.0106713093375044,-2.8935245006305763,109.9551220604139274,111.6691222668472392,33.9590172754151354,41.1315140837929647,78.1620494298686737,77.5033067220955161,34.2433164459911268,28.8961232597931144,31.7930726305452573,34.1658155447517231,6.8881976378018415,5.0628940156220237
40,2283.2499998303687789,2288.9333366467071755,0.0926795366668166,1847.4548892204848016,22.4978926970811592,0.0000000000000000,92433.6341292824217817,0.0000000000000000,0.0000000000000000,1914.8772841032998713,672.4502916984903322,128.5481885855649011,422.8435732253162200,443.8894742867935292,2795.0841573352336127,1610.8247299636832395,307.8772979434226613,1424.6113159951685248,1063.3143987250236933,0.9970638517219793,1.2014617088262369,17.3625772748782659,16.2772348851352326,6.5075648609352115,5.5587700259074975,12.8100829252886221,9.8648050806627392,4.2338246496295140,5.4284132645641057,4.5524943495896455,6.4124298044724917,1.3249453762779833,1.0791515963711060,1.0106542360252546,-2.9051431676721222,109.9532842410186078,111.6805723743812564,33.9600280535711647,41.1342199346261879,78.1622348714473105,77.5103225947158023,34.2458426010902457,28.8959578165287532,31.7910493695712937,34.1702497796654612,6.8883773335359457,5.0640702370424142
41,2283.2378541732941812,2288.8979547669841850,0.0926798806525294,1847.4424103325575288,22.4978428318506083,0.0000000000000000,92431.2749091166042490,0.0000000000000000,0.0000000000000000,1914.8839270238033805,672.4526245027213918,128.5491173885903322,422.8408008667827858,443.8936517026241404,2795.0589017592237724,1610.8101750150246971,307.8763997392654232,1424.6016094657747999,1063.3102238606973060,0.9970746574193989,1.2138937694389540,17.3760840197442654,16.2783650765232224,6.5134837038761040,5.5588228342724397,12.8255494247722019,9.8641724483943811,4.2331601435764661,5.4351417288048349,4.5505345949720652,6.4141926281288404,1.3256626906959734,1.0783419750712688,1.0106387025833732,-2.9156731734695001,109.9517866172946725,111.6911233017136453,33.9610057283390248,41.1367338542650529,78.1625945486538001,77.5167660004231180,34.2481614376494932,28.8958479047992682,31.7891920686408724,34.1743573012905273,6.8885724166155606,5.0651578235397547
42,2283.2264380068236278,2288.8720488682920404,0.0926801676669373,1847.4304154429798928,22.4977950084866123,0.0000000000000000,92429.1980054561136058,0.0000000000000000,0.0000000000000000,1914.8907215973940765,672.4550105631916495,128.5499227933703423,422.8381401200817891,443.8976726452598882,2795.0348316425156554,1610.7963032540815220,307.8754697549923094,1424.5922753228981037,1063.3062052450447936,0.9970816124741644,1.2256308836541763,17.3888374229893437,16.2794740114499703,6.5190615561448091,5.5588936478112068,12.8402020441731981,9.8635698013187394,4.2325290622379006,5.4415115148496236,4.5486353788161438,6.4159042101312300,1.3263645855733064,1.0775500412951853,1.0106245535260094,-2.9252086833523521,109.9505891480424395,111.7008436621408123,33.9619516657936558,41.1390675704028368,78.1631041068778956,77.5226808084764656,34.2502879697047931,28.8957883190380578,31.7874850411645440,34.1781628536643467,6.8887796006980455,5.0661633467555971
43,2283.2156912076170556,2288.8542749313864988,0.0926804049385034,1847.4188870252664856,22.4977491499677171,0.0000000000000000,92427.3716477222187677,0.0000000000000000,0.0000000000000000,1914.8976074682732360,672.4574286846659561,128.5506198895005525,422.8355858668689962,443.9015416642227478,2795.0118783988245923,1610.7830751541428072,307.8745159186386786,1424.5833011583974894,1063.3023383558170281,0.9970852786315457,1.2367016449767618,17.4008749985160911,16.2805644241077694,6.5243141158163578,5.5589816170599171,12.8540807631754745,9.8629968536940034,4.2319301046638209,5.4475388726970699,4.5467942353406166,6.4175675704137660,1.3270515123960966,1.0767752431192881,1.0106116502123657,-2.9338368708504277,109.9496558282059056,111.7097977152397306,33.9628669203578113,41.1412325330760922,78.1637418847427909,77.5281081334369873,34.2522364928668281,28.8957740413154518,31.7859139434631111,34.1816895818027433,6.8889960402092614,5.0670928790423586
44,2283.2055597016324100,2288.8434312924723599,0.0926805989408400,1847.4078083046197207,22.4977051819987999,0.0000000000000000,92425.7671372719487408,0.0000000000000000,0.0000000000000000,1914.9045333164701788,672.4598608450340862,128.5512221105294941,422.8331334005541748,443.9052633283113778,2794.9899785130942291,1610.7704541110786067,307.8735454904178823,1424.5746749040656596,1063.2986186476432522,0.9970861581518465,1.2471349542964028,17.4122331982759775,16.2816383006584573,6.5292567590162109,5.5590858174747479,12.8672242885187771,9.8624530098823726,4.2313619224501897,5.4532397056912831,4.5450089097572004,6.4191852907760856,1.3277238950245582,1.0760170533249276,1.0105998688776996,-2.9416382388856732,109.9489543360924273,111.7180454729709425,33.9637523178621024,41.1432398275850915,78.1644886341182854,77.5330864068363041,34.2540205497420729,28.8958002848392326,31.7844657019741454,34.1849590661346312,6.8892192778430204,5.0679520330228689
45,2283.1959948539702054,2288.8384464261116591,0.0926807554537150,1847.3971631711101509,22.4976630328826310,0.0000000000000000,92424.3585944342048606,0.0000000000000000,0.0000000000000000,1914.9114557911666452,672.4622918207251132,128.5517414033050443,422.8307783638832689,443.9088422167853309,2794.9690731275823055,1610.7584062047985753,307.8725650489473082,1424.5663848072267683,1063.2950415613950099,0.9970846988527570,1.2569597727503528,17.4229473259085132,16.2826969986355081,6.5339044920741838,5.5592052697324323,12.8796699953080704,9.8619374207062940,4.2308231364341466,5.4586295253790817,4.5432773306004446,6.4207595779292141,1.3283821332982857,1.0752749666951020,1.0105890989155797,-2.9486869705408481,109.9484557029592793,111.7256428429683268,33.9646085208944726,41.1451001119946582,78.1653272688886460,77.5376514689307186,34.2556529138436900,28.8958625230664303,31.7831284340706262,34.1879913740376224,6.8894471981509655,5.0687459978280396
46,2283.1869529119553590,2288.8383675299965034,0.0926808796223620,1847.3869361100273636,22.4976226334100282,0.0000000000000000,92423.1227218626445392,0.0000000000000000,0.0000000000000000,1914.9183385525418544,672.4647088502302950,128.5521883819010895,422.8285166975855986,443.9122829086716138,2794.9491076543017698,1610.7468999758998507,307.8715804971584475,1424.5584194124417081,1063.2916025353520126,0.9970812988325427,1.2662049101104316,17.4330514716539469,16.2837413526309014,6.5382719127403623,5.5593389575285501,12.8914538863702894,9.8614490332731357,4.2303123512416834,5.4637234151760374,4.5415975852836574,6.4222923193577648,1.3290266062868665,1.0745484975643249,1.0105792413758117,-2.9550512956263759,109.9481340055593961,111.7326417977951394,33.9654360798050945,41.1468235744045785,78.1662426397127064,77.5418366745270191,34.2571455878978739,28.8959565074930076,31.7818913658466897,34.1908051232681274,6.8896779865067028,5.0694795723120887
47,2283.1783944986946153,2288.8423498869615287,0.0926809760143376,1847.3771121460604263,22.4975839167647713,0.0000000000000000,92422.0385836794011993,0.0000000000000000,0.0000000000000000,1914.9251514133459295,672.4671013326483262,128.5525724672535830,422.8263445981356199,443.9155899711471989,2794.9300314144493314,1610.7359062178663862,307.8705970824204883,1424.5507675479248064,1063.2882970172254318,0.9970763108817724,1.2748988452092256,17.4425784658720779,16.2847717674618195,6.5423731794626647,5.5594858430856906,12.9026105673107594,9.8609866348087714,4.2298281678719949,5.4685360018625140,4.5399678985613168,6.4237851326530464,1.3296576752136962,1.0738371776001512,1.0105702076480987,-2.9607938627051453,109.9479660815556770,111.7390905613422660,33.9662354721208217,41.1484199060410347,78.1672213321820522,77.5456730081386922,34.2585098132247836,28.8960782766054898,31.7807447493736248,34.1934175532035738,6.8899100928162484,5.0701571955153302
48,2283.1702841540341069,2288.8496469760166292,0.0926810486734292,1847.3676767986048617,22.4975468184401848,0.0000000000000000,92421.0873998202005168,0.0000000000000000,0.0000000000000000,1914.9318695717277024,672.4694605582765234,128.5529020136165457,422.8242584830310307,443.9187679476988251,2794.9117973046891166,1610.7253977847469741,307.8696194266294697,1424.5434183155739447,1063.2851204763453552,0.9970700465930769,1.2830695751546486,17.4515598487455854,16.2857882999459456,6.5462219878064341,5.5596448805737761,12.9131732351416666,9.8605488910165029,4.2293691944940788,5.4730814340103224,4.5383866136039170,6.4252394089294427,1.3302756860796969,1.0731405537961118,1.0105619183061341,-2.9659721089054472,109.9479312672403353,111.7450338054675143,33.9670071326228395,41.1498982869272112,78.1682514859813153,77.5491892047464972,34.2597560875037672,28.8962241580043049,31.7796797812590128,34.1958446007210313,6.8901421994234431,5.0707829746185311
49,2283.1625899197392755,2288.8596013015594508,0.0926811011703068,1847.3586160459535677,22.4975112761649463,0.0000000000000000,92420.2523549468314741,0.0000000000000000,0.0000000000000000,1914.9384729271816923,672.4717794683905367,128.5531844228995908,422.8222549622545898,443.9218213465390477,2794.8943614897643783,1610.7153494140050043,307.8686515629497649,1424.5363610836989210,1063.2820684155383333,0.9970627801798660,1.2907444903135428,17.4600258539763367,16.2867907303461479,6.5498315531729183,5.5598150276343477,12.9231736785610245,9.8601343794516652,4.2289340556219654,5.4773733665158826,4.5368521754153095,6.4266563508944801,1.3308809720123824,1.0724581866570360,1.0105543020906793,-2.9706386219188516,109.9480111566843874,111.7505128515163904,33.9677514759314789,41.1512673814734597,78.1693226328664110,77.5524118732494969,34.2608941887479972,28.8963907653220993,31.7786885238179764,34.1981009782669005,6.8903731927254634,5.0713607106093805
50,2283.1552829656679933,2288.8716359079412541,0.0926811366497685,1847.3499162965827054,22.4974772298361394,0.0000000000000000,92419.5184212586755166,0.0000000000000000,0.0000000000000000,1914.9449454719958794,672.4740524415384471,128.5534262479252448,422.8203308148268320,443.9247546296327300,2794.8776831204454538,1610.7057375639703878,307.8676969766589195,1424.5295854817559302,1063.2791363823594111,0.9970547520159958,1.2979502722699614,17.4680054044985518,16.2877786244767115,6.5532145990461537,5.5599952551896994,12.9326422881532821,9.8597416183747981,4.2285213998253157,5.4814249504872068,4.5353631163452679,6.4280370061019152,1.3314738553643841,1.0717896485589469,1.0105472950133445,-2.9748414901820581,109.9481893812437079,111.7555658726011103,33.9684689131060011,41.1525353418062139,78.1704255514859909,77.5553656203435651,34.2619332037346709,28.8965749912451990,31.7777638297577099,34.2002002522575452,6.8906021380715394,5.0718939218608048
51,2283.1483372536699790,2288.8852465455274796,0.0926811578745266,1847.3415643660407568,22.4974446214579231,0.0000000000000000,92418.8721945188735845,0.0000000000000000,0.0000000000000000,1914.9512747510586905,672.4762751038402939,128.5536332855497790,422.8184829695391613,443.9275722025579398,2794.8617240755957027,1610.6965402651901513,307.8667586481437866,1424.5230813965015386,1063.2763199794442244,0.9970461719090586,1.3047128121835314,17.4755261184331978,16.2887513873954077,6.5563833500662394,5.5601845557065541,12.9416080749619411,9.8593690915181877,4.2281299061223434,5.4852488277993325,4.5339180434712576,6.4293822958772191,1.3320546495842107,1.0711345222669066,1.0105408395654609,-2.9786246384823443,109.9484514082313922,111.7602280935077772,33.9691598634909724,41.1537098170516558,78.1715521372703392,77.5580731730884310,34.2628815594830627,28.8967739976888680,31.7768992709610600,34.2021549204193533,6.8908282575685904,5.0723858658021079
52,2283.1417292361984437,2288.8999944537408737,0.0926811672655723,1847.3335474582431743,22.4974133950846316,0.0000000000000000,92418.3017425980651751,0.0000000000000000,0.0000000000000000,1914.9574513834170375,672.4784441609729129,128.5538106605659152,422.8167084891107947,443.9302784053505775,2794.8464487270107384,1610.6877369849044044,307.8658390965680951,1424.5168389691323227,1063.2736148738613338,0.9970372221205045,1.3110571471825381,17.4826143236939444,16.2897083095387387,6.5593495292915609,5.5603819500728360,12.9500986960507163,9.8590152691721986,4.2277582891921845,5.4888571296962247,4.5325156276432299,6.4306930403665383,1.3326236608806519,1.0704923995953359,1.0105348840186608,-2.9820281471819783,109.9487843575137305,111.7645319858935267,33.9698247628143832,41.1547979671176449,78.1726952857998469,77.5605554988448205,34.2637470566559372,28.8969852039672936,31.7760890717138800,34.2039764870487062,6.8910509104617059,5.0728395588470923
53,2283.1354375865375914,2288.9154997263576661,0.0926811669392104,1847.3258531501810467,22.4973834967672630,0.0000000000000000,92417.7964658403507201,0.0000000000000000,0.0000000000000000,1914.9634686394649634,672.4805572496904915,128.5539629012171474,422.8150045571503597,443.9328775044085091,2794.8318237255029999,1610.6793085037645596,307.8649404231193785,1424.5108485930306870,1063.2710168053608868,0.9970280601460022,1.3170074126279196,17.4892950798270235,16.2906486060933915,6.5621243590729748,5.5605864932350508,12.9581404858232645,9.8586786259698478,4.2274053035341579,5.4922614788765376,4.5311545940037563,6.4319699801235428,1.3331811897008929,1.0698628801964374,1.0105293818056416,-2.9850885539890299,109.9491768347713645,111.7685074570682389,33.9704640683553478,41.1558064797874437,78.1738487882338262,77.5628319216002069,34.2645369039912424,28.8972062736271127,31.7753280465375383,34.2056755354680249,6.8912695757961995,5.0732577947282360
54,2283.1294429578456402,2288.9314352246951785,0.0926811587408955,1847.3184693792650251,22.4973548745026335,0.0000000000000000,92417.3469685601885431,0.0000000000000000,0.0000000000000000,1914.9693220681886032,672.4826128069240667,128.5540940071040268,422.8133684674022561,443.9353736854999397,2794.8178178067428234,1610.6712368039391094,307.8640643530254124,1424.5051009118628826,1063.2685215935107408,0.9970188212695578,1.3225868082747567,17.4955922058256732,16.2915714503341427,6.5647185650195325,5.5607972787328617,12.9657584920125775,9.8583576557203259,4.2270697466917806,5.4954729945561152,4.5298337138130966,6.4332137946138177,1.3337275320410813,1.0692455704634174,1.0105242909711960,-2.9878391377611706,109.9496187801883451,111.7721820311606393,33.9710782618466354,41.1567415901645788,78.1750072375366472,77.5649202339750730,34.2652577530626345,28.8974351004742545,31.7746115426517086,34.2072617971855664,6.8914838371019469,5.0736431613723800
55,2283.1237277683767388,2288.9475210047849032,0.0926811442760311,1847.3113844326398976,22.4973274781845802,0.0000000000000000,92416.9449409911467228,0.0000000000000000,0.0000000000000000,1914.9750091693206286,672.4846099546508640,128.5542075101999444,422.8117976148506614,443.9377710478652830,2794.8044016153280609,1610.6635049677238385,307.8632122757810521,1424.4995868177891225,1063.2661251437102692,0.9970096209047968,1.3278175765384042,17.5015283128053483,16.2924760015991197,6.5671423825879671,5.5610134422570265,12.9729765153807222,9.8580508836154408,4.2267504616502345,5.4985023000517597,4.5285517974246261,6.4344251179836780,1.3342629806067923,1.0686400825362072,1.0105195736849200,-2.9903101842525643,109.9501013313676481,111.7755810218649088,33.9716678506503058,41.1576091016923158,78.1761659443754127,77.5668368044167806,34.2659157328217105,28.8976697942091612,31.7739353869922354,34.2087442174481353,6.8916933688706079,5.0739980564411447
56,2283.1182760103438341,2288.9635192253936111,0.0926811249379076,1847.3045869379629949,22.4973012595567994,0.0000000000000000,92416.5830510251689702,0.0000000000000000,0.0000000000000000,1914.9805291057473369,672.4865483989005952,128.5543065296311056,422.8102894883247131,443.9400735993967260,2794.7915475455843080,1610.6560970857931352,307.8623852831929639,1424.4942974496382249,1063.2638234521152754,0.9970005567366504,1.3327209912412066,17.5071248405584932,16.2933614285164303,6.5694055658769939,5.5612341643466179,12.9798171522875609,9.8577568761069898,4.2264463385070163,5.5013595324786522,4.5273076882709296,6.4356045524094405,1.3347878258396015,1.0680460333983419,1.0105151958081484,-2.9925292340237348,109.9506166993253089,111.7787276962797449,33.9722333676416639,41.1584144081254735,78.1773208616883437,77.5685966792633224,34.2665164835028051,28.8979086659934765,31.7732958376369758,34.2101310170164226,6.8918979246226675,5.0743247016481865
57,2283.1130730801132813,2288.9792295048182496,0.0926811019329652,1847.2980658552287423,22.4972761721669556,0.0000000000000000,92416.2548450978065375,0.0000000000000000,0.0000000000000000,1914.9858824519144491,672.4884283414021411,128.5543938208289774,422.8088416643199139,443.9422852528451813,2794.7792295976605601,1610.6489981742679447,307.8615842050078300,1424.4892241909087716,1063.2616126095201707,0.9969917106763534,1.3373173553749211,17.5124020971292289,16.2942269280428178,6.5715173982527126,5.5614586723318489,12.9863018393948515,9.8574742487284119,4.2261563155070769,5.5040543541981526,4.5261002577343792,6.4367526793144050,1.3353023568247719,1.0674630440545603,1.0105111265086644,-2.9945213129691126,109.9511580564758901,111.7816434295955332,33.9727753701510267,41.1591625159591175,78.1784685170320159,77.5702136794958221,34.2670651895747582,28.8981502141954998,31.7726895394438671,34.2114297500997111,6.8920973263843575,5.0746251559555242
58,2283.1081056276034360,2288.9944846953922024,0.0926810763035727,1847.2918104692987527,22.4972521713219074,0.0000000000000000,92415.9546576009015553,0.0000000000000000,0.0000000000000000,1914.9910709743910502,672.4902504025242251,128.5544718196002236,422.8074518017874084,443.9444098230057989,2794.7674232475319513,1610.6421940997975071,307.8608096419881122,1424.4843586675112874,1063.2594888042451657,0.9969831506423145,1.3416260065610821,17.5173793006581029,16.2950717408241808,6.5734867044729670,5.5616862416195012,12.9924508998694943,9.8572016721102784,4.2258793795255878,5.5065959656934318,4.5249284007886104,6.4378700687139014,1.3358068620939132,1.0668907387795354,1.0105073379175455,-2.9963091460741538,109.9517194355870515,111.7843478505754575,33.9732944382436060,41.1598580669225100,78.1796059519144535,77.5717004921073112,34.2675666115075046,28.8983931105016048,31.7721134836726051,34.2126473584681463,6.8922914554150090,5.0749013277420030
59,2283.1033614229395425,2289.0091470459728953,0.0926810489758064,1847.2858103828823459,22.4972292140438057,0.0000000000000000,92415.6775282264134148,0.0000000000000000,0.0000000000000000,1914.9960974410987546,672.4920155542819202,128.5545428101754624,422.8061176376966728,443.9464510248143370,2794.7561053296353748,1610.6356715119206910,307.8600619963818303,1424.4796927451857300,1063.2574483241060079,0.9969749321789573,1.3456653290290319,17.5220746228466240,16.2958951633408411,6.5753218640167894,5.5619161964092685,12.9982835905378398,9.8569378764170015,4.2256145660738671,5.5089931195878474,4.5237910323087860,6.4389572869238405,1.3363016303354014,1.0663287444289415,1.0105038048232269,-2.9979133551312316,109.9522956387500443,111.7868589779214972,33.9737911725601336,41.1605053602337989,78.1807306674067775,77.5730687561011507,34.2680251161904081,28.8986361865311814,31.7715649713432704,34.2137902218203465,6.8924802440433899,5.0751549860289549
60,2283.0988292775773516,2289.0231047631205001,0.0926810206405411,1847.2800555097646793,22.4972072590270429,0.0000000000000000,92415.4191266725538298,0.0000000000000000,0.0000000000000000,1915.0009654951231823,672.4937250760229972,128.5546083178107608,422.8048369832106914,443.9484124722873730,2794.7452539308974337,1610.6294177819941069,307.8593414998064759,1424.4752185265540447,1063.2554875575247024,0.9969670999251833,1.3494527710576314,17.5265052334814442,16.2966965572561371,6.5770308253601097,5.5621479099210855,13.0038181495223863,9.8566816544110161,4.2253609588967889,5.5112541355553066,4.5226870839590596,6.4400149028451210,1.3367869510242971,1.0657766898048036,1.0105005043984987,-2.9993526412103222,109.9528821554794291,111.7891933477238240,33.9742661918942375,41.1611083743805537,78.1818405754036689,77.5743291431960813,34.2684447058929678,28.8988784210536878,31.7710415800757708,34.2148642045277498,6.8926636684875886,5.0753877708405524
61,2283.0944987815946661,2289.0362687063748126,0.0926809920460077,1847.2745360681019520,22.4971862665959819,0.0000000000000000,92415.1756841706810519,0.0000000000000000,0.0000000000000000,1915.0056793535666202,672.4953804486735862,128.5546704260023887,422.8036077203381637,443.9502976782462156,2794.7348482950415018,1610.6234209480442132,307.8586482386012904,1424.4709283477639019,1063.2536029938587490,0.9969596889435597,1.3530048669437988,17.5306873455386167,16.2974753563458528,6.5786211209708121,5.5623808042057963,13.0090718439632909,9.8564318633309327,4.2251176892232332,5.5133869159030473,4.5216155015753277,6.4410434930149192,1.3372631149825633,1.0652342050677646,1.0104974159566633,-3.0006439527237490,109.9534750891236285,111.7913661322736232,33.9747201306450393,41.1616707882500847,78.1829339549701956,77.5754914333664090,34.2688290457030007,28.8991189278752323,31.7705411341534294,34.2158746989072000,6.8928417425470840,5.0756012027698061
62,2283.0903604534323676,2289.0485697916024037,0.0926809637346800,1847.2692425737009216,22.4971661986634786,0.0000000000000000,92414.9439313185866922,0.0000000000000000,0.0000000000000000,1915.0102439266859164,672.4969833965758426,128.5547305192803833,422.8024277989571829,443.9521100547403307,2794.7248687361184238,1610.6176696649333735,307.8579821767312410,1424.4668147747436251,1063.2517912230118782,0.9969527259208418,1.3563372626680206,17.5346362604609318,16.2982310713480381,6.5800998828253094,5.5626143496042939,13.0140610174908531,9.8561874257517346,4.2248839347248479,5.5153989616357615,4.5205752429700796,6.4420436455963017,1.3377304148794456,1.0647009211895477,1.0104945207335567,-3.0018026399379920,109.9540710908308796,111.7933912505740039,33.9751536362517470,41.1621960014794936,78.1840094132730741,77.5765645853813623,34.2691814894113378,28.8993569444367573,31.7700616775578055,34.2168266651926416,6.8930145120681541,5.0757966918149862
63,2283.0864054954363382,2289.0599562702882395,0.0926809361960382,1847.2641658331406234,22.4971470186901890,0.0000000000000000,92414.7210417339665582,0.0000000000000000,0.0000000000000000,1915.0146645497561622,672.4985357933261412,128.5547899513335040,422.8012952341188679,443.9538529141194658,2794.7152965602981567,1610.6121531592887095,307.8573431763616668,1424.4628705990216986,1063.2500489343931349,0.9969462302498607,1.3594647445251340,17.5383664132659653,16.2989632930375699,6.5814738582751957,5.5628480639135773,13.0188011371718044,9.8559473295779618,4.2246589182325147,5.5172973888357220,4.5195652760941618,6.4430159634596063,1.3381891456810622,1.0641764694394735,1.0104918016925215,-3.0028425967852002,109.9546673003792705,111.7952814709237970,33.9755673666927152,41.1626871539348969,78.1850658506488116,77.5775568025345308,34.2695051038400464,28.8995918211469771,31.7696014497304660,34.2177246683892733,6.8931820500948540,5.0759755455457372
64,2283.0826257643102508,2289.0703914739806351,0.0926809098500204,1847.2592969367283331,22.4971286916447504,0.0000000000000000,92414.5045810707088094,0.0000000000000000,0.0000000000000000,1915.0189469358797396,672.5000396452031737,128.5548499391264556,422.8002081035649553,443.9555294706840414,2794.7061139950410507,1610.6068611886832969,307.8567310162233071,1424.4590888331633778,1063.2483729153009335,0.9969402150023080,1.3624012700778501,17.5418914172001585,16.2996716937974142,6.5827494261163633,5.5630815113119754,13.0233068397026166,9.8557106273048785,4.2244419062545324,5.5190889452169172,4.5185845774975411,6.4439610664925357,1.3386396050574429,1.0636604808994459,1.0104892433497983,-3.0037763908119786,109.9552612932353810,111.7970485059701957,33.9759619881110737,41.1631471442589500,78.1861024294071143,77.5784755937721968,34.2698026916313125,28.8998230114578583,31.7691588638282667,34.2185729121980060,6.8933444526276348,5.0761389766532146
65,2283.0790137085832612,2289.0798517548355449,0.0926808850572594,1847.2546272511815459,22.4971111839648721,0.0000000000000000,92414.2924609658948611,0.0000000000000000,0.0000000000000000,1915.0230971011931160,672.5014970649024235,128.5549115831656763,422.7991645453952856,443.9571428428489526,2794.6973041248556910,1610.6017840046117726,307.8561454078880502,1424.4554627057862035,1063.2467600487752861,0.9969346878013525,1.3651600008725033,17.5452241077051916,16.3003560279288884,6.5839326127344195,5.5633143010899850,13.0275919766675692,9.8554764346679491,4.2242322073354499,5.5207800267321065,4.5176321310376224,6.4448795932609402,1.3390820937545354,1.0631525860023132,1.0104868316180573,-3.0046153820751300,109.9558510332641390,111.7987031006404521,33.9763381726127847,41.1635786474510965,78.1871185460123570,77.5793278304406186,34.2700768125307818,28.9000500626788792,31.7687324872517856,34.2193752701998406,6.8935018349203174,5.0762881099339054
66,2283.0755623137524708,2289.0883246436796981,0.0926808621281170,1847.2501484120634814,22.4970944635194421,0.0000000000000000,92414.0828975157637615,0.0000000000000000,0.0000000000000000,1915.0271213024266217,672.5029102496092719,128.5549758856121230,422.7981627558465902,443.9586960557782618,2794.6888508328647731,1610.5969123188153844,307.8555860101066060,1424.4519856562169480,1063.2452073109864159,0.9969296516025502,1.3677533364291428,17.5483765855082048,16.3010161309159720,6.5850291082196026,5.5635460862279773,13.0316696587185437,9.8552439287874716,4.2240291702899535,5.5223766941306369,4.5167069267896611,6.4457722021285022,1.3395169159380236,1.0626524140889662,1.0104845536660987,-3.0053698317635309,109.9564348305623582,111.8002551133639173,33.9766965962705711,41.1639841314645736,78.1881138063220646,77.5801197988776323,34.2703298032105721,28.9002726075177812,31.7683210242402865,34.2201353144862850,6.8936543282539988,5.0764239887527927
67,2283.0722650541429175,2289.0958072066114255,0.0926808413306220,1847.2458523159050401,22.4970784995716677,0.0000000000000000,92413.8743739020283101,0.0000000000000000,0.0000000000000000,1915.0310259853242769,672.5042814628850465,128.5550437664628305,422.7972009871400019,443.9601920444270036,2794.6807387475537325,1610.5922372725931382,307.8550524413067251,1424.4486513287649814,1063.2437117682052303,0.9969251053909454,1.3701929490856664,17.5513602586870050,16.3016519178339543,6.5860442823616223,5.5637765618571180,13.0355522985679304,9.8550123459027681,4.2238321823419334,5.5238846893816635,4.5158079601190728,6.4466395719311871,1.3399443795151849,1.0621595929799590,1.0104823977929653,-3.0060490012868826,109.9570113039375485,111.8017135909920654,33.9770379373567266,41.1643658728188768,78.1890880035965665,77.5808572490752937,34.2705637956856819,28.9004903563290974,31.7679233003409820,34.2208563419167646,6.8938020771331958,5.0765475810276284
68,2283.0691158506956526,2289.1023045824103974,0.0926808228974203,1847.2417311120279919,22.4970632627434810,0.0000000000000000,92413.6656068168958882,0.0000000000000000,0.0000000000000000,1915.0348177426478742,672.5056130199197924,128.5551160779949669,422.7962775453692075,443.9616336569542909,2794.6729531940732159,1610.5877504087361558,307.8545442903897538,1424.4454535666586708,1063.2422705734052215,0.9969210448017765,1.3724898193348700,17.5541858835963360,16.3022633810700803,6.5869832004502875,5.5640054636354632,13.0392516527161035,9.8547809787790488,4.2236406671950277,5.5253094518924764,4.5149342308802325,6.4474824022910306,1.3403647964404357,1.0616737485578116,1.0104803533148925,-3.0066612425274997,109.9575793475986671,111.8030868378154281,33.9773628748203649,41.1647259712389655,78.1900410990233183,77.5815454396385462,34.2707807343831945,28.9007030900476281,31.7675382485753559,34.2215413981768748,6.8939452368557692,5.0766597847727351
69,2283.0661090339790462,2289.1078286841193403,0.0926808070318327,1847.2377771940739422,22.4970487249811200,0.0000000000000000,92413.4555163605982671,0.0000000000000000,0.0000000000000000,1915.0385032805913852,672.5069072757374897,128.5551936176644858,422.7953907884102023,443.9630236584583258,2794.6654801495269567,1610.5834436457603260,307.8540611259379034,1424.4423864056636830,1063.2408809625364938,0.9969174626717408,1.3746542713468486,17.5568636045715785,16.3028505875034853,6.5878506388215046,5.5642325660671581,13.0427788618610183,9.8545491738597910,4.2234540830574465,5.5266561344650080,4.5140847427105610,6.4483014136436925,1.3407784830097111,1.0611945043564965,1.0104784104637494,-3.0072140799150731,109.9581381016670747,111.8043824790613314,33.9776720870182771,41.1650663633407845,78.1909732045279213,77.5821891792590748,34.2709823919272836,28.9009106537806879,31.7671648971391498,34.2221932998022567,6.8940839714134992,5.0767614332375919
70,2283.0632393117630272,2289.1123970494154491,0.0926807939130974,1847.2339831912092905,22.4970348595221701,0.0000000000000000,92413.2431991063349415,0.0000000000000000,0.0000000000000000,1915.0420893926077497,672.5081666160051554,128.5552771395977061,422.7945391238266097,443.9643647350071660,2794.6583062017602970,1610.5793092541557598,307.8536025039212518,1424.4394440673827376,1063.2395402505032962,0.9969143495272720,1.3766960084176816,17.5594029923526520,16.3034136752731520,6.5886511001003791,5.5644576807890207,13.0461444899600956,9.8543163282280517,4.2232719206406806,5.5279296189454525,4.5132585023925538,6.4490973470451003,1.3411857601483406,1.0607214811549268,1.0104765602957246,-3.0077142849316800,109.9586869261540301,111.8056075192404819,33.9779662507046609,41.1653888353890878,78.1918845676670884,77.5827928649167404,34.2711703837039963,28.9011129510320082,31.7668023584869452,34.2228146543237415,6.8942184516850915,5.0768532996726536
71,2283.0605017405496255,2289.1160318253087098,0.0926807837008762,1847.2303419590475642,22.4970216408640340,0.0000000000000000,92413.0279040529421763,0.0000000000000000,0.0000000000000000,1915.0455829397133130,672.5093934501160220,128.5553673648265089,422.7937210067642582,443.9656594979244915,2794.6514185111659572,1610.5753398343754270,307.8531679740025311,1424.4366209522831923,1063.2382458268812115,0.9969116940158871,1.3786241481271126,17.5618130811935771,16.3039528502460627,6.5893888281037967,5.5646806548455121,13.0493585619339214,9.8540818864317856,4.2230937011488479,5.5291345315322671,4.5124545192596548,6.4498709638142744,1.3415869536966645,1.0602542965715294,1.0104747946091781,-3.0081679436142679,109.9592253780887035,111.8067683956916198,33.9782460402808226,41.1656950351584712,78.1927755584229374,77.5833605170122667,34.2713461812708147,28.9013099385286267,31.7664498196657696,34.2234078786793532,6.8943488538876565,5.0769361017521932
72,2283.0578917006068878,2289.1187588738021077,0.0926807765390850,1847.2268465702663889,22.4970090447340034,0.0000000000000000,92412.8090112057107035,0.0000000000000000,0.0000000000000000,1915.0489908364936582,672.5105902062753103,128.5554649903821485,422.7929349378177903,443.9669104883142268,2794.6448047751018748,1610.5715282963287791,307.8527570845102446,1424.4339116324485985,1063.2369951513994693,0.9969094832862362,1.3804472570256827,17.5641024046427070,16.3044683822828489,6.5900678223743663,5.5649013689701192,13.0524306000177805,9.8538453372206689,4.2229189742728703,5.5302752577171130,4.5116718046249265,6.4506230450621818,1.3419823946972489,1.0597925646572535,1.0104731058706986,-3.0085805175756519,109.9597531915108846,111.8078710276520837,33.9785121273047679,41.1659864829307196,78.1936466577364655,77.5838958116237620,34.2715111246742126,28.9015016216231153,31.7661065337744333,34.2239752160283288,6.8944753582565061,5.0770105056816490
73,2283.0554048739531936,2289.1206069859354102,0.0926807725591076,1847.2234903049566128,22.4969970480609938,0.0000000000000000,92412.5860125456092646,0.0000000000000000,0.0000000000000000,1915.0523200420902867,672.5117593283350743,128.5555706973509587,422.7921794608609503,443.9681201817976444,2794.6384531945200251,1610.5678678401493471,307.8523693861451420,1424.4313108440956057,1063.2357857492099811,0.9969077033221174,1.3821733847048421,17.5662790299950196,16.3049606013850337,6.5906918523256817,5.5651197358886089,13.0553696587810837,9.8536062102351405,4.2227473162013931,5.5313559568411179,4.5109093712139394,6.4513543911498941,1.3423724196872160,1.0593358954845633,1.0104714871485072,-3.0089568990206317,109.9602702600767543,111.8089208611605159,33.9787651802580655,41.1662645816629009,78.1944984476385514,77.5844021100685950,34.2716664337363000,28.9016880502432727,31.7657718124381958,34.2245187510919138,6.8945981479265974,5.0770771300147963
74,2283.0530372249113498,2289.1216071926046425,0.0926807718824336,1847.2202666406842582,22.4969856289490906,0.0000000000000000,92412.3584951688244473,0.0000000000000000,0.0000000000000000,1915.0555775555424134,672.5129032741582478,128.5556851579748354,422.7914531608353172,443.9692909934455542,2794.6323524424378775,1610.5643519380255384,307.8520044344592179,1424.4288134798489409,1063.2346152059487849,0.9969063392353669,1.3838100971316045,17.5683505914318197,16.3054298937960986,6.5912644709860206,5.5653356986572007,13.0581843588462014,9.8533640726824103,4.2225783276582938,5.5323805762558429,4.5101662325856182,6.4520658211136874,1.3427573709989067,1.0588838947301773,1.0104699320524386,-3.0093014601857391,109.9607766220512275,111.8099229100749454,33.9790058645672346,41.1665306263612081,78.1953316028524625,77.5848824859394597,34.2718132183692816,28.9018693153632107,31.7654450191987614,34.2250404241354858,6.8947174079919282,5.0771365492040230
75,2283.0507849828659346,2289.1217921612669670,0.0926807746227642,1847.2171692422900833,22.4969747666529756,0.0000000000000000,92412.1261263946362305,0.0000000000000000,0.0000000000000000,1915.0587704149584169,672.5140245153278329,128.5558090418716688,422.7907546614873695,443.9704252829047277,2794.6264916339287083,1610.5609743169047761,307.8516617911445792,1424.4264145808026569,1063.2334811626185456,0.9969053755222004,1.3853645091544138,17.5703243218746081,16.3058766981185883,6.5917890283336895,5.5655492290467476,13.0608829193479643,9.8531185260290144,4.2224116319749259,5.5333528650842165,4.5094414025266421,6.4527581720895730,1.3431375970718218,1.0584361632494732,1.0104684346798145,-3.0096180975924938,109.9612724474907282,111.8108817934653558,33.9792348428761244,41.1667858126938739,78.1961468837595675,77.5853397497693038,34.2719524879719657,28.9020455459708536,31.7651255637311500,34.2255420436960449,6.8948333247219100,5.0771892969052672
76,2283.0486446268205327,2289.1211956682755044,0.0926807808876084,1847.2141919514358506,22.4969644415553311,0.0000000000000000,92411.8886406586825615,0.0000000000000000,0.0000000000000000,1915.0619057000124030,672.5151255380234261,128.5559430214244401,422.7900826230513189,443.9715253597027527,2794.6208602972892550,1610.5577289418781675,307.8513410241371275,1424.4241093283844748,1063.2323813102798340,0.9969047962873329,1.3868433161069014,17.5722070835891166,16.3063015015002755,6.5922686842223444,5.5657603259822066,13.0634731891825044,9.8528692027348299,4.2222468732036464,5.5342763875817154,4.5087338944066113,6.4534322987654456,1.3435134527785599,1.0579922966406292,1.0104669895666025,-3.0099102714521848,109.9617580274420305,111.8118017696146751,33.9794527755660596,41.1670312448747779,78.1969451306339067,77.5857764714656497,34.2720851599585927,28.9022169065085883,31.7648128968081203,34.2260252981490325,6.8949460849161879,5.0772358690574748
77,2283.0466128714469960,2289.1198521372780306,0.0926807907793960,1847.2113287758859315,22.4969546351463414,0.0000000000000000,92411.6458280248625670,0.0000000000000000,0.0000000000000000,1915.0649905373545607,672.5162088449213798,128.5560877763770691,422.7894357398643024,443.9725934887368339,2794.6154483460918527,1610.5546100000733531,307.8510417065368756,1424.4218930360216291,1063.2313133845602806,0.9969045854398925,1.3882528244536267,17.5740053975827379,16.3067048359350046,6.5927064208989545,5.5659690140452085,13.0659626771001776,9.8526157630497657,4.2220837142779297,5.5351545361022554,4.5080427204825613,6.4540890728852380,1.3438852997672786,1.0575518847966989,1.0104655916432970,-3.0101810405175797,109.9622337650104527,111.8126867668360092,33.9796603215207398,41.1672679428463653,78.1977272590677330,77.5861950006376730,34.2722120674648494,28.9023835947657872,31.7645065059427267,34.2264917661983361,6.8950558753815185,5.0772767267549508
78,2283.0446866543793476,2289.1177962347155699,0.0926808043961091,1847.2085738785376634,22.4969453300054241,0.0000000000000000,92411.3975241639418527,0.0000000000000000,0.0000000000000000,1915.0680321085865216,672.5172769579953638,128.5562439976523308,422.7888127379152365,443.9736318959551795,2794.6102460518090993,1610.5516118848784117,307.8507634143019231,1424.4197611406223132,1063.2302751599770545,0.9969047268649437,1.3895989814359275,17.5757254718440166,16.3070872747172189,6.5931050551205974,5.5661753420462787,13.0683585807015774,9.8523578918909784,4.2219218352232470,5.5359905436766814,4.5073668911424383,6.4547293828262422,1.3442535068230317,1.0571145114439155,1.0104642361950078,-3.0104330926254050,109.9627001681718781,111.8135404112858282,33.9798581391336043,41.1674968487859303,78.1984942565240857,77.5865974849223790,34.2723339662697057,28.9025458402040449,31.7642059116477924,34.2269429263634350,6.8951628825162246,5.0773122989295576
79,2283.0428631243644304,2289.1150625136615417,0.0926808218314448,1847.2059215662070528,22.4969365097852183,0.0000000000000000,92411.1436016632214887,0.0000000000000000,0.0000000000000000,1915.0710376604579324,672.5183324220970462,128.5564123903991742,422.7882123723141490,443.9746427742413175,2794.6052440166999986,1610.5487291803156040,307.8505057226929580,1424.4177091938929607,1063.2292644440447020,0.9969052045742746,1.3908874036847010,17.5773732284763220,16.3074494290841905,6.5934672498790015,5.5663793816723288,13.0706678143983268,9.8520952958160741,4.2217609314221169,5.5367874962143908,4.5067054140779970,6.4553541332681172,1.3446184502502121,1.0566797536646111,1.0104629188253067,-3.0106687711213311,109.9631578442293289,111.8143660519226756,33.9800468875563837,41.1677188329546695,78.1992471799697739,77.5869858863952118,34.2724515409651502,28.9027039026978727,31.7639106642595621,34.2273801655274497,6.8952672919895219,5.0773429848585074
80,2283.0411396301233253,2289.1116850979842638,0.0926808431744874,1847.2033662781266230,22.4969281591980241,0.0000000000000000,92410.8839625430846354,0.0000000000000000,0.0000000000000000,1915.0740145170511823,672.5193778092354933,128.5565936762360764,422.7876334246676038,443.9756282895318122,2794.6004331466624535,1610.5459566453960178,307.8502682013653953,1424.4157328534590761,1063.2282790711612961,0.9969060028398652,1.3921234047760507,17.5789543297801210,16.3077919450756319,6.5937955257438761,5.5665812262142342,13.0728970364019546,9.8518277001057157,4.2216007119360128,5.5375483443406788,4.5060572933781673,6.4559642449699179,1.3449805142782210,1.0562471814031971,1.0104616354233569,-3.0108900972960839,109.9636074958394403,111.8151667827258251,33.9802272281884541,41.1679346989010355,78.1999871545592669,77.5873619961261056,34.2725654103965525,28.9028580716761923,31.7636203412801663,34.2278047865997195,6.8953692885044804,5.0773691565122601
81,2283.0395137095006248,2289.1076973987483143,0.0926808685088725,1847.2009025741886035,22.4969202640047463,0.0000000000000000,92410.6185318729840219,0.0000000000000000,0.0000000000000000,1915.0769700937107700,672.5204157234680906,128.5567885946447859,422.7870747003524343,443.9765905871965401,2794.5958046236855807,1610.5432891982443380,307.8500504080153632,1424.4138278738362260,1063.2273168962167347,0.9969071063134034,1.3933120217072350,17.5804742033381274,16.3081155006377436,6.5940922718373454,5.5667809893789224,13.0750526748038283,9.8515548459679056,4.2214408978865041,5.5382759148836378,4.5054215285343000,6.4565606546698371,1.3453400914924181,1.0558163569537076,1.0104603821338900,-3.0110987888918572,109.9640499185627220,111.8159454622511930,33.9803998264089273,41.1681451880216542,78.2007153733613904,77.5877274469150251,34.2726761323868416,28.9030086656528944,31.7633345452013387,34.2282180153361679,6.8954690556348091,5.0773911607560356
82,2283.0379830788147046,2289.1031318552691118,0.0926808979114070,1847.1985251228561538,22.4969128110064851,0.0000000000000000,92410.3472523882228415,0.0000000000000000,0.0000000000000000,1915.0799119125620109,672.5214488063508043,128.5569979034341372,422.7865350256597594,443.9775317987414383,2794.5913498775844346,1610.5407218998084318,307.8498518804441346,1424.4119900971963943,1063.2263757878952219,0.9969085001350867,1.3944580402715943,17.5819380661567486,16.3084208029967748,6.5943597564526177,5.5669788041901693,13.0771409528079356,9.8512764878756478,4.2212812208978088,5.5389729220251906,4.5047971133488129,6.4571443151211279,1.3456975832923606,1.0553868344274273,1.0104591553295683,-3.0112962746503200,109.9644859999250883,111.8167047305532122,33.9805653535544181,41.1683509834712709,78.2014330981464951,77.5880837242037558,34.2727842077444365,28.9031560321369980,31.7630529017786003,34.2286210063494494,6.8955667757268309,5.0774093214174227
83,2283.0365456219606131,2289.0980196931668615,0.0926809314500801,1847.1962286887401206,22.4969057880389194,0.0000000000000000,92410.0700800234480994,0.0000000000000000,0.0000000000000000,1915.0828476194985797,672.5224797429033288,128.5572223781412617,422.7860132447884212,443.9784540489004030,2794.5870605565683036,1610.5382499368984099,307.8496721268258511,1424.4102154439517562,1063.2254536215746157,0.9969101700348988,1.3955660193077328,17.5833509479139245,16.3087085863267163,6.5946001373299321,5.5671748219823325,13.0791679131752083,9.8509923910497736,4.2211214216030069,5.5396419781307857,4.5041830347387162,6.4577161952769426,1.3460534003793256,1.0549581591991468,1.0104579515852177,-3.0114837047620284,109.9649167200190902,111.8174470234464195,33.9807244891496794,41.1685527133977516,78.2021416612861344,77.5884321751175889,34.2728900835386412,28.9033005479179792,31.7627750587329594,34.2290148483288164,6.8956626298591104,5.0774239412317010
84,2283.0351993790823144,2289.0923906918583270,0.0926809691813932,1847.1940081197510608,22.4968991839695711,0.0000000000000000,92409.7869802886852995,0.0000000000000000,0.0000000000000000,1915.0857850026109190,672.5235112680810516,128.5574628101996666,422.7855082166385614,443.9793594632310487,2794.5829284961582744,1610.5358686042729914,307.8495106139585573,1424.4084999031124426,1063.2245482717271443,0.9969121024295375,1.3966403137905559,17.5847177133590300,16.3089796097363156,6.5948154716022849,5.5673692114917195,13.0811394419338711,9.8507023290997786,4.2209612482165886,5.5402856042716984,4.5035782714251598,6.4582772806365387,1.3464079632751313,1.0545298673305867,1.0104567676533234,-3.0116619569326133,109.9653431537260673,111.8181745840079486,33.9808779234015859,41.1687509534578808,78.2028424688616610,77.5887740155314845,34.2729941556048061,28.9034426197259435,31.7625006848644063,34.2294005684764571,6.8957567978530774,5.0774353036756397
85,2283.0339425344518531,2289.0862729539626343,0.0926810111468867,1847.1918583337396740,22.4968929886981783,0.0000000000000000,92409.4979254256468266,0.0000000000000000,0.0000000000000000,1915.0887320120805271,672.5245461737608821,128.5577200036117347,422.7850188113587819,443.9802501763534224,2794.5789456858960875,1610.5335732854546222,307.8493667531382698,1424.4068395223807784,1063.2236576036757469,0.9969142845181730,1.3976850967213252,17.5860430839035295,16.3092346556026584,6.5950077254219277,5.5675621580509267,13.0830612914039079,9.8504060818371855,4.2208004551766143,5.5409062404524256,4.5029817924996198,6.4588285737654729,1.3467617028743122,1.0541014849695025,1.0104556004400396,-3.0118316375850469,109.9657664747124528,111.8188894711282728,33.9810263599736331,41.1689462285415786,78.2035370051420387,77.5891103349769935,34.2730967702127813,28.9035826852737934,31.7622294695704177,34.2297791361512864,6.8958494583287964,5.0774436746998406
86,2283.0327734031934597,2289.0796926687671657,0.0926810573687124,1847.1897743044823983,22.4968871931603118,0.0000000000000000,92409.2028922916797455,0.0000000000000000,0.0000000000000000,1915.0916967817197474,672.5255873163057458,128.5579947697833347,422.7845439065574169,443.9811283410471106,2794.5751042330880409,1610.5313594318340620,307.8492398832448771,1424.4052303979249245,1063.2227794644948062,0.9969167043803012,1.3987043797577208,17.5873316584327171,16.3094745282817897,6.5951787832766318,5.5677538628925820,13.0849391025760937,9.8501034332787363,4.2206388018607939,5.5415062555536734,4.5023925558566216,6.4593710950030516,1.3471150610317884,1.0536725277229588,1.0104544469807319,-3.0119930774525443,109.9661879614504301,111.8195935647964063,33.9811705190677600,41.1691390135950073,78.2042268386779682,77.5894420991033229,34.2731982247943776,28.9037212146987734,31.7619611227724690,34.2301514656930763,6.8959407888006279,5.0774493043689874
87,2283.0316904163987601,2289.0726738618113814,0.0926811078440314,1847.1877510467907086,22.4968817893344628,0.0000000000000000,92408.9018609304912388,0.0000000000000000,0.0000000000000000,1915.0946876524951676,672.5266376248252982,128.5582879200177899,422.7840823830697445,443.9819961385034617,2794.5713963226157830,1610.5292225395082824,307.8491292504360786,1424.4036686637209641,1063.2219116727426353,0.9969193510789990,1.3997020325052816,17.5885879333575872,16.3097000532319214,6.5953304570016407,5.5679445425704328,13.0867784268757479,9.8497941698605125,4.2204760513821604,5.5420879569984391,4.5018095064818393,6.4599058833714071,1.3474684911882726,1.0532425000032013,1.0104533044136843,-3.0121463204405643,109.9666090056515770,111.8202885676360125,33.9813111408540109,41.1693297333794987,78.2049136303857324,77.5897701492590386,34.2732987675716387,28.9038587124351771,31.7616953752658411,34.2305184183769740,6.8960309658078636,5.0774524284188312
88,2283.0306921041587884,2289.0652381223335396,0.0926811625379388,1847.1857836004410274,22.4968767702529320,0.0000000000000000,92408.5948137965897331,0.0000000000000000,0.0000000000000000,1915.0977131985987398,672.5277001103311250,128.5586002549959517,422.7836331201084477,443.9828557901569184,2794.5678141716257414,1610.5271581231700111,307.8490339836737348,1424.4021504803324660,1063.2210520066337267,0.9969222147730357,1.4006818003654864,17.5898163219122843,16.3099120765911856,6.5954644944894252,5.5681344285076362,13.0885847473290280,9.8494780788889909,4.2203119694718296,5.5426536001449325,4.5012315745832581,6.4604339977021930,1.3478224590358066,1.0528108943444923,1.0104521699501352,-3.0122911041205924,109.9670311236981348,111.8209760019830696,33.9814489893107989,41.1695187609305009,78.2055991441738172,77.5900951985629632,34.2733985958548502,28.9039957195725457,31.7614319795243176,34.2308808034201064,6.8961201650756498,5.0774532697382551
89,2283.0297770758224942,2289.0574042998932782,0.0926812213744995,1847.1838670124802775,22.4968721300168326,0.0000000000000000,92408.2817356140731135,0.0000000000000000,0.0000000000000000,1915.1007822570059034,672.5287778761171467,128.5589325502791951,422.7831949895683579,443.9837095717016950,2794.5643499773582334,1610.5251616860391550,307.8489530650091979,1424.4006720229119765,1063.2201981900116152,0.9969252868414206,1.4016473208051146,17.5910211726858741,16.3101114652605261,6.5955825880944907,5.5683237666846086,13.0903634991343427,9.8491549472615159,4.2201463234586187,5.5432053974053028,4.5006576735515296,6.4609565179990120,1.3481774432259896,1.0523771906891881,1.0104510408379550,-3.0124268294714938,109.9674559719368716,111.8216572014773220,33.9815848565708123,41.1697064143775577,78.2062852609245027,77.5904178235523716,34.2734978526764067,28.9041328167863547,31.7611707110123547,34.2312393779249504,6.8962085617011493,5.0774520397844549
90,2283.0289439966577447,2289.0491881610951168,0.0926812842253087,1847.1819963172151802,22.4968678638156909,0.0000000000000000,92407.9626138579333201,0.0000000000000000,0.0000000000000000,1915.1039039619429332,672.5298741298629466,128.5592855364942864,422.7827668491395343,443.9845598301631640,2794.5609958558438848,1610.5232286845343879,307.8488852931419046,1424.3992294680756459,1063.2193478752656119,0.9969285600241043,1.4026021378730640,17.5922067873569326,16.3102991075529360,6.5956863827245007,5.5685128174819090,13.0921200896230268,9.8488245604965439,4.2199788813582160,5.5437455270832627,4.5000866977339076,6.4614745470563921,1.3485339361236932,1.0519408556412382,1.0104499143151773,-3.0125525164368838,109.9678853671056373,111.8223332956974900,33.9817195679173523,41.1698929516407404,78.2069739970176840,77.5907384501021795,34.2735966212814063,28.9042706279782173,31.7609113700879568,34.2315948455953105,6.8962963303593368,5.0774489399391314
91,2283.0281915598443447,2289.0406019969846056,0.0926813508947622,1847.1801665129505636,22.4968639679523399,0.0000000000000000,92407.6374398586194729,0.0000000000000000,0.0000000000000000,1915.1070877864294744,672.5309921982229753,128.5596598723110162,422.7823475337322066,443.9854090052726860,2794.5577437682941309,1610.5213544858504520,307.8488292382110671,1424.3978189792183002,1063.2184986219499478,0.9969320285827057,1.4035497147472782,17.5933774375753487,16.3104759144832130,6.5957774836017524,5.5687018556974355,13.0938599175712227,9.8484867021238287,4.2198094110881463,5.5442761419165816,4.4995175200041242,6.4619892123593869,1.3488924446092891,1.0515013416851708,1.0104487875479300,-3.0126667403614249,109.9683213137472819,111.8230051857474905,33.9818539876500409,41.1700785623125824,78.2076675291264394,77.5910573317528218,34.2736949167913423,28.9044098248363319,31.7606537846208461,34.2319478539946687,6.8963836455212419,5.0774441628137126
92,2283.0275184523334246,2289.0316541712850267,0.0926814211008789,1847.1783725340405908,22.4968604398739735,0.0000000000000000,92407.3062105433928082,0.0000000000000000,0.0000000000000000,1915.1103435941336102,672.5321355450361125,128.5600561075312953,422.7819358445183298,443.9862596569411153,2794.5545854307279114,1610.5195343158766264,307.8487831849450913,1424.3964366895222611,1063.2176478693027093,0.9969356884851840,1.4044934440421102,17.5945373809066190,16.3106428217883739,6.5958574636704119,5.5688911707618587,13.0955883917984242,9.8481411534966465,4.2196376798291162,5.5447993773019162,4.4989489891081940,6.4625016682917265,1.3492534909327427,1.0510580863684960,1.0104476575448573,-3.0127675422097724,109.9687660413124206,111.8236735078196205,33.9819890261505435,41.1702633557411559,78.2083682278006052,77.5913745177925023,34.2737926740659447,28.9045511326384172,31.7603978135118084,34.2322989900271182,6.8964706816752113,5.0774378935121245
93,2283.0269233126200561,2289.0223485995102237,0.0926814944500302,1847.1766092162254154,22.4968572782105909,0.0000000000000000,92406.9689308392698877,0.0000000000000000,0.0000000000000000,1915.1136817063145372,672.5333077948342861,128.5604746324861196,422.7815305345508818,443.9871145014172953,2794.5515122005581361,1610.5177631938352079,307.8487450601137994,1424.3950786816744767,1063.2167929000718232,0.9969395376184199,1.4054366555478346,17.5956908757201091,16.3108007927874006,6.5959278706147693,5.5690810671818296,13.0973109489566006,9.8477876941023617,4.2194634535585838,5.5453173591694567,4.4983799267635094,6.4630130986850407,1.3496176136232461,1.0506105114453128,1.0104465210366336,-3.0128523023803098,109.9692220548773918,111.8243385805089503,33.9821256486445122,41.1704473439112277,78.2090787034917128,77.5916898073130312,34.2738897303734760,28.9046953377838847,31.7601433513856790,34.2326487731959261,6.8965576135377527,5.0774303108606285
94,2283.0264046777037947,2289.0126841490759944,0.0926815704032464,1847.1748712522598908,22.4968544828227195,0.0000000000000000,92406.6256167804240249,0.0000000000000000,0.0000000000000000,1915.1171129908750572,672.5345127641149929,128.5609156083248479,422.7811302894979235,443.9879764598566112,2794.5485149312617068,1610.5160358485270535,307.8487123385566520,1424.3937409627619672,1063.2159307919380353,0.9969435760324715,1.4063826210080563,17.5968421948621234,16.3109508222116233,6.5959902334417846,5.5692718652471971,13.0990330703764748,9.8474261024648335,4.2192864967887287,5.5458322114630372,4.4978091244856513,6.4635247197467907,1.3499853684584686,1.0501580219787472,1.0104453743040787,-3.0129175634765915,109.9696922051803227,111.8250003298732622,33.9822648864031578,41.1706304171224815,78.2098018703230480,77.5920026838513905,34.2739858008877931,28.9048432977870746,31.7598903348572819,34.2329976460218646,6.8966446162346902,5.0774215886160823
95,2283.0259609155464204,2289.0026539513428361,0.0926816482307523,1847.1731531335246927,22.4968520548608417,0.0000000000000000,92406.2762993797514355,0.0000000000000000,0.0000000000000000,1915.1206489838332345,672.5357545039987599,128.5613788704423825,422.7807337013559277,443.9888487246799400,2794.5455837824474656,1610.5143466088723017,307.8486819196095325,1424.3924194321687082,1063.2150583511445348,0.9969478062198069,1.4073345554695784,17.5979956379078040,16.3110939411626283,6.5960460685675244,5.5694639020464551,13.1007602977937587,9.8470561577521654,4.2191065725485171,5.5463460631678396,4.4972353401140435,6.4640377834104612,1.3503573294979381,1.0497000053996843,1.0104442129309996,-3.0129587809982752,109.9701797862484653,111.8256581836873806,33.9824078514919279,41.1708123096074701,78.2105410352955488,77.5923122229285696,34.2740804441831415,28.9049959548250612,31.7596387509529166,34.2333459607588182,6.8967318654243268,5.0774118966668675
96,2283.0255901376958718,2288.9922446178561586,0.0926817269499612,1847.1714490713370651,22.4968499968402789,0.0000000000000000,92405.9210293485084549,0.0000000000000000,0.0000000000000000,1915.1243020582198824,672.5370373595411593,128.5618637939658129,422.7803392320689682,443.9897348514803070,2794.5427079671962929,1610.5126892583009521,307.8486499622803763,1424.3911098392682106,1063.2141720205697766,0.9969522334319603,1.4082956146640804,17.5991555417310153,16.3112312233850041,6.5960968853312121,5.5696575328440119,13.1024982477268921,9.8466776422269451,4.2189234426584497,5.5468610548121333,4.4966572940041258,6.4645535811580581,1.3507340901855620,1.0492358305190783,1.0104430314472383,-3.0129699717003575,109.9706886726145996,111.8263109227066963,33.9825557567122587,41.1709925510056536,78.2113000240772323,77.5926169615067352,34.2741730136847451,28.9051543544669158,31.7593886485373673,34.2336939611999682,6.8968195373209094,5.0774014022453429
97,2283.0252900847513047,2288.9814353562865108,0.0926818052400608,1847.1697528889153546,22.4968483127367200,0.0000000000000000,92405.5598827770445496,0.0000000000000000,0.0000000000000000,1915.1280856622456668,672.5383660533701686,128.5623691053887683,422.7799451626232781,443.9906388876641472,2794.5398754107604873,1610.5110568380591758,307.8486116624533793,1424.3898077262920197,1063.2132677510776375,0.9969568660344418,1.4092688878085369,17.6003262890687786,16.3113637930752731,6.5961441908428906,5.5698531328839023,13.1042526242188124,9.8462903447032630,4.2187368683570705,5.5473793443519268,4.4960736648499644,6.4650734483720074,1.3511162645268320,1.0487648464909634,1.0104418228120313,-3.0129432161012488,109.9712235135093437,111.8269564715434115,33.9827099431725586,41.1711703978503465,78.2120833595251526,77.5929147136655502,34.2742625892934498,28.9053196719949490,31.7591401539841947,34.2340417578778542,6.8969078085568976,5.0773902711776095
98,2283.0250579741295951,2288.9701969863845079,0.0926818813233434,1847.1680578707951099,22.4968470081099952,0.0000000000000000,92405.1929679284949088,0.0000000000000000,0.0000000000000000,1915.1320146584878330,672.5397458047991677,128.5628926175138247,422.7795495212073433,443.9915655539869590,2794.5370722833158652,1610.5094413779318074,307.8485609481662095,1424.3885083495877097,1063.2123408199593086,0.9969617158981010,1.4102573851478653,17.6015123146849817,16.3114928344868844,6.5961894940509431,5.5700510996972303,13.1060292295876231,9.8458940652057763,4.2185466113503871,5.5479031123278100,4.4954830850973568,6.4655987692811081,1.3515044883468430,1.0482863817231334,1.0104405776655250,-3.0128679525020203,109.9717900092146863,111.8275916042926639,33.9828719190841042,41.1713447366995240,78.2128965163225303,77.5932023100273796,34.2743478809060420,28.9054932498771713,31.7588934928921560,34.2343892942652914,6.8969968557934784,5.0773786692069320
99,2283.0248902905659634,2288.9505005631090171,0.0926820047738316,1847.1661102585071603,22.4968460902670024,0.0000000000000000,92404.8415989716304466,0.0000000000000000,0.0000000000000000,1915.1361432386106571,672.5411956443952022,128.5632853240818179,422.7790917353155464,443.9925336495225565,2794.5342595462620920,1610.5078203797256720,307.8488818685889328,1424.3870185231917276,1063.2113724259556875,0.9969702316293216,1.4112030397578508,17.6027181042060548,16.3116196035996559,6.5962343087298336,5.5702518559517191,13.1078339660886094,9.8454886211688226,4.2183524354211350,5.5484345641987840,4.4948841381174436,6.4661309824308306,1.3518994205305843,1.0477997445310496,1.0104402950643541,-3.0128338778163908,109.9723953052779422,111.8282115291609387,33.9830434148558780,41.1715139468677052,78.2137462844979439,77.5934752286651417,34.2744270919455545,28.9056766513981813,31.7586490207799912,34.2347363004957970,6.8970868549221507,5.0773667634576984
100,2283.0248182574418934,2288.9304435266453766,0.0926821298416078,1847.1641765108156505,22.4968456284722578,0.0000000000000000,94252.5812953397398815,0.0000000000000000,0.0000000000000000,1915.1404339719456402,672.5427024275747954,128.5589254475409859,422.7786275818930335,443.9935457082715402,2794.5315140616457938,1610.5062381395257489,307.8539855592072740,1424.3855489289226171,1063.2103693595413461,0.9969789494465211,1.4121890244765964,17.6039463518329704,16.3117467987023019,6.5962795586303207,5.5704561985740124,13.1096712379891471,9.8450747283886919,4.2181544223445355,5.5489753615428166,4.4942751138438233,6.4666720703136082,1.3523017762294767,1.0473041970875039,1.0104401157606702,-3.0127785034689367,109.9730278775487591,111.8288292725530511,33.9832218988518306,41.1716820439756503,78.2146243178302427,77.5937429611839775,34.2745038193738125,28.9058673030027897,31.7584035597185199,34.2350863113690735,6.8971782246018414,5.0773545958490400
