period,rgdp,ngdp,y,x,lf,c,W,sW,cW,ceW1,ceW2,rer1,tot1,nx1,rex1,rim1,exrate1,exitrate1,tau1,ntb1,rer2,tot2,nx2,rex2,rim2,exrate2,exitrate2,tau2,ntb2
0,100.0000020632564315,100.0000020632564315,189.2068181007194312,15.5396598202543892,4.4266418112218568,84.4603422430020316,1.6488088744610294,1.6527964303580251,4223.0171099790013614,0.0000000000000000,0.0000000000000000,1.0000000037591332,0.9999999910250054,1.0975557879561642,14.8334537085479408,13.7358979205917766,0.5500000110227271,0.4499999889772853,0.0000000000000000,0.0000000000000000,0.9999999995257705,1.0000000337608166,-1.0975563660986172,15.5034803827500181,16.6010367488486352,0.4299999608444630,0.4500000326548086,0.0000000000000000,0.0000000000000000
1,100.0000020746712863,100.0000020746712863,189.2068181759823631,15.5396598120905800,4.4266418131308871,84.4603422625807099,1.6486640012285749,1.6527307893486041,4223.0171119130336592,0.0000000000000000,0.0000000000000000,1.0000000042823383,0.9999999894591144,1.0975558728639285,14.8334537585199495,13.7358978856560210,0.5500000122482395,0.4499999877517730,0.0000000000000000,0.0000000000000000,1.0000000002571197,1.0000000355023579,-1.0975564054998621,15.5034803577506821,16.6010367632505442,0.4299999568133688,0.4500000282290452,0.0000000000000000,0.0000000000000000
2,100.0000020596336441,100.0000020596336157,189.2068182176727476,15.5396597889571204,4.4266418165641088,84.4603422706765201,1.6485162567490508,1.6526638408824712,4223.0171127063895256,0.0000000000000000,0.0000000000000000,1.0000000044635562,0.9999999888263537,1.0975559057250255,14.8334537776466213,13.7358978719215958,0.5500000125746742,0.4499999874253382,0.0000000000000000,0.0000000000000000,1.0000000006248748,1.0000000351128293,-1.0975563732514111,15.5034803803355707,16.6010367535869818,0.4299999568365564,0.4500000273063782,0.0000000000000000,0.0000000000000000
3,100.0000020421999380,100.0000020421999665,189.2068182512375927,15.5396597658819928,4.4266418195611070,84.4603422763179452,1.6483655846541438,1.6525955590312926,4223.0171132596142343,0.0000000000000000,0.0000000000000000,1.0000000045358255,0.9999999885162439,1.0975559211690875,14.8334537879708446,13.7358978668017571,0.5500000126741076,0.4499999873259048,0.0000000000000000,0.0000000000000000,1.0000000009181609,1.0000000343310120,-1.0975563276769478,15.5034804061851261,16.6010367338620739,0.4299999572996068,0.4500000268181955,0.0000000000000000,0.0000000000000000
4,99.9272913525537376,99.9272913525537376,189.1298054308927021,15.5537856489349977,4.4296395100349990,84.3735057036187470,1.6482119274867242,1.6525259173533382,4223.0171137072229612,1.6525580259422872,0.0000000000000000,1.0000313323440000,0.9995879505785106,1.1188108075581162,14.8404513387545034,13.7158484461199759,0.5502059862508846,0.4497940137491278,0.0000000000000000,0.0000000000000000,1.0000695979247960,0.9994409943682570,-1.0622478900359074,15.5208279774107218,16.5740446113081603,0.4303926690559564,0.4495811202533688,0.0000000000000000,0.0000000000000000
5,99.7633172213301123,99.7633172213301123,188.9678136255450625,15.6362568832470075,4.4293881759016802,84.1270603380831119,1.6480889862108903,1.6416965785338493,4223.0171140809761710,1.6525213880108014,1.6417192399644669,1.0004332916958163,0.9989395928026140,1.1729781231455050,14.8648249601345572,13.6770570672755678,0.5501767112764369,0.4498232887235756,0.0000000000000000,0.0000000000000000,1.0007742604531722,0.9986500274866122,-0.9722935225632554,15.5690376052246133,16.5193363494591026,0.4304032969168027,0.4496581376146672,0.0000000000000000,0.0000000000000000
6,99.7049826161648554,99.7049826161648269,188.9110854914321465,15.6033229260040223,4.4359212943102513,84.1016596901608438,1.6480597882859513,1.6415402687675178,4223.0171143947063683,1.6524843291926727,1.6415710669343371,0.9999349207084295,0.9961249544666811,1.2516253409503566,14.8498798250912127,13.5449668408487618,0.5505191812176791,0.4494808187823333,0.0000000000000000,0.0000000000000000,1.0001062846064728,0.9989093066984012,-1.0171596025376850,15.5619244706907409,16.5618887961469774,0.4313275668331162,0.4486857749913143,0.0000000000000000,0.0000000000000000
7,99.6372301205867217,99.6372301205848032,188.8594602130998794,15.5646173238442085,4.4292477107925672,84.0726127967425185,1.6480399532182757,1.6413907291243970,4223.0171146573256920,1.6524471419427127,1.6414228502906267,0.9991656696349219,0.9897199787416788,1.4451053754288932,14.8070610180369044,13.2239780211269640,0.5495394551442794,0.4504605448557331,0.0000000000000000,0.0000000000000000,0.9993987958782946,1.0016509004853584,-1.1735061817739680,15.5256333932122583,16.7278114714489092,0.4308768049778099,0.4493217330976911,0.0000000000000000,0.0000000000000000
8,99.1807891491827007,99.1807891491785369,188.7602955894078889,15.1943734058681539,4.1813117448223780,83.9864157433145380,1.6480311026302301,1.6480311026302301,4223.0171148756944604,1.6524118811386352,1.6412823974791033,0.9945017142029269,0.9572731553741723,2.1118619918606782,12.6291831831158738,10.1447229440745605,0.4727261586478410,0.5272738413521716,0.0000000000000000,0.0217700000000000,0.9945371197931629,1.0082768374595579,-1.7640059447844951,15.6195948900363071,17.5408567231048806,0.4367234707457718,0.4430451449066152,0.0000000000000000,0.0000000000000000
9,99.3939846041059951,99.3939846041031529,188.7159676528700345,15.3339178409695762,4.3323179664855047,84.0600667631364189,1.6480558943775234,1.6480558943775234,4223.0171150555352142,1.6524020213224122,1.6412431523756761,0.9963992124616384,0.9751636027243096,1.7130686690604779,13.4304158207773483,11.4653590496657252,0.5208373913644635,0.4791626086355512,0.0000000000000000,0.0217700000000000,0.9963998078959412,1.0057805297867310,-1.5273384945500510,15.5312719321156720,17.1634930850041840,0.4328201846582573,0.4484831051584658,0.0000000000000000,0.0000000000000000
10,99.4364908743124261,99.4364908743122555,188.7329631613548599,15.3653685114430605,4.3344234430675330,84.0711223628693745,1.6480522806052729,1.6480522806052729,4223.0171152017883287,1.6523949721838267,1.6412151268484059,0.9966840503880560,0.9785143352923967,1.6160654581569638,13.4429384821581195,11.6097501554336073,0.5211938208043980,0.4788061791956153,0.0000000000000000,0.0217700000000000,0.9966824306850292,1.0049332356491987,-1.4741162678488813,15.5342425062457110,17.0979744299890868,0.4326020239621440,0.4478514258329888,0.0000000000000000,0.0000000000000000
11,99.4494265108793485,99.4494265108793769,188.7282471705435967,15.3776693531746780,4.3345150220075297,84.0717571577046812,1.6480442606150201,1.6480442606150201,4223.0171153187684467,1.6523888546047447,1.6411908128436037,0.9967186678924976,0.9796156062920836,1.5815098709653928,13.4423546519408497,11.6553697644643979,0.5212219751728125,0.4787780248272007,0.0000000000000000,0.0217700000000000,0.9967099362795659,1.0047151789472248,-1.4622044924839415,15.5322526032648334,17.0801599939348527,0.4325798554981336,0.4478277367828514,0.0000000000000000,0.0000000000000000
12,99.4549668090326691,99.4549668090326975,188.7193673419128004,15.3848726008657817,4.3340725644441216,84.0700942081668927,1.6480358314941601,1.6480358314941601,4223.0171154102908986,1.6523833208307115,1.6411688208639723,0.9966955094970542,0.9800346391115379,1.5668207341647147,13.4391353625870256,11.6713190733629961,0.5211824157992450,0.4788175842007684,0.0000000000000000,0.0217700000000000,0.9966815282171949,1.0047409684109587,-1.4640292492770755,15.5277706620635012,17.0778622977936152,0.4325256969981890,0.4478806807059331,0.0000000000000000,0.0000000000000000
13,99.4584815198739562,99.4584815198739989,188.7103172130291000,15.3904163886913388,4.3335434090637328,84.0680651311826210,1.6480278856829635,1.6480278856829635,4223.0171154797044437,1.6523782796267301,1.6411487870755077,0.9966619931571470,0.9802424358901716,1.5586199043086832,13.4356423722527722,11.6782731242269602,0.5211325400978539,0.4788674599021593,0.0000000000000000,0.0217700000000000,0.9966439072610072,1.0048419646966882,-1.4697310719010499,15.5229405558334825,17.0804073353175170,0.4324600637111782,0.4479384609769171,0.0000000000000000,0.0000000000000000
14,99.4612746966930104,99.4612746966930530,188.7019453871380676,15.3951648175152869,4.3330398186335657,84.0661098791777306,1.6480205763714280,1.6480205763714280,4223.0171155300040482,1.6523736830259779,1.6411305207030060,0.9966291946993282,0.9803787182066297,1.5527953404960719,13.4323862839256840,11.6823278125997518,0.5210848622930500,0.4789151377069634,0.0000000000000000,0.0217700000000000,0.9966076207228222,1.0049585886885073,-1.4761304494751428,15.5184172201712087,17.0842355512633439,0.4323964501869790,0.4479914869072926,0.0000000000000000,0.0000000000000000
15,99.4636738064935884,99.4636738064936310,188.6943702649770103,15.3993603861522690,4.3325839120574177,84.0643134203413211,1.6480138873703583,1.6480138873703583,4223.0171155637990523,1.6523694907640563,1.6411138617268255,0.9965993492051846,0.9804856436387276,1.5480568492481535,13.4294506806242282,11.6853022704715546,0.5210417037054287,0.4789582962945846,0.0000000000000000,0.0217700000000000,0.9965746974185684,1.0050715670188104,-1.4822631116911325,15.5143306099224603,17.0881780039579851,0.4323384742013395,0.4480389602543994,0.0000000000000000,0.0000000000000000
16,99.4657755275068780,99.4657755275068780,188.6875491513100087,15.4030959253585085,4.3321760360006492,84.0626796021483642,1.6480077688567567,1.6480077688567567,4223.0171155834150341,1.6523656656127419,1.6410986621849128,0.9965726376177533,0.9805766029937969,1.5439718640044351,13.4268242978644405,11.6877595297285435,0.5210031163398516,0.4789968836601616,0.0000000000000000,0.0217700000000000,0.9965452343054033,1.0051753785811166,-1.4878721599670310,15.5106716023105999,17.0918722495442452,0.4322864938266584,0.4480813148120964,0.0000000000000000,0.0000000000000000
17,99.4676228088707717,99.4676228088708001,188.6814109904867394,15.4064269533177249,4.3318120534766074,84.0611958555530521,1.6480021684979405,1.6480021684979405,4223.0171155908847140,1.6523621732587344,1.6410847856805701,0.9965488144078679,0.9806563842968723,1.5403727109308676,13.4244781511767091,11.6898892052878214,0.5209687042755550,0.4790312957244584,0.0000000000000000,0.0217700000000000,0.9965189411317186,1.0052690283047181,-1.4929217728075752,15.5074018341164575,17.0952261244808845,0.4322400710972431,0.4481190972014649,0.0000000000000000,0.0000000000000000
18,99.4692453781601529,99.4692453781601813,188.6758856916147238,15.4093976429293313,4.3314873648804273,84.0598477352308322,1.6479970378373410,1.6479970378373410,4223.0171155880179867,1.6523589824226963,1.6410721078632891,0.9965275782940460,0.9807271228347094,1.5371767077414464,13.4223826148949907,11.6917672753741169,0.5209380269419530,0.4790619730580601,0.0000000000000000,0.0217700000000000,0.9964954850815826,1.0053529441715021,-1.4974421914806140,15.5044806310032399,17.0982359545890397,0.4321986428687880,0.4481528083898215,0.0000000000000000,0.0000000000000000
19,99.4706684590248216,99.4706684590248500,188.6709095758799606,15.4120466479756786,4.3311977220157694,84.0586218110491501,1.6479923331084967,1.6479923331084967,4223.0171155763882780,1.6523560647763931,1.6410605161057088,0.9965086476184095,0.9807900792618461,1.5343308120482799,13.4205106820286808,11.6934334458310278,0.5209106781932298,0.4790893218067836,0.0000000000000000,0.0217700000000000,0.9964745585103899,1.0054279485963398,-1.5014805405064582,15.5018705965931662,17.1009251414993280,0.4321616740370624,0.4481828914956274,0.0000000000000000,0.0000000000000000
20,99.4719145276818466,99.4719145276818750,188.6664256791256093,15.4144084943301802,4.3309393292634937,84.0575060333516575,1.6479880149316992,1.6479880149316992,4223.0171155573834767,1.6523533947405222,1.6410499087038231,0.9964917707922509,0.9808461818930676,1.5317941845519432,13.4188382468217657,11.6949145844787878,0.5208862956393628,0.4791137043606505,0.0000000000000000,0.0217700000000000,0.9964558870931742,1.0054949233999906,-1.5050854434010876,15.4995382805308655,17.1033236295836595,0.4321286832865947,0.4482097387639998,0.0000000000000000,0.0000000000000000
21,99.4730037156892308,99.4730037156892593,188.6623831309576360,15.4165140860604435,4.3307088094264925,84.0564896296287998,1.6479840478612071,1.6479840478612071,4223.0171155322414052,1.6523509492444148,1.6410401939240535,0.9964767243650713,0.9808961985116472,1.5295324373393022,13.4173438457883396,11.6962320247167781,0.5208645571285631,0.4791354428714502,0.0000000000000000,0.0217700000000000,0.9964392270941085,1.0055547055036993,-1.5083024553826192,15.4974538807939020,17.1054612231628127,0.4320992417162778,0.4482336987756220,0.0000000000000000,0.0000000000000000
22,99.4739540110900009,99.4739540110900293,188.6587364737837049,15.4183910579941763,4.3305031549565394,84.0555629530958299,1.6479803999637719,1.6479803999637719,4223.0171155020088918,1.6523487074863976,1.6410312890520933,0.9964633096443281,0.9809407953760373,1.5275155435166461,13.4160083545964337,11.6974039763466475,0.5208451759640911,0.4791548240359223,0.0000000000000000,0.0217700000000000,0.9964243616124936,1.0056080588925065,-1.5111729519026991,15.4955908348512494,17.1073655724615605,0.4320729672348325,0.4482550820807791,0.0000000000000000,0.0000000000000000
23,99.4747814483864801,99.4747814483865085,188.6554450589099758,15.4200640977872840,4.3303196846766143,84.0547173505992049,1.6479770424479872,1.6479770424479872,4223.0171154676336300,1.6523466507094191,1.6410231195019087,0.9964513496977565,0.9809805610629023,1.5257169250338585,13.4148147202399937,11.6984464236736887,0.5208278967107742,0.4791721032892390,0.0000000000000000,0.0217700000000000,0.9964110973427069,1.0056556713670379,-1.5137341024938529,15.4939254500182582,17.1090617153638007,0.4320495191540082,0.4482741656825320,0.0000000000000000,0.0000000000000000
24,99.4755002991537225,99.4755002991537225,188.6524725211950795,15.4215552473113249,4.3301560069582363,84.0539450518424047,1.6479739493379186,1.6479739493379186,4223.0171154299223417,1.6523447619960865,1.6410156180016031,0.9964406868401469,0.9810160188502909,1.5241129400557423,13.4137477301386614,11.6993735404119317,0.5208124916453747,0.4791875083546386,0.0000000000000000,0.0217700000000000,0.9963992618685473,1.0056981589520022,-1.5160191642060408,15.4924365837462616,17.1105721224672855,0.4320285935181764,0.4482911967857774,0.0000000000000000,0.0000000000000000
25,99.4761232541875984,99.4761232541875984,188.6497863178865657,15.4228841797365614,4.3300099879098886,84.0532390744510280,1.6479710971835677,1.6479710971835677,4223.0171153895880707,1.6523430260832959,1.6410087238569262,0.9964311804866672,0.9810476349991638,1.5226825214962982,13.4127938107174796,11.7001979396045517,0.5207987576972746,0.4792012423027388,0.0000000000000000,0.0217700000000000,0.9963887013503261,1.0057360722945143,-1.5180578482072349,15.4911053648564856,17.1119168914605488,0.4320099190651636,0.4483063960427263,0.0000000000000000,0.0000000000000000
26,99.4766615915745831,99.4766615915746115,188.6473573202717375,15.4240684506940688,4.3298797234435487,84.0525931408805036,1.6479684648027020,1.6479684648027020,4223.0171153472347214,1.6523414291952621,1.6410023822877853,0.9964227052804140,0.9810758252774046,1.5214068851645610,13.4119408496997039,11.7009308589444228,0.5207865137652210,0.4792134862347924,0.0000000000000000,0.0217700000000000,0.9963792785046367,1.0057699032126164,-1.5198766819578520,15.4899149477495257,17.1131139731965298,0.4319932536834692,0.4483199604135533,0.0000000000000000,0.0000000000000000
27,99.4771253289937363,99.4771253289937363,188.6451594503047602,15.4251237242035266,4.3297635145151530,84.0520016047902061,1.6479660330500558,1.6479660330500558,4223.0171153034243616,1.6523399588933905,1.6409965438315821,0.9964151494386994,0.9811009605115041,1.5202692791395407,13.4111780383150112,11.7015823143256235,0.5207755983404615,0.4792244016595518,0.0000000000000000,0.0217700000000000,0.9963708708180894,1.0058000908299922,-1.5214993443385989,15.4888502942307298,17.1141793916054858,0.4319783812747647,0.4483320657082949,0.0000000000000000,0.0000000000000000
28,99.4775233606030866,99.4775233606031151,188.6431693565287162,15.4260639751691322,4.3296598450787087,84.0514593854339438,1.6479637846107404,1.6479637846107404,4223.0171152585871823,1.6523386039414003,1.6409911638070944,0.9964084132837148,0.9811233714582039,1.5192547632270141,13.4104957307713235,11.7021612332028280,0.5207658673915005,0.4792341326085128,0.0000000000000000,0.0217700000000000,0.9963633689586603,1.0058270271559231,-1.5229469689515227,15.4878979791988041,17.1151274464061700,0.4319651089613392,0.4483428688534015,0.0000000000000000,0.0000000000000000
29,99.4778635795829871,99.4778635795829871,188.6413661247369760,15.4269016705441455,4.3295673624201267,84.0509619090388469,1.6479617038152174,1.6479617038152174,4223.0171152131451890,1.6523373541842006,1.6409862018329651,0.9964024079335897,0.9811433531281709,1.5183500131084013,13.4098853189393150,11.7026755725012084,0.5207571924779392,0.4792428075220742,0.0000000000000000,0.0217700000000000,0.9963566753593206,1.0058510621058792,-1.5242384163821843,15.4870460173474438,17.1159708964256296,0.4319532645952656,0.4483525099151806,0.0000000000000000,0.0000000000000000
30,99.4781529876540134,99.4781529876540134,188.6397310195546311,15.4276479312807044,4.3294848596010818,84.0505050563732965,1.6479597764735305,1.6479597764735305,4223.0171151674121575,1.6523362004391406,1.6409816213953430,0.9963970541351335,0.9811611686388626,1.5175431458427209,13.4093391205489372,11.7031324235437300,0.5207494590674415,0.4792505409325719,0.0000000000000000,0.0217700000000000,0.9963507029540006,1.0058725080002939,-1.5253905178562270,15.4862837085128469,17.1167211242059345,0.4319426945346785,0.4483611139070980,0.0000000000000000,0.0000000000000000
31,99.4783977928690604,99.4783977928690604,188.6382472536034243,15.4283126770354322,4.3294112597834422,84.0500851158336388,1.6479579897267564,1.6479579897267564,4223.0171151216954968,1.6523351343983879,1.6409773894597197,0.9963922812225579,0.9811770526523927,1.5168235642206547,13.4088502794264315,11.7035381056290948,0.5207425650336217,0.4792574349663917,0.0000000000000000,0.0217700000000000,0.9963453740491373,1.0058916435890026,-1.5264182930248378,15.4856014996361875,17.1173882833917226,0.4319332616579907,0.4483687924040993,0.0000000000000000,0.0000000000000000
32,99.4786034968760049,99.4786034968760049,188.6368997812828638,15.4289047554216072,4.3293456022331114,84.0496987414544066,1.6479563319138664,1.6479563319138664,4223.0171150762353136,1.6523341485412968,1.6409734761224726,0.9963880261884986,0.9811912144443009,1.5161818178853146,13.4084126764724338,11.7038982495452455,0.5207364193154567,0.4792635806845568,0.0000000000000000,0.0217700000000000,0.9963406193161869,1.0059087176485613,-1.5273351445159697,15.4849908615496528,17.1179814305337601,0.4319248435905509,0.4483756449844595,0.0000000000000000,0.0000000000000000
33,99.4787749727715749,99.4787749727715749,188.6356751145501960,15.4294320574441848,4.3292870298236812,84.0493429153273865,1.6479547924523712,1.6479547924523712,4223.0171150312462487,1.6523332360557541,1.6409698542980700,0.9963842328552529,0.9812038406429292,1.5156094794079280,13.4080208502273983,11.7042178721090337,0.5207309407209230,0.4792690592790904,0.0000000000000000,0.0217700000000000,0.9963363768921507,1.0059239521966958,-1.5281530316901506,15.4844441789932237,17.1185086428962094,0.4319173311210096,0.4483817605175541,0.0000000000000000,0.0000000000000000
34,99.4789165345315496,99.4789165345315496,188.6345611583434447,15.4299016205704351,4.3292347778803961,84.0490149139611162,1.6479533617313078,1.6479533617313078,4223.0171149868829161,1.6523323907675773,1.6409664994382873,0.9963808511354567,0.9812150976745633,1.5150990337129357,13.4076699259945631,11.7045014426912690,0.5207260568594706,0.4792739431405427,0.0000000000000000,0.0217700000000000,0.9963325915765642,1.0059375453638770,-1.5288826257952728,15.4839546524437583,17.1189771237144903,0.4319106267872245,0.4483872183138726,0.0000000000000000,0.0000000000000000
35,99.4790319989157155,99.4790319989157155,188.6335470635507363,15.4303197207494307,4.3291881642217742,84.0487122781662919,1.6479520310152633,1.6479520310152633,4223.0171149433144819,1.6523316070771397,1.6409633892801552,0.9963778363725985,0.9812251339457440,1.5146437794204690,13.4073555526010679,11.7047529425828323,0.5207217031895572,0.4792782968104561,0.0000000000000000,0.0217700000000000,0.9963292141146850,1.0059496739581339,-1.5295334484925025,15.4835162104925139,17.1193932962179538,0.4319046436136922,0.4483920891518742,0.0000000000000000,0.0000000000000000
36,99.4791247406497945,99.4791247406497945,188.6326230956531163,15.4306919545571688,4.3291465802707618,84.0484327860926186,1.6479507923582810,1.6479507923582810,4223.0171149006364431,1.6523308799024803,1.6409605036196786,0.9963751487527833,0.9812340817907408,1.5142377408296088,13.4070738459761820,11.7049759179632833,0.5207178221689042,0.4792821778311093,0.0000000000000000,0.0217700000000000,0.9963262005576216,1.0059604957556463,-1.5301139955295486,15.4831234316374946,17.1197628876064165,0.4318993039843120,0.4483964361948563,0.0000000000000000,0.0000000000000000
37,99.4791977416011974,99.4791977416011974,188.6317805173612214,15.4310233125127265,4.3291094831214121,84.0481744290884620,1.6479496385266130,1.6479496385266130,4223.0171148589524819,1.6523302046282295,1.6409578241086826,0.9963727527800839,0.9812420592092986,1.5138755894003282,13.4068213388138489,11.7051735271558552,0.5207143624964982,0.4792856375035150,0.0000000000000000,0.0217700000000000,0.9963235116912224,1.0059701515460822,-1.5306318471385865,15.4827714744823055,17.1200910040358281,0.4318945386360632,0.4484003158095201,0.0000000000000000,0.0000000000000000
38,99.4792536345979244,99.4792536345979244,188.6310114837584422,15.4313182445172341,4.3290763884587111,84.0479353900806956,1.6479485629293860,1.6479485629293860,4223.0171148183399055,1.6523295770597481,1.6409553340723917,0.9963706168086327,0.9812491714170778,1.5135525737136497,13.4065949356645717,11.7053485827796475,0.5207112784364707,0.4792887215635426,0.0000000000000000,0.0217700000000000,0.9963211125263169,1.0059787669588869,-1.5310937665844264,15.4824560154368864,17.1203821975741697,0.4318902857606679,0.4484037782967423,0.0000000000000000,0.0000000000000000
39,99.4792947424598424,99.4792947424598708,188.6303089486031013,15.4315807182473055,4.3290468642402544,84.0477140242125245,1.6479475595563549,1.6479475595563549,4223.0171147788569215,1.6523289933819427,1.6409530183456040,0.9963687126253321,0.9812555122288815,1.5132644569976730,13.4063918728710281,11.7055035893457227,0.5207085292150306,0.4792914707849826,0.0000000000000000,0.0217700000000000,0.9963189718437774,1.0059864540937216,-1.5315057881224057,15.4821731931177862,17.1206405259745047,0.4318864902027167,0.4484068685439060,0.0000000000000000,0.0000000000000000
40,99.4793231127626996,99.4793231127626996,188.6296665806039243,15.4318142712648196,4.3290205250581266,84.0475088414978870,1.6479466229219999,1.6479466229219999,4223.0171147405399097,1.6523284501222757,1.6409508631255449,0.9963670150777320,0.9812611652925740,1.5130074614068061,13.4062096828273560,11.7056407767857120,0.5207060784826312,0.4792939215173821,0.0000000000000000,0.0217700000000000,0.9963170617884971,1.0059933129760219,-1.5318732955051200,15.4819195587251173,17.1208696060336116,0.4318831027439136,0.4484096266072035,0.0000000000000000,0.0000000000000000
41,99.4793405487917397,99.4793405487917397,188.6290786885983835,15.4320220575105616,4.3289970271079685,84.0473184912811888,1.6479457480153068,1.6479457480153068,4223.0171147034197929,1.6523279441175318,1.6409488558396639,0.9963655017421914,0.9812662051897609,1.5127782183246623,13.4060461620941584,11.7057621303506210,0.5207038938343199,0.4792961061656933,0.0000000000000000,0.0217700000000000,0.9963153575070501,1.0059994328562862,-1.5322010920471438,15.4816920317560012,17.1210726612179798,0.4318800794642271,0.4484120882313922,0.0000000000000000,0.0000000000000000
42,99.4793486370987523,99.4793486370987523,188.6285401546822698,15.4322068887879649,4.3289760637001740,84.0471417483107928,1.6479449302546303,1.6479449302546303,4223.0171146675238560,1.6523274724839583,1.6409469850268439,0.9963641526279838,0.9812706984175381,1.5125737240431150,13.4058993429548980,11.7058694172697688,0.5207019463820132,0.4792980536180002,0.0000000000000000,0.0217700000000000,0.9963138368243456,1.0060048933698225,-1.5324934631531661,15.4814878604803852,17.1212525641695308,0.4318773811717201,0.4484142853136868,0.0000000000000000,0.0000000000000000
43,99.4793487720297946,99.4793487720297662,188.6280463744412259,15.4323712717731780,4.3289573612545862,84.0469775002566166,1.6479441654471156,1.6479441654471156,4223.0171146328484610,1.6523270325904214,1.6409452402306255,0.9963629499134461,0.9812747042641244,1.5123913002356524,13.4057674680410663,11.7059642105195518,0.5207002103730539,0.4792997896269594,0.0000000000000000,0.0217700000000000,0.9963124799550734,1.0060097655719140,-1.5327542321211762,15.4813045866658854,17.1214118746407813,0.4318749728936526,0.4484162463178246,0.0000000000000000,0.0000000000000000
44,99.4793421775512599,99.4793421775512599,188.6275932035243557,15.4325174410320525,4.3289406757272975,84.0468247365192127,1.6479434497522019,1.6479434497522019,4223.0171145994027029,1.6523266220342776,1.6409436119032090,0.9963618777107242,0.9812782755898006,1.5122285587092001,13.4056489676964805,11.7060479100134760,0.5206986628501252,0.4793013371498881,0.0000000000000000,0.0217700000000000,0.9963112692462246,1.0060141128616640,-1.5329868099371300,15.4811400140969777,17.1215528733441147,0.4318728234223405,0.4484179966435746,0.0000000000000000,0.0000000000000000
45,99.4793299266673898,99.4793299266673898,188.6271769098794948,15.4326473884739634,4.3289257894224882,84.0466825381934370,1.6479427796487822,1.6479427796487822,4223.0171145671847626,1.6523262386196700,1.6409420913191188,0.9963609218560077,0.9812814595233719,1.5120833699709468,13.4055424397833747,11.7061217614916373,0.5206972833479697,0.4793027166520437,0.0000000000000000,0.0217700000000000,0.9963101889473328,1.0060179918065275,-1.5331942397107312,15.4809921804785766,17.1216775921566331,0.4318709049098455,0.4484195589565380,0.0000000000000000,0.0000000000000000
46,99.4793129586917644,99.4793129586917644,188.6267941310486833,15.4327628896254883,4.3289125081482780,84.0465500690662850,1.6479421519056423,1.6479421519056423,4223.0171145361782692,1.6523258803380052,1.6409406704975338,0.9963600697225081,0.9812842980832535,1.5119538351994688,13.4054466316686725,11.7061868733585328,0.5206960536230161,0.4793039463769973,0.0000000000000000,0.0217700000000000,0.9963092250054503,1.0060214528781528,-1.5333792363273151,15.4808593323602253,17.1217878410704536,0.4318691925062724,0.4484209534824633,0.0000000000000000,0.0000000000000000
47,99.4792920946077999,99.4792920946077999,188.6264418359828028,15.4328655270678414,4.3289006586793475,84.0464265675399673,1.6479415635548342,1.6479415635548342,4223.0171145063650329,1.6523255453503827,1.6409393421323917,0.9963593100537083,0.9812868287313392,1.5118382612501478,13.4053604241529616,11.7062442316912456,0.5206949574122848,0.4793050425877286,0.0000000000000000,0.0217700000000000,0.9963083648822231,1.0060245411090256,-1.5335442218279010,15.4807399027571062,17.1218852322361847,0.4318676640369959,0.4484221982698930,0.0000000000000000,0.0000000000000000
48,99.4792680507212168,99.4792680507211884,188.6261172908869526,15.4329567113401023,4.3288900864932973,84.0463113393811199,1.6479410118676876,1.6479410118676876,4223.0171144777368681,1.6523252319717761,1.6409380995294611,0.9963586328146908,0.9812890848668955,1.5117351383684365,13.4052828171337737,11.7062947136155433,0.5206939802184450,0.4793060197815682,0.0000000000000000,0.0217700000000000,0.9963075973906583,1.0060272966784536,-1.5336913569790944,15.4806324911760189,17.1219712014130749,0.4318662997146132,0.4484233094245629,0.0000000000000000,0.0000000000000000
49,99.4792414507992078,99.4792414507992362,188.6258180286760080,15.4330376995866558,4.3288806537512148,84.0462037512125448,1.6479404943331812,1.6479404943331812,4223.0171144502555762,1.6523249386567875,1.6409369365496693,0.9963580290595920,0.9812910962669708,1.5116431203170571,13.4052129168153851,11.7063390992272112,0.5206931091181783,0.4793068908818349,0.0000000000000000,0.0217700000000000,0.9963069125494751,1.0060297554354920,-1.5338225694435401,15.4805358457879674,17.1220470271059284,0.4318650818818899,0.4484243013185786,0.0000000000000000,0.0000000000000000
50,99.4792128368529376,99.4792128368529376,188.6255418216458111,15.4331096121868967,4.3288722374964639,84.0461032246660267,1.6479400086384344,1.6479400086384344,4223.0171144239011483,1.6523246639868108,1.6409358475580398,0.9963574908134322,0.9812928894790941,1.5115610066567502,13.4051499242982057,11.7063780822154637,0.5206923325913406,0.4793076674086726,0.0000000000000000,0.0217700000000000,0.9963063014531641,1.0060319493655225,-1.5339395789119177,15.4804488475179767,17.1221138476331944,0.4318639947824141,0.4484251867770442,0.0000000000000000,0.0000000000000000
51,99.4791826787189422,99.4791826787189422,188.6252866570236506,15.4331734475893114,4.3288647280475692,84.0460092311296449,1.6479395526511023,1.6479395526511023,4223.0171143986408424,1.6523244066584610,1.6409348273776672,0.9963570109667583,0.9812944881714363,1.5114877269463030,13.4050931253985617,11.7064122793302676,0.5206916403686381,0.4793083596313752,0.0000000000000000,0.0217700000000000,0.9963057561560287,1.0060339070066260,-1.5340439195299513,15.4803704958431503,17.1221726763540616,0.4318630243558997,0.4484259772446479,0.0000000000000000,0.0000000000000000
52,99.4791513825657887,99.4791513825657887,188.6250507150860471,15.4332300955396811,4.3288580275647526,84.0459212870261183,1.6479391244034747,1.6479391244034747,4223.0171143744546498,1.6523241654731411,1.6409338712482093,0.9963565831817174,0.9812959134450309,1.5114223266548592,13.4050418815659036,11.7064422388180898,0.5206910232958288,0.4793089767041846,0.0000000000000000,0.0217700000000000,0.9963052695687403,1.0060356538210735,-1.5341369599058581,15.4802998961173817,17.1222244152478851,0.4318621580555537,0.4484266829342824,0.0000000000000000,0.0000000000000000
53,99.4791192984503567,99.4791192984503851,188.6248323495781278,15.4332803488820804,4.3288520487712088,84.0458389495682781,1.6479387220781117,1.6479387220781117,4223.0171143513016432,1.6523239393276252,1.6409329747884407,0.9963562018083262,0.9812971841121422,1.5113639546016913,13.4049956217797259,11.7064684479380734,0.5206904732126898,0.4793095267873236,0.0000000000000000,0.0217700000000000,0.9963048353660250,1.0060372125268506,-1.5342199209642864,15.4802362482567961,17.1222698670286775,0.4318613846850877,0.4484273129596877,0.0000000000000000,0.0000000000000000
54,99.4790867270180996,99.4790867270180712,188.6246300701776875,15.4333249140804050,4.3288467138124602,84.0457618129376982,1.6479383439948554,1.6479383439948554,4223.0171143291536282,1.6523237272055624,1.6409321339624472,0.9963558618098127,0.9812983169444900,1.5113118517558739,13.4049538353188424,11.7064913396595127,0.5206899828450781,0.4793100171549352,0.0000000000000000,0.0217700000000000,0.9963044479043147,1.0060386033934055,-1.5342938918725331,15.4801788366410680,17.1223097459461293,0.4318606942533071,0.4484278754537828,0.0000000000000000,0.0000000000000000
55,99.4790539254541102,99.4790539254541102,188.6244425268002942,15.4333644206047591,4.3288419532387676,84.0456895048493493,1.6479379885990779,1.6479379885990779,4223.0171143079751346,1.6523235281697992,1.6409313450490977,0.9963555586960693,0.9812993268945372,1.5112653412511996,13.4049160653105304,11.7065112986280528,0.5206895457087297,0.4793104542912835,0.0000000000000000,0.0217700000000000,0.9963041021482595,1.0060398445055792,-1.5343598442526591,15.4801270210983333,17.1223446874210694,0.4318600778443275,0.4484283776742942,0.0000000000000000,0.0000000000000000
56,99.4790211127558450,99.4790211127558450,188.6242684955383595,15.4333994293010495,4.3288377050976212,84.0456216834547831,1.6479376544510445,1.6479376544510445,4223.0171142877416059,1.6523233413554446,1.6409306046144545,0.9963552884643210,0.9813002272928086,1.5112238194827992,13.4048819029740116,11.7065286664812280,0.5206891560235017,0.4793108439765116,0.0000000000000000,0.0217700000000000,0.9963037936051754,1.0060409519990692,-1.5344186448594250,15.4800802288583181,17.1223752566361576,0.4318595275017991,0.4484288260979679,0.0000000000000000,0.0000000000000000
57,99.4789884744118922,99.4789884744118922,188.6241068660693543,15.4334304398569522,4.3288339141239840,84.0455580345549436,1.6479373402162762,1.6479373402162762,4223.0171142684048391,1.6523231659635973,1.6409299094868293,0.9963550475462314,0.9813010300238160,1.5111867481683579,13.4048509824836621,11.7065437465840567,0.5206888086369069,0.4793111913631064,0.0000000000000000,0.0217700000000000,0.9963035182665445,1.0060419402705323,-1.5344710668929942,15.4800379473682703,17.1224019561977165,0.4318590361255683,0.4484292265046791,0.0000000000000000,0.0000000000000000
58,99.4789561665455437,99.4789561665455437,188.6239566303714810,15.4334578974598262,4.3288305310181858,84.0454982690857264,1.6479370446568131,1.6479370446568131,4223.0171142499484631,1.6523230012556713,1.6409292567342182,0.9963548327607527,0.9813017456828932,1.5111536472709037,13.4048229763856259,11.7065568082467610,0.5206884989559656,0.4793115010440477,0.0000000000000000,0.0217700000000000,0.9963032725558272,1.0060428221650453,-1.5345178000911215,15.4799997178801938,17.1224252329675508,0.4318585973794916,0.4484295840524525,0.0000000000000000,0.0000000000000000
59,99.4789243195872785,99.4789243195872785,188.6238168726129913,15.4334821987360105,4.3288275118017019,84.0454421208512628,1.6479367666232885,1.6479367666232885,4223.0171142323197273,1.6523228465482609,1.6409286436438728,0.9963546412720897,0.9813023837160363,1.5111240886881898,13.4047975915074176,11.7065680904821328,0.5206882228864483,0.4793117771135650,0.0000000000000000,0.0217700000000000,0.9963030532819019,1.0060436091433533,-1.5345594597331136,15.4799651297256187,17.1224454841541487,0.4318582056091667,0.4484299033444163,0.0000000000000000,0.0000000000000000
60,99.4788930415248132,99.4788930415248132,188.6236867600866560,15.4335036970464312,4.3288248172425776,84.0453893444783802,1.6479365050477337,1.6479365050477337,4223.0171142155113557,1.6523227012084847,1.6409280677037970,0.9963544705522247,0.9813029525445812,1.5110976906258760,13.4047745653071786,11.7065778053521630,0.5206879767787168,0.4793120232212965,0.0000000000000000,0.0217700000000000,0.9963028575975205,1.0060443114310915,-1.5345965946727169,15.4799338152043866,17.1224630627436696,0.4318578557685342,0.4484301884885397,0.0000000000000000,0.0000000000000000
61,99.4788624207829031,99.4788624207829031,188.6235655350855325,15.4335227072125676,4.3288224123427135,84.0453397135703284,1.6479362589370419,1.6479362589370419,4223.0171141994742356,1.6523225646497719,1.6409275265859784,0.9963543183475125,0.9813034596763529,1.5110741125812304,13.4047536626160362,11.7065861409485912,0.5206877573794347,0.4793122426205786,0.0000000000000000,0.0217700000000000,0.9963026829622383,1.0060449381519483,-1.5346296945064175,15.4799054450204459,17.1224782823433053,0.4318575433543586,0.4484304431509604,0.0000000000000000,0.0000000000000000
62,99.4788325287673700,99.4788325287673700,188.6234525076134503,15.4335395097310020,4.3288202658808057,84.0452930190363787,1.6479360273670223,1.6479360273670223,4223.0171141841756253,1.6523224363280342,1.6409270181311766,0.9963541826488977,0.9813039118047674,1.5110530508701476,13.4047346727302585,11.7065932640475641,0.5206875617885423,0.4793124382114711,0.0000000000000000,0.0217700000000000,0.9963025271093499,1.0060454974464337,-1.5346591959662010,15.4798797242080823,17.1224914214974469,0.4318572643477979,0.4484306706035316,0.0000000000000000,0.0000000000000000
63,99.4788034221163002,99.4788034221163002,188.6233470488479327,15.4335543545333138,4.3288183500044912,84.0452490675830006,1.6479358094769943,1.6479358094769943,4223.0171141695955157,1.6523223157381961,1.6409265403351216,0.9963540616653667,0.9813043148971797,1.5110342346393981,13.4047174068159602,11.7065993224734370,0.5206873874208875,0.4793126125791258,0.0000000000000000,0.0217700000000000,0.9963023880163809,1.0060459965778807,-1.5346854886248309,15.4798563884933724,17.1225027275368866,0.4318570151622518,0.4484308737662726,0.0000000000000000,0.0000000000000000
64,99.4787751446912978,99.4787751446912978,188.6232485852754621,15.4335674643412855,4.3288166398664707,84.0452076803500177,1.6479356044648610,1.6479356044648610,4223.0171141556975272,1.6523222024110411,1.6409260913359767,0.9963539538002809,0.9813046742736502,1.5110174223109727,13.4047016955925944,11.7066044472039472,0.5206872319720188,0.4793127680279945,0.0000000000000000,0.0217700000000000,0.9963022638787635,1.0060464420270052,-1.5347089199853894,15.4798352010455371,17.1225124200097802,0.4318567925968162,0.4484310552452508,0.0000000000000000,0.0000000000000000
65,99.4787477293334206,99.4787477293333922,188.6231565934275523,15.4335790376616817,4.3288151133001493,84.0451686916717478,1.6479354115826230,1.6479354115826230,4223.0171141424607413,1.6523220959103460,1.6409256694029477,0.9963538576302771,0.9813049946771769,1.5110023984116019,13.4046873872650139,11.7066087542450159,0.5206870933877115,0.4793129066123019,0.0000000000000000,0.0217700000000000,0.9963021530863519,1.0060468395762714,-1.5347298000214131,15.4798159495763805,17.1225206937398369,0.4318565937947742,0.4484312173663637,0.0000000000000000,0.0000000000000000
66,99.4787211994166114,99.4787211994166114,188.6230705951563777,15.4335892514579616,4.3288137505300410,84.0451319479586516,1.6479352301322858,1.6479352301322858,4223.0171141298505972,1.6523219958302755,1.6409252729259232,0.9963537718864579,0.9813052803362955,1.5109889707465332,13.4046743456777353,11.7066123462996003,0.5206869698367846,0.4793130301632287,0.0000000000000000,0.0217700000000000,0.9963020542024601,1.0060471943851843,-1.5347484052289087,15.4797984437492584,17.1225277215533396,0.4318564162065261,0.4484313622055149,0.0000000000000000,0.0000000000000000
67,99.4786955702168854,99.4786955702168854,188.6229901533938857,15.4335982635371369,4.3288125339137284,84.0450973066797502,1.6479350594621236,1.6479350594621236,4223.0171141178316248,1.6523219017930113,1.6409249004060469,0.9963536954376255,0.9813055350209046,1.5109769678789533,13.4046624486668868,11.7066153142541349,0.5206868596868823,0.4793131403131310,0.0000000000000000,0.0217700000000000,0.9963019659451737,1.0060475110574327,-1.5347649822393450,15.4797825128663735,17.1225336567084483,0.4318562575565478,0.4484314916154986,0.0000000000000000,0.0000000000000000
68,99.4786708501216026,99.4786708501216026,188.6229148683431163,15.4336062146806334,4.3288114477114279,84.0450646354409798,1.6479348989632696,1.6479348989632696,4223.0171141063883624,1.6523218134465913,1.6409245504471286,0.9963536272753342,0.9813057620920220,1.5109662368833092,13.4046515865894129,11.7066177385015937,0.5206867614828750,0.4793132385171384,0.0000000000000000,0.0217700000000000,0.9963018871706638,1.0060477937008234,-1.5347797510446721,15.4797680038025423,17.1225386350617228,0.4318561158138725,0.4484316072500336,0.0000000000000000,0.0000000000000000
69,99.4786470416943303,99.4786470416943303,188.6228443740587011,15.4336132305483051,4.3288104778806655,84.0450338111460269,1.6479347480665958,1.6479347480665958,4223.0171140955071678,1.6523217304629434,1.6409242217478002,0.9963535665005617,0.9813059645461585,1.5109566413414406,13.4046416610094106,11.7066196901197550,0.5206866739276139,0.4793133260723993,0.0000000000000000,0.0217700000000000,0.9963018168583043,1.0060480459807444,-1.5347929078738449,15.4797547791602526,17.1225427769986851,0.4318559891657812,0.4484317105851684,0.0000000000000000,0.0000000000000000
70,99.4786241426161837,99.4786241426161553,188.6227783353770349,15.4336194233818773,4.3288096118929422,84.0450047192342993,1.6479346062398652,1.6479346062398652,4223.0171140851389282,1.6523216525360898,1.6409239130942679,0.9963535123118341,0.9813061450548647,1.5109480595565135,13.4046325835258795,11.7066212319199678,0.5206865958647724,0.4793134041352409,0.0000000000000000,0.0217700000000000,0.9963017540973924,1.0060482711678698,-1.5348046277596481,15.4797427156217662,17.1225461891548427,0.4318558759943001,0.4484318029384196,0.0000000000000000,0.0000000000000000
71,99.4786021465129551,99.4786021465129551,188.6227164451577494,15.4336248935257956,4.3288088385703318,84.0449772529871524,1.6479344729851204,1.6479344729851204,4223.0171140752727297,1.6523215793805108,1.6409236233532503,0.9963534639946335,0.9813063059999937,1.5109403829604950,13.4046242747260429,11.7066224193808797,0.5206865262635556,0.4793134737364577,0.0000000000000000,0.0217700000000000,0.9963016980753016,1.0060484721807128,-1.5348150668279477,15.4797317024777730,17.1225489659490719,0.4318557748552449,0.4484318854858204,0.0000000000000000,0.0000000000000000
72,99.4785810436873561,99.4785810436873277,188.6226584218099447,15.4336297307935641,4.3288081479396538,84.0449513128937866,1.6479343478362927,1.6479343478362927,4223.0171140658912918,1.6523215107296501,1.6409233514633399,0.9963534209119549,0.9813064495051542,1.5109335146932033,13.4046166632503603,11.7066233014803931,0.5206864642050517,0.4793135357949615,0.0000000000000000,0.0217700000000000,0.9963016480669104,1.0060486516236129,-1.5348243643411354,15.4797216403129685,17.1225511909513664,0.4318556844595233,0.4484319592771413,0.0000000000000000,0.0000000000000000
73,99.4785608217617749,99.4785608217618034,188.6226040070689294,15.4336340156875007,4.3288075311024325,84.0449268060742867,1.6479342303570164,1.6479342303570164,4223.0171140569691488,1.6523214463345512,1.6409230964165307,0.9963533824958929,0.9813065774637197,1.5109273683373026,13.4046096849589400,11.7066239214352112,0.5206864088701004,0.4793135911299128,0.0000000000000000,0.0217700000000000,0.9963016034251666,1.0060488118206115,-1.5348326445206339,15.4797124398324204,17.1225529381012613,0.4318556036564365,0.4484320252494836,0.0000000000000000,0.0000000000000000
74,99.4785414662475063,99.4785414662475063,188.6225529640028924,15.4336378204957185,4.3288069801189106,84.0449036457518019,1.6479341201386211,1.6479341201386211,4223.0171140484817442,1.6523213859626096,1.6409228571901453,0.9963533482401358,0.9813066915638319,1.5109218667885944,13.4046032821864269,11.7066243173604967,0.5206863595284503,0.4793136404715631,0.0000000000000000,0.0217700000000000,0.9963015635726770,1.0060489548456844,-1.5348400181729094,15.4797040208135979,17.1225542727941686,0.4318555314187953,0.4484320842393905,0.0000000000000000,0.0000000000000000
75,99.4785229610477586,99.4785229610477586,188.6225050752267975,15.4336412102797400,4.3288064879044468,84.0448817507680133,1.6479340167982917,1.6479340167982917,4223.0171140404163452,1.6523213293964332,1.6409226268174004,0.9963533176932733,0.9813067933106835,1.5109169412493166,13.4045974030773447,11.7066245228570818,0.5206863155290932,0.4793136844709200,0.0000000000000000,0.0217700000000000,0.9963015279941912,1.0060490825497248,-1.5348465841411336,15.4796963111701356,17.1225552528505105,0.4318554668296177,0.4484321369936778,0.0000000000000000,0.0000000000000000
76,99.4785052889010615,99.4785052889010899,188.6224601413003654,15.4336442437596730,4.3288060481373769,84.0448610451413742,1.6479339199773839,1.6479339199773839,4223.0171140327465764,1.6523212764328008,1.6409224167784828,0.9963532904528362,0.9813068840463679,1.5109125303314510,13.4045920009933131,11.7066245675337690,0.5206862762916770,0.4793137237083364,0.0000000000000000,0.0217700000000000,0.9963014962299045,1.0060491965846095,-1.5348524305992868,15.4796892461167328,17.1225559293793097,0.4318554090702860,0.4484321841790685,0.0000000000000000,0.0000000000000000
77,99.4784884317769240,99.4784884317769240,188.6224179792962161,15.4336469741172539,4.3288056551765406,84.0448414576596576,1.6479338293398753,1.6479338293398753,4223.0171140254669808,1.6523212268817109,1.6409222204198168,0.9963532661599751,0.9813069649676025,1.5109085792558350,13.4045870339835389,11.7066244774737225,0.5206862412988149,0.4793137587011984,0.0000000000000000,0.0217700000000000,0.9963014678694785,1.0060492984246754,-1.5348576362074944,15.4796827674230890,17.1225563475485671,0.4318553574099553,0.4484322263908176,0.0000000000000000,0.0000000000000000
78,99.4784723712257772,99.4784723712257772,188.6223784215212049,15.4336494497207788,4.3288053039879228,84.0448229215050020,1.6479337445709501,1.6479337445709501,4223.0171140185557306,1.6523211805655078,1.6409220369130433,0.9963532444947204,0.9813070371415085,1.5109050391393843,13.4045824643132487,11.7066242756493040,0.5206862100892645,0.4793137899107487,0.0000000000000000,0.0217700000000000,0.9963014425467018,1.0060493893858904,-1.5348622711430817,15.4796768227483650,17.1225565472730885,0.4318553111961138,0.4484322641603924,0.0000000000000000,0.0000000000000000
79,99.4784570886923660,99.4784570886923944,188.6223413143748644,15.4336517147833412,4.3288049900790888,84.0448053739090284,1.6479336653756989,1.6479336653756989,4223.0171140119982738,1.6523211373180895,1.6409218655734743,0.9963532251717510,0.9813071015196987,1.5109018663585978,13.4045782580426405,11.7066239822925322,0.5206861822518188,0.4793138177481944,0.0000000000000000,0.0217700000000000,0.9963014199347329,1.0060494706429477,-1.5348663980198722,15.4796713650476807,17.1225565638277004,0.4318552698461575,0.4484322979623302,0.0000000000000000,0.0000000000000000
80,99.4784425657995826,99.4784425657995826,188.6223065173395810,15.4336538099657687,4.3288047094407993,84.0447887558338209,1.6479335914779270,1.6479335914779270,4223.0171140057773300,1.6523210969841788,1.6409217057800050,0.9963532079366254,0.9813071589508279,1.5108990219826808,13.4045743846522427,11.7066236152254071,0.5206861574198839,0.4793138425801294,0.0000000000000000,0.0217700000000000,0.9963013997418446,1.0060495432445429,-1.5348700727100173,15.4796663520422833,17.1225564283960914,0.4318552328398734,0.4484323282203568,0.0000000000000000,0.0000000000000000
81,99.4784287846010784,99.4784287846010500,188.6222739020808774,15.4336557729257606,4.3288044584948828,84.0447730116753178,1.6479335226190699,1.6479335226190699,4223.0171139998828949,1.6523210594186608,1.6409215569561946,0.9963531925624185,0.9813072101917758,1.5108964712685502,13.4045708167094002,11.7066231901544349,0.5206861352666379,0.4793138647333754,0.0000000000000000,0.0217700000000000,0.9963013817076347,1.0060496081269819,-1.5348733450757770,15.4796617457482135,17.1225561685600773,0.4318551997127308,0.4484323553128443,0.0000000000000000,0.0000000000000000
82,99.4784157278165111,99.4784157278165111,188.6222433516606998,15.4336576388276026,4.3288042340477624,84.0447580889888997,1.6479334585571954,1.6479334585571954,4223.0171139943104208,1.6523210244859790,1.6409214185644319,0.9963531788467199,0.9813072559176363,1.5108941832098832,13.4045675295713522,11.7066227209345719,0.5206861155007115,0.4793138844993018,0.0000000000000000,0.0217700000000000,0.9963013655996366,1.0060496661263427,-1.5348762596238608,15.4796575120561375,17.1225558087382623,0.4318551700498984,0.4484323795776803,0.0000000000000000,0.0000000000000000
83,99.4784033790459716,99.4784033790459716,188.6222147598460310,15.4336594408134573,4.3288040332490469,84.0447439382325001,1.6479333990661000,1.6479333990661000,4223.0171139890362610,1.6523209920595843,1.6409212901030266,0.9963531666089585,0.9813072967306118,1.5108921301357530,13.4045645011216941,11.7066222198048688,0.5206860978623575,0.4793139021376558,0.0000000000000000,0.0217700000000000,0.9963013512102988,1.0060497179893233,-1.5348788560889588,15.4796536203576451,17.1225553705782652,0.4318551434809055,0.4484324013166134,0.0000000000000000,0.0000000000000000
84,99.4783917229713524,99.4783917229713239,188.6221880305103014,15.4336612104446562,4.3288038535544837,84.0447305125266979,1.6479333439344839,1.6479333439344839,4223.0171139840622345,1.6523209620214372,1.6409211711040756,0.9963531556880125,0.9813073331679473,1.5108902873528844,13.4045617115367968,11.7066216975999122,0.5206860821200114,0.4793139178800018,0.0000000000000000,0.0217700000000000,0.9963013383542791,1.0060497643829358,-1.5348811699554528,15.4796500432131534,17.1225548733093937,0.4318551196748706,0.4484324207991351,0.0000000000000000,0.0000000000000000
85,99.4783807455477103,99.4783807455477103,188.6221630771222522,15.4336629781187842,4.3288036926931488,84.0447177674289350,1.6479332929652040,1.6479332929652040,4223.0171139793765178,1.6523209342615566,1.6409210611316389,0.9963531459400772,0.9813073657090016,1.5108886328269673,13.4045591430790605,11.7066211639395217,0.5206860680672575,0.4793139319327558,0.0000000000000000,0.0217700000000000,0.9963013268660393,1.0060498059031349,-1.5348832329217093,15.4796467560582265,17.1225543340583357,0.4318550983362673,0.4484324382659198,0.0000000000000000,0.0000000000000000
86,99.4783704341870134,99.4783704341870134,188.6221398223139261,15.4336647734669086,4.3288035486379961,84.0447056607200977,1.6479332459746041,1.6479332459746041,4223.0171139749809299,1.6523209086776118,1.6409209597801186,0.9963531372367601,0.9813073947815637,1.5108871468984475,13.4045567799143370,11.7066206273998041,0.5206860555201043,0.4793139444799090,0.0000000000000000,0.0217700000000000,0.9963013165976848,1.0060498430825533,-1.5348850733166710,15.4796437369424531,17.1225537681347824,0.4318550792011272,0.4484324539319191,0.0000000000000000,0.0000000000000000
87,99.4783607779373682,99.4783607779373682,188.6221181975258787,15.4336666257352224,4.3288034195797680,84.0446941522021547,1.6479332027919105,1.6479332027919105,4223.0171139708618284,1.6523208851745597,1.6409208666728110,0.9963531294633797,0.9813074207674666,1.5108858120303470,13.4045546079520079,11.7066200956670929,0.5206860443145795,0.4793139556854337,0.0000000000000000,0.0217700000000000,0.9963013074170411,1.0060498763973760,-1.5348867164700764,15.4796409663002184,17.1225531892880340,0.4318550620336669,0.4484324679891007,0.0000000000000000,0.0000000000000000
88,99.4783517676641225,99.4783517676641509,188.6220981427271113,15.4336685641584062,4.3288033039036202,84.0446832035057128,1.6479331632586982,1.6479331632586982,4223.0171139670210323,1.6523208636643212,1.6409207814606224,0.9963531225174435,0.9813074440076063,1.5108846125829913,13.4045526147044090,11.7066195756777596,0.5206860343045718,0.4793139656954414,0.0000000000000000,0.0217700000000000,0.9963012992059272,1.0060499062735038,-1.5348881850446219,15.4796384267483980,17.1225526099406125,0.4318550466232717,0.4484324806089017,0.0000000000000000,0.0000000000000000
89,99.4783433962300450,99.4783433962300450,188.6220796062056877,15.4336706183264969,4.3288032001684531,84.0446727779035569,1.6479331272284197,1.6479331272284197,4223.0171139634658175,1.6523208440654955,1.6409207038209364,0.9963531163072838,0.9813074648064184,1.5108835346139244,13.4045507891650608,11.7066190737456388,0.5206860253599277,0.4793139746400857,0.0000000000000000,0.0217700000000000,0.9963012918586145,1.0060499330920367,-1.5348894993319107,15.4796361029097209,17.1225520413998495,0.4318550327818199,0.4484324919444032,0.0000000000000000,0.0000000000000000
90,99.4783356586826102,99.4783356586826102,188.6220625444285872,15.4336728185509049,4.3288031070884001,84.0446628401316929,1.6479330945659998,1.6479330945659998,4223.0171139601816321,1.6523208263031131,1.6409206334566309,0.9963531107508408,0.9813074834358563,1.5108825657003866,13.4045491217036723,11.7066185956781617,0.5206860173647605,0.4793139826352528,0.0000000000000000,0.0217700000000000,0.9963012852804374,1.0060499571941772,-1.5348906775172910,15.4796339812587309,17.1225514940512547,0.4318550203412826,0.4484325021322810,0.0000000000000000,0.0000000000000000
91,99.4783285524454612,99.4783285524454612,188.6220469219670122,15.4336751962318228,4.3288030235162722,84.0446533562136295,1.6479330651474910,1.6479330651474910,4223.0171139571939420,1.6523208103084239,1.6409205700952407,0.9963531057745610,0.9813075001389356,1.5108816947819257,13.4045476039767752,11.7066181468831605,0.5206860102159550,0.4793139897840584,0.0000000000000000,0.0217700000000000,0.9963012793865379,1.0060499788855788,-1.5348917359158403,15.4796320499879290,17.1225509775338729,0.4318550091515645,0.4484325112945691,0.0000000000000000,0.0000000000000000
92,99.4783220775212840,99.4783220775212840,188.6220327114911299,15.4336777842328914,4.3288029484284092,84.0446442932883997,1.6479330388597901,1.6479330388597901,4223.0171139544854668,1.6523207960187241,1.6409205134882621,0.9963531013124127,0.9813075151328552,1.5108809120220119,13.4045462288534427,11.7066177324670502,0.5206860038218705,0.4793139961781429,0.0000000000000000,0.0217700000000000,0.9963012741006942,1.0060499984401852,-1.5348926891833017,15.4796302988897221,17.1225505008977663,0.4318549990784840,0.4484325195403318,0.0000000000000000,0.0000000000000000
93,99.4783162366929758,99.4783162366929758,188.6220198938205783,15.4336806172593679,4.3288028809098087,84.0446356194336062,1.6479330156004190,1.6479330156004190,4223.0171139520944052,1.6523207833772153,1.6409204634106005,0.9963530973049920,0.9813075286115809,1.5108802086927486,13.4045449903576959,11.7066173573205798,0.5206859981013232,0.4793140018986901,0.0000000000000000,0.0217700000000000,0.9963012693541169,1.0060500161035082,-1.5348935505040924,15.4796287192432089,17.1225500727337483,0.4318549900016355,0.4484325269675170,0.0000000000000000,0.0000000000000000
94,99.4783110357058433,99.4783110357058433,188.6220084580141929,15.4336837322272729,4.3288028201350288,84.0446273034785634,1.6479329952773683,1.6479329952773683,4223.0171139500298523,1.6523207723329028,1.6409204196601617,0.9963530936987074,0.9813075407473877,1.5108795770995620,13.4045438836339788,11.7066170261760316,0.5206859929830663,0.4793140070169470,0.0000000000000000,0.0217700000000000,0.9963012650838450,1.0060500320951422,-1.5348943317630379,15.4796273036701084,17.1225497012421854,0.4318549818111708,0.4484325336660316,0.0000000000000000,0.0000000000000000
95,99.4783064833376187,99.4783064833376187,188.6219984014272768,15.4336871685700689,4.3288027653293870,84.0446193147675586,1.6479329778090119,1.6479329778090119,4223.0171139483445586,1.6523207628405321,1.6409203820576028,0.9963530904450463,0.9813075516891113,1.5108790106261427,13.4045429049668368,11.7066167435616979,0.5206859884068934,0.4793140115931199,0.0000000000000000,0.0217700000000000,0.9963012612295365,1.0060500466100022,-1.5348950437261504,15.4796260458331432,17.1225493941284945,0.4318549743999512,0.4484325397259415,0.0000000000000000,0.0000000000000000
96,99.4783025910818708,99.4783025910818708,188.6219897295545991,15.4336909683056067,4.3288027156368152,84.0446116227762730,1.6479329631241137,1.6479329631241137,4223.0171139471403876,1.6523207548605745,1.6409203504462690,0.9963530874998379,0.9813075615486704,1.5108785041954214,13.4045420519717116,11.7066165133807907,0.5206859843304321,0.4793140156695811,0.0000000000000000,0.0217700000000000,0.9963012577248328,1.0060500598177602,-1.5348956963581486,15.4796249394761443,17.1225491579329336,0.4318549676350606,0.4484325452690475,0.0000000000000000,0.0000000000000000
97,99.4782993718099107,99.4782993718098822,188.6219824555880962,15.4336951754575331,4.3288026694796020,84.0446041963523811,1.6479329511619820,1.6479329511619820,4223.0171139467092871,1.6523207483592817,1.6409203246924127,0.9963530848220268,0.9813075703436903,1.5108780562804434,13.4045413244882266,11.7066163371512708,0.5206859807600286,0.4793140192399847,0.0000000000000000,0.0217700000000000,0.9963012544734765,1.0060500718681156,-1.5348962999481390,15.4796239745529167,17.1225489952868415,0.4318549612215219,0.4484325506071957,0.0000000000000000,0.0000000000000000
98,99.4782968381233985,99.4782968381233985,188.6219766044465302,15.4336998352829262,4.3288026205313122,84.0445970028404616,1.6479329418729294,1.6479329418729294,4223.0171139473832227,1.6523207433088565,1.6409203046858580,0.9963530823702533,0.9813075777710314,1.5108776769639398,13.4045407291836813,11.7066162079794065,0.5206859779078230,0.4793140220921903,0.0000000000000000,0.0217700000000000,0.9963012513061207,1.0060500830069041,-1.5348968712169828,15.4796231178934107,17.1225488931223921,0.4318549538705793,0.4484325572472792,0.0000000000000000,0.0000000000000000
99,99.4782950282761789,99.4782950282761504,188.6219722816912281,15.4337050112034238,4.3288025275477899,84.0445900170727640,1.6479329352190792,1.6479329352190792,4223.0171139454650984,1.6523207396876072,1.6409202903405986,0.9963530801180923,0.9813075822481556,1.5108774238229543,13.4045403100281586,11.7066160939467334,0.5206859772083783,0.4793140227916350,0.0000000000000000,0.0217700000000000,0.9963012481611923,1.0060500948677398,-1.5348974757924676,15.4796221918096482,17.1225487617457617,0.4318549371780148,0.4484325754726037,0.0000000000000000,0.0000000000000000
100,99.4782998744756384,99.4782998744756384,188.6219756370835796,15.4337203847207523,4.3288022490453741,84.0445794897548950,1.6479329311716679,1.6479329311716679,4307.4774561907643147,1.6523207374773075,1.6409202815841673,0.9963530734407051,0.9813076257443920,1.5108752026512828,13.4045390756004803,11.7066175511303019,0.5206859486673322,0.4793140513326811,0.0000000000000000,0.0217700000000000,0.9963012398080082,1.0060501463262150,-1.5349006968877728,15.4796204173515441,17.1225510741464397,0.4318549052647549,0.4484326049107242,0.0000000000000000,0.0000000000000000
