period,rgdp,ngdp,y,x,lf,c,W,sW,cW,ceW1,ceW2,rer0,tot0,nx0,rex0,rim0,exrate0,exitrate0,tau0,ntb0,rer2,tot2,nx2,rex2,rim2,exrate2,exitrate2,tau2,ntb2
0,582.3058168787538307,582.3058190677189714,1164.9039205442779803,87.3312594469461914,20.5202036278753823,494.9745574318076251,9.6951082164417386,9.7037450480792522,24748.7279934407124529,0.0000000000000000,0.0000000000000000,0.9999999962408668,1.0000000089749947,-1.0975557879561642,13.7358979205917766,14.8334537085479408,0.0571999987566071,0.4499999978951166,0.0000000000000000,0.0000000000000000,0.9999999957666372,1.0000000233888588,1.0975525147059813,112.1945342922303155,111.0969817775243342,0.3699999652648116,0.4500000393854937,0.0000000000000000,0.0000000000000000
1,582.3058166244532003,582.3058191180837184,1164.9039208363597027,87.3312592073916960,20.5202035645365299,494.9745574170615328,9.6949029331082919,9.7037122851022435,24748.7280054763032240,0.0000000000000000,0.0000000000000000,0.9999999957176617,1.0000000105408857,-1.0975558728639285,13.7358978856560210,14.8334537585199495,0.0571999983461415,0.4499999966125662,0.0000000000000000,0.0000000000000000,0.9999999959747814,1.0000000219452556,1.0975529762677496,112.1945337997216114,111.0969808234538618,0.3699999600267962,0.4500000340565324,0.0000000000000000,0.0000000000000000
2,582.3058164430752868,582.3058190422299276,1164.9039210360269863,87.3312590234183972,20.5202035653132491,494.9745574196568896,9.6946935530695892,9.7036788670993950,24748.7280107962069451,0.0000000000000000,0.0000000000000000,0.9999999955364438,1.0000000111736465,-1.0975559057250255,13.7358978719215958,14.8334537776466213,0.0571999981833102,0.4499999963472042,0.0000000000000000,0.0000000000000000,0.9999999961613186,1.0000000206461082,1.0975534030617808,112.1945338540190278,111.0969804509572469,0.3699999594886726,0.4500000329561671,0.0000000000000000,0.0000000000000000
3,582.3058163176585822,582.3058189588962250,1164.9039212230727571,87.3312588828265461,20.5202035787390216,494.9745574348319224,9.6944799947459472,9.7036447809725939,24748.7280147043602483,0.0000000000000000,0.0000000000000000,0.9999999954641745,1.0000000114837562,-1.0975559211690875,13.7358978668017571,14.8334537879708446,0.0571999981061255,0.4499999963183687,0.0000000000000000,0.0000000000000000,0.9999999963823354,1.0000000196420267,1.0975537597452814,112.1945340016591359,111.0969802419138546,0.3699999597289511,0.4500000324973769,0.0000000000000000,0.0000000000000000
4,582.2045353246572859,582.2227771574364397,1164.7951424939431035,87.2891909710597673,20.5246993740879553,494.9153443535975612,9.6942621749425051,9.7036100133640080,24748.7280179978224623,0.0000000000000000,0.0000000000000000,0.9999686686376851,1.0004122192762037,-1.1188108075581162,13.7158484461199759,14.8404513387545034,0.0571281021633158,0.4505326794255819,0.0000000000000000,0.0000000000000000,1.0000382643818833,0.9997666569325772,1.1974823000932417,112.2524895065909192,111.0290214807451434,0.3701561885584083,0.4498164144035424,0.0000000000000000,0.0000000000000000
5,581.9535702555523358,582.2057259048947344,1164.5404461528664797,87.1886350050344703,20.5235712177940997,494.7649352505178513,9.6940631782213753,9.6982106288380958,24748.7280208658849006,0.0000000000000000,0.0000000000000000,0.9995668959645657,1.0010615328544652,-1.1729781231455050,13.6770570672755678,14.8648249601345572,0.0570657898350322,0.4509457559406497,0.0000000000000000,0.0000000000000000,1.0003408210824112,0.9993936159588888,1.4663819588059255,112.4041947634553225,110.8709800492649009,0.3701875831477127,0.4498292285199808,0.0000000000000000,0.0000000000000000
6,581.8724944452750378,581.8346265955520948,1164.4454808719840457,87.1337008524296266,20.5206891285426032,494.7387935928453544,9.6939190862949705,9.6981493963341645,24748.7280233910350944,0.0000000000000000,0.0000000000000000,1.0000650835271603,1.0038901199251589,-1.2516253409503566,13.5449668408487618,14.8498798250912127,0.0561014293175861,0.4611244511456375,0.0000000000000000,0.0000000000000000,1.0001713750510102,0.9988139419429575,1.5833750038362098,112.4981418893512028,110.7822939717599411,0.3709071268718426,0.4489669369614280,0.0000000000000000,0.0000000000000000
7,581.9098679799748197,581.4243629073693000,1164.5462694760888098,87.1516007964438018,20.4677240641799862,494.7582671835310748,9.6937823532777987,9.6980971854263220,24748.7280256263620686,0.0000000000000000,0.0000000000000000,1.0008350270535045,1.0103867977601009,-1.4451053754288932,13.2239780211269640,14.8070610180369044,0.0537099745692663,0.4854114625841175,0.0000000000000000,0.0000000000000000,1.0002333209100929,0.9982491476002239,1.7668663190015508,112.6838276060386903,110.7196918528936322,0.3716357761701130,0.4482766167865430,0.0000000000000000,0.0000000000000000
8,581.4929425482439456,576.0904950858576967,1164.8006975397938731,86.9403178512679062,20.0523680974744671,494.5526246969759541,9.6936352643803598,9.6936352643803598,24748.7280276127457910,0.0000000000000000,0.0000000000000000,1.0093777757286986,1.0677582585450607,-2.3274709663250750,7.7674596414113992,10.3514803648727032,0.0422620480480591,0.5389544424929908,0.0212371862378000,0.0521250000000000,1.0002572483977432,0.9955524393741412,2.5399339270152410,113.8139488824839987,110.7461599696456886,0.3746117986374381,0.4451354627639550,0.0000000000000000,0.0000000000000000
9,581.5752218299259084,574.5559128759440455,1165.2903584703835804,87.0042760335601315,19.7790030315770409,494.5709457963658906,9.6935657893083391,9.6935657893083391,24748.7280293842995889,0.0000000000000000,0.0000000000000000,1.0122169292781835,1.1087776887407914,-2.9058256001903908,6.3179983712729992,9.5707451112970006,0.0314963615335670,0.5888582303264316,0.0212371862378000,0.0521250000000000,1.0002586916279106,0.9934299629198582,3.1222121552058724,114.5777443790330636,110.6682413537024843,0.3778172005062497,0.4423764781318598,0.0000000000000000,0.0000000000000000
10,581.5779524055706133,574.1622079387911981,1165.2715637604203494,87.0181843065586236,19.7699277430167726,494.5597680990119898,9.6934877466435907,9.6934877466435907,24748.7280309705347463,0.0000000000000000,0.0000000000000000,1.0129157655523884,1.1177056333538737,-3.0389507774158480,6.1256990429290301,9.5356042682230733,0.0290800804139234,0.5735567513710939,0.0212371862378000,0.0521250000000000,1.0002395431957574,0.9930908984396604,3.2146843947298152,114.6976258357643843,110.6528168035950301,0.3784477285118423,0.4427039594570252,0.0000000000000000,0.0000000000000000
11,581.5704848459786263,574.0060566163193698,1165.2362439105868361,87.0249784521789707,19.7670865800102042,494.5455063937997693,9.6934125242609692,9.6934125242609692,24748.7280323972554470,0.0000000000000000,0.0000000000000000,1.0131783073409548,1.1193477547523145,-3.0577681613283296,6.0866289103738183,9.5190637996711320,0.0285340635954535,0.5698991291545863,0.0212371862378000,0.0521250000000000,1.0002143189836483,0.9930744588975295,3.2111326843990184,114.7051770480228896,110.6610878777574953,0.3785427571092059,0.4428021374054830,0.0000000000000000,0.0000000000000000
12,581.5612529993305770,573.8934928928733825,1165.1994959389608084,87.0298931434793701,19.7657620290472664,494.5313598558512922,9.6933413871088838,9.6933413871088838,24748.7280336873154738,0.0000000000000000,0.0000000000000000,1.0133609462407489,1.1192735123059285,-3.0495486960645461,6.0827350660436101,9.5062902018287545,0.0284280107035231,0.5688991455146886,0.0212371862378000,0.0521250000000000,1.0001890744678503,0.9931310551691392,3.1862068425549239,114.6895688585480428,110.6765712096692340,0.3785257998439338,0.4428532636826355,0.0000000000000000,0.0000000000000000
13,581.5519817004565084,573.7942351384011772,1165.1643516505466778,87.0340430099016942,19.7649155352707027,494.5179386905547290,9.6932743718781680,9.6932743718781680,24748.7280348608364875,0.0000000000000000,0.0000000000000000,1.0135200845302748,1.1188178942174680,-3.0355878007539285,6.0869883169350878,9.4950162354165446,0.0284258836024285,0.5685352032053939,0.0212371862378000,0.0521250000000000,1.0001656736602540,0.9932007922287714,3.1580426329307443,114.6702517651107343,110.6932321831122721,0.3784873798468766,0.4428922524426517,0.0000000000000000,0.0000000000000000
14,581.5430287042623831,573.7040146204769826,1165.1314057585402679,87.0377029707803729,19.7642556812939745,494.5053257334819818,9.6932112768600813,9.6932112768600813,24748.7280359358373971,0.0000000000000000,0.0000000000000000,1.0136638647874396,1.1183094919760133,-3.0212959372389019,6.0927888430457573,9.4848745814304376,0.0284469485981722,0.5683352877439981,0.0212371862378000,0.0521250000000000,1.0001444932495718,0.9932686472449870,3.1311676612404966,114.6515526260635198,110.7090509502417603,0.3784474268397059,0.4429259157823996,0.0000000000000000,0.0000000000000000
15,581.5344497615939190,573.6221567278763587,1165.1006668882284885,87.0409594553684798,19.7636926179747796,494.4934903062254534,9.6931518638250189,9.6931518638250189,24748.7280369280742889,0.0000000000000000,0.0000000000000000,1.0137935624363810,1.1178279714659924,-3.0080057269201106,6.0985071262062114,9.4757602831380989,0.0284716189923012,0.5681865982407948,0.0212371862378000,0.0521250000000000,1.0001254541886602,0.9933310467709401,3.1066035380456896,114.6343573435631100,110.7234616749656340,0.3784102475948913,0.4429558522303137,0.0000000000000000,0.0000000000000000
16,581.5262417623985129,573.5481663194577777,1165.0720102908021545,87.0438589429308394,19.7631952422374262,494.4823828194676025,9.6930959017775464,9.6930959017775464,24748.7280378516188648,0.0000000000000000,0.0000000000000000,1.0139100356542630,1.1173901183676251,-2.9959743719170122,6.1037646113565769,9.4675883477649716,0.0284952085252578,0.5680609739758798,0.0212371862378000,0.0521250000000000,1.0001083723685911,0.9933874679675240,3.0844418683110462,114.6187506975531818,110.7363917187102658,0.3783765670857922,0.4429826467088715,0.0000000000000000,0.0000000000000000
17,581.5183928218551728,573.4814240679364730,1165.0452892098428492,87.0464386732535758,19.7627503576571009,494.4719541486016396,9.6930431745157222,9.6930431745157222,24748.7280387188184250,0.0000000000000000,0.0000000000000000,1.0140143488814499,1.1169966963553206,-2.9851742045760910,6.1085037953135970,9.4602713880496569,0.0285167185551381,0.5679504959306511,0.0212371862378000,0.0521250000000000,1.0000930545254860,0.9934382029796358,3.0645319717500854,114.6046345757176397,110.7479240225228523,0.3783462805212696,0.4430066609412339,0.0000000000000000,0.0000000000000000
18,581.5108906323066549,573.4212665865914005,1165.0203611133918002,87.0487319753867297,19.7623506023179054,494.4621586569198826,9.6929934807482141,9.6929934807482141,24748.7280395407178730,0.0000000000000000,0.0000000000000000,1.0141076456648885,1.1166445352051140,-2.9755068260920536,6.1127490370543027,9.4537241525781148,0.0285360702653724,0.5678522239492602,0.0212371862378000,0.0521250000000000,1.0000793206174250,0.9934837383870773,3.0466706032889164,114.5918765713019241,110.7581827708798983,0.3783191050812084,0.4430281883386675,0.0000000000000000,0.0000000000000000
19,581.5037232133835232,573.3670509371864910,1164.9970931944451422,87.0507690020635323,19.7619907679084612,494.4529542113199341,9.6929466330284910,9.6929466330284910,24748.7280403269724047,0.0000000000000000,0.0000000000000000,1.0141910356775778,1.1163297178100435,-2.9668623630586728,6.1165433923169150,9.4478672278705655,0.0285534074857493,0.5677645344860052,0.0212371862378000,0.0521250000000000,1.0000670075819469,0.9935245790976751,3.0306549608631315,114.5803460091381680,110.7672959055210953,0.3782947379371910,0.4430474865431219,0.0000000000000000,0.0000000000000000
20,581.4968787404030763,573.3181814398275264,1164.9753629516919773,87.0525769069451769,19.7616666276019188,494.4443018334578710,9.6929024566610931,9.6929024566610931,24748.7280410861349083,0.0000000000000000,0.0000000000000000,1.0142655467161983,1.1160484242852462,-2.9591357821260234,6.1199316346428656,9.4426283227629710,0.0285689175719049,0.5676862231982059,0.0212371862378000,0.0521250000000000,1.0000559687831836,0.9935611994674651,3.0162968482644033,114.5699222102629165,110.7753835690430151,0.3782728941112328,0.4430647858704100,0.0000000000000000,0.0000000000000000
21,581.4903454455086376,573.2741166525376002,1164.9550576550336700,87.0541800525899561,19.7613745342688532,494.4361653929186105,9.6928607887223670,9.6928607887223670,24748.7280418258778809,0.0000000000000000,0.0000000000000000,1.0143321119065123,1.1157971412466714,-2.9522309485842539,6.1229557753493200,9.4379422982229730,0.0285827850775023,0.5676162746648387,0.0212371862378000,0.0521250000000000,1.0000460726018516,0.9935940318796351,3.0034255307888174,114.5604957536536972,110.7825551670401296,0.3782533141960012,0.4430802929015049,0.0000000000000000,0.0000000000000000
22,581.4841116208725680,573.2343683208773655,1164.9360735998743621,87.0556002604154884,19.7611112629266543,494.4285113604570370,9.6928214771815604,9.6928214771815604,24748.7280425527569605,0.0000000000000000,0.0000000000000000,1.0143915713291241,1.1155726951451188,-2.9460611253599049,6.1256540642631538,9.4337507144587338,0.0285951803880064,0.5675537960952062,0.0212371862378000,0.0521250000000000,1.0000372009593050,0.9936234664351419,2.9918873020586716,114.5519679743443362,110.7889092258258330,0.3782357643925252,0.4430941929950657,0.0000000000000000,0.0000000000000000
23,581.4781656642264807,573.1984975885961830,1164.9183153623250746,87.0568570650687832,19.7608739342745636,494.4213085991577827,9.6927843801007754,9.6927843801007754,24748.7280432727457082,0.0000000000000000,0.0000000000000000,1.0144446786069090,1.1153722370431223,-2.9405484564070310,6.1280609745588412,9.4300012387626726,0.0286062577789440,0.5674979927051709,0.0212371862378000,0.0521250000000000,1.0000292479436361,0.9936498537983863,2.9815441616078999,114.5442500607544645,110.7945341009737348,0.3782200346595230,0.4431066524432258,0.0000000000000000,0.0000000000000000
24,581.4724961321347791,573.1661105347401417,1164.9016951021860677,87.0579679530828514,19.7606599674063865,494.4145281790518993,9.6927493649005232,9.6927493649005232,24748.7280439909918641,0.0000000000000000,0.0000000000000000,1.0144921087355376,1.1151932152791466,-2.9356231977775629,6.1302074572359047,9.4266470455787257,0.0286161560225092,0.5674481544590080,0.0212371862378000,0.0521250000000000,1.0000221185644433,0.9936735087531194,2.9722723319692790,114.5372621135616242,110.7995088933251679,0.3782059365137933,0.4431178204064243,0.0000000000000000,0.0000000000000000
25,581.4670917879101353,573.1368537771606952,1164.8861319217307937,87.0589485793574340,19.7604670446485073,494.4081432085525876,9.6927163076830798,9.6927163076830798,24748.7280447120938334,0.0000000000000000,0.0000000000000000,1.0145344658188538,1.1150333466403406,-2.9312229276854680,6.1321212550869229,9.4236462535330592,0.0286249996319824,0.5674036464586195,0.0212371862378000,0.0521250000000000,1.0000157276317869,0.9936947137215484,2.9639608330104465,114.5309322609325591,110.8039043648274884,0.3781933008943140,0.4431278306592767,0.0000000000000000,0.0000000000000000
26,581.4619416406021628,573.1104103808403352,1164.8715512786752697,87.0598129609927156,19.7602930826418657,494.4021286796094046,9.6926850926081709,9.6926850926081709,24748.7280454400097369,0.0000000000000000,0.0000000000000000,1.0145722902751184,1.1148905890906733,-2.9272918036184894,6.1338272136740644,9.4209614116360871,0.0286329001999383,0.5673639009182774,0.0212371862378000,0.0521250000000000,1.0000099987488682,0.9937137220319641,2.9565101723749621,114.5251958512150736,110.8077837916014090,0.3781819761937676,0.4431368031640209,0.0000000000000000,0.0000000000000000
27,581.4570349750357536,573.0864961291093778,1164.8578844496530564,87.0605736500469050,19.7601362074459423,494.3964613249887634,9.6926556113167379,9.6926556113167379,24748.7280461784575891,0.0000000000000000,0.0000000000000000,1.0146060654062954,1.1147631168208536,-2.9237798835104005,6.1353475714186398,9.4185590353952477,0.0286399576754752,0.5673284101184022,0.0212371862378000,0.0521250000000000,1.0000048634074603,0.9937307608887872,2.9498311611081505,114.5199947234650182,110.8112037396330720,0.3781718264741238,0.4431448454865432,0.0000000000000000,0.0000000000000000
28,581.4523613740707333,573.0648561538945387,1164.8450680402304442,87.0612418874287641,19.7599947326809584,494.3911194866420828,9.6926277623989723,9.6926277623989723,24748.7280469303914288,0.0000000000000000,0.0000000000000000,1.0146362233351189,1.1146492976912790,-2.9206425119625594,6.1367022247042859,9.4164091898297340,0.0286462615402141,0.5672967201202744,0.0212371862378000,0.0521250000000000,1.0000002601758347,0.9937460340514230,2.9438438484510812,114.5152765505654884,110.8142147639361639,0.3781627298583526,0.4431520540695820,0.0000000000000000,0.0000000000000000
29,581.4479107343810256,573.0452619013916546,1164.8330435376603873,87.0618277400281784,19.7598671401727479,494.3860829943529325,9.6926014509032061,9.6926014509032061,24748.7280476987180009,0.0000000000000000,0.0000000000000000,1.0146631503506531,1.1145476729329933,-2.9178397676592160,6.1379089681959087,9.4144851153774205,0.0286518918772995,0.5672684251336594,0.0212371862378000,0.0521250000000000,0.9999961339698601,0.9937597242434608,2.9384765657629401,114.5109942484763081,110.8168620366353707,0.3781545770841097,0.4431585153768010,0.0000000000000000,0.0000000000000000
30,581.4436732768855336,573.0275084044969844,1164.8217569026089677,87.0623402230134928,19.7597520627372383,494.3813330538720265,9.6925765878824439,9.6925765878824439,24748.7280484857037663,0.0000000000000000,0.0000000000000000,1.0146871917123526,1.1144569389181309,-2.9153359668619645,6.1389837118879385,9.4127628926088871,0.0286569203380197,0.5672431624641553,0.0212371862378000,0.0521250000000000,0.9999924353988252,0.9937719953168261,2.9336650690511590,114.5071054452397590,110.8191859104337311,0.3781472702042832,0.4431643069204706,0.0000000000000000,0.0000000000000000
31,581.4396395529154233,573.0114118334918203,1164.8111581966313679,87.0627874090271376,19.7596482688298423,494.3768521438882999,9.6925530899755952,9.6925530899755952,24748.7280492936006340,0.0000000000000000,0.0000000000000000,1.0147086559628111,1.1143759308066665,-2.9130992177842465,6.1399406767349429,9.4112211418996523,0.0286614110136020,0.5672206079806617,0.0212371862378000,0.0521250000000000,0.9999891201784037,0.9937829941948318,2.9293517701393341,114.5035720038098646,110.8212224238292407,0.3781407214200658,0.4431694981843191,0.0000000000000000,0.0000000000000000
32,581.4358004468955414,572.9968072980268516,1164.8012012422075259,87.0631765257803352,19.7595546488347757,494.3726239211151778,9.6925308790206373,9.6925308790206373,24748.7280501242566970,0.0000000000000000,0.0000000000000000,1.0147278187965183,1.1143036078865149,-2.9111010209249475,6.1407925707369770,9.4098407545254652,0.0286654212202512,0.5672004720509485,0.0212371862378000,0.0521250000000000,0.9999861486039063,0.9937928526162625,2.9254850473916179,114.5003595933220453,110.8230037539736514,0.3781348520334012,0.4431741514519870,0.0000000000000000,0.0000000000000000
33,581.4321471762702913,572.9835468756707542,1164.7918433125157662,87.0635140433312813,19.7594702027988554,494.3686331329390669,9.6925098816971946,9.6925098816971946,24748.7280509793745296,0.0000000000000000,0.0000000000000000,1.0147449265282880,1.1142390404385527,-2.9093159108248896,6.1415507472647137,9.4086046519720163,0.0286690022052798,0.5671824958985153,0.0212371862378000,0.0521250000000000,0.9999834850776788,0.9938016887006226,2.9220186277765094,114.4974373039034106,110.8245586225194899,0.3781295915067534,0.4431783225506647,0.0000000000000000,0.0000000000000000
34,581.4286712892136393,572.9714978443830660,1164.7830448483209693,87.0638057522371440,19.7593940294464936,494.3648655369764811,9.6924900291961471,9.6924900291961471,24748.7280518603292876,0.0000000000000000,0.0000000000000000,1.0147601992012654,1.1141813979728405,-2.9077211351002141,6.1422253472933317,9.4074975705561492,0.0286721997816960,0.5671664483384405,0.0212371862378000,0.0521250000000000,0.9999810976851088,0.9938096083526985,2.9189110328995582,114.4947773006307443,110.8259126592850805,0.3781248766193951,0.4431820615184213,0.0000000000000000,0.0000000000000000
35,581.4253646605695849,572.9605410983662068,1164.7747691995455170,87.0640568335417839,19.7593253163318430,494.3613078270277583,9.6924712569141231,9.6924712569141231,24748.7280527685725247,0.0000000000000000,0.0000000000000000,1.0147738333707523,1.1141299386968238,-2.9062963669915263,6.1428254270830838,9.4065058687428476,0.0286750548980638,0.5671521228539614,0.0212371862378000,0.0521250000000000,0.9999789578142708,0.9938167065228256,2.9161250823884899,114.4923545126716959,110.8270887280826571,0.3781206507104385,0.4431854132029494,0.0000000000000000,0.0000000000000000
36,581.4222194864246376,572.9505697287127077,1164.7669823893611465,87.0642719215186247,19.7592633310009269,494.3579475649059987,9.6924535041708619,9.6924535041708619,24748.7280537051337888,0.0000000000000000,0.0000000000000000,1.0147860045967370,1.1140840000894827,-2.9050234480193833,6.1433590727206830,9.4056173548019935,0.0286776041499027,0.5671393349791217,0.0212371862378000,0.0521250000000000,0.9999770398147407,0.9938230683375630,2.9136274486943279,114.4901463540385436,110.8281072186083520,0.3781168629997554,0.4431884177987416,0.0000000000000000,0.0000000000000000
37,581.4192282776032243,572.9414877520165419,1164.7596528987726288,87.0644551599437335,19.7592074130557229,494.3547731176595335,9.6924367139476200,9.6924367139476200,24748.7280546711008355,0.0000000000000000,0.0000000000000000,1.0147968696748595,1.1140429904677001,-2.9038861576651120,6.1438335028131670,9.4048211326855746,0.0286798802383577,0.5671279199561853,0.0212371862378000,0.0521250000000000,0.9999753206915648,0.9938287701140686,2.9113882579806614,114.4881324727423646,110.8289863079091333,0.3781134679788900,0.4431911113289088,0.0000000000000000,0.0000000000000000
38,581.4163838523276127,572.9332089717571534,1164.7527514698626874,87.0646102525743117,19.7591569670209708,494.3517735997533009,9.6924208326449133,9.6924208326449133,24748.7280556674195395,0.0000000000000000,0.0000000000000000,1.0148065686326599,1.1140063814423220,-2.9028700072968912,6.1442551605117437,9.4041074642218589,0.0286819123813657,0.5671177306395704,0.0212371862378000,0.0521250000000000,0.9999737798307683,0.9938338802700338,2.9093807323337586,114.4862945254588169,110.8297421945628685,0.3781104248647673,0.4431935260773533,0.0000000000000000,0.0000000000000000
39,581.4136793282553981,572.9256559587795437,1164.7462509260183197,87.0647405084637001,19.7591114559310448,494.3489388197916696,9.6924058098580659,9.6924058098580659,24748.7280566949266358,0.0000000000000000,0.0000000000000000,1.0148152265153345,1.1139737011715627,-2.9019620558339909,6.1446297959359537,9.4034676459159279,0.0286837266820690,0.5671086356208241,0.0212371862378000,0.0521250000000000,0.9999723987531826,0.9938384601398916,2.9075808690266882,114.4846159751186860,110.8303893083952545,0.3781076971098257,0.4431956909763025,0.0000000000000000,0.0000000000000000
40,581.4111081140669057,572.9187591385434644,1164.7401260076396738,87.0648488826414990,19.7590703955594904,494.3462592314255062,9.6923915981691149,9.6923915981691149,24748.7280577543315303,0.0000000000000000,0.0000000000000000,1.0148229549828196,1.1139445283286900,-2.9011507448924130,6.1449625399692156,9.4028938988223576,0.0286853464587887,0.5671005175517143,0.0212371862378000,0.0521250000000000,0.9999711608936634,0.9938425647069064,2.9059671529915221,114.4830819090831397,110.8309404982730229,0.3781052519627519,0.4431976319538379,0.0000000000000000,0.0000000000000000
41,581.4086639007164194,572.9124559740452014,1164.7343532219013014,87.0649380126492076,19.7590333492247119,494.3437258880671834,9.6923781529538005,9.6923781529538005,24748.7280588463327149,0.0000000000000000,0.0000000000000000,1.0148298537378215,1.1139184867093748,-2.9004257513828735,6.1452579703038479,9.4023792701141531,0.0286867925404622,0.5670932716448043,0.0212371862378000,0.0521250000000000,0.9999700514030995,0.9938462432597879,2.9045202990653536,114.4816788758026860,110.8314072002396671,0.3781030600746316,0.4431993722454921,0.0000000000000000,0.0000000000000000
42,581.4063406525050368,572.9066902344801520,1164.7289107053604766,87.0650102513603912,19.7589999231123130,494.3413304011445462,9.6923654322024078,9.6923654322024078,24748.7280599716141296,0.0000000000000000,0.0000000000000000,1.0148360118024562,1.1138952404116265,-2.8997778557364029,6.1455201705303448,9.4019175451141699,0.0286880835310706,0.5670868043329711,0.0212371862378000,0.0521250000000000,0.9999690569708582,0.9938495399815893,2.9032230209249263,114.4803947380841578,110.8317995880468345,0.3781010951458448,0.4432009326736271,0.0000000000000000,0.0000000000000000
43,581.4041325980060719,572.9014113406378783,1164.7237780982056847,87.0650676964616679,19.7589697620618487,494.3390649015443614,9.6923533963533970,9.6923533963533970,24748.7280611306887295,0.0000000000000000,0.0000000000000000,1.0148415086593543,1.1138744895281301,-2.8991988241182804,6.1457527829877758,9.4015031686829413,0.0286892360462479,0.5670810320711983,0.0212371862378000,0.0521250000000000,0.9999681656655734,0.9938524944778138,2.9020598239574866,114.4792185412658370,110.8321267078884347,0.3780993336095221,0.4432023318978834,0.0000000000000000,0.0000000000000000
44,581.4020342209695400,572.8965737790485946,1164.7189364291455149,87.0651122169491742,19.7589425457708856,494.3369220040202663,9.6923420081387928,9.6923420081387928,24748.7280623241422290,0.0000000000000000,0.0000000000000000,1.0148464152714609,1.1138559662970313,-2.8986813031611494,6.1459590560209412,9.4011311749735373,0.0286902649249421,0.5670758802657117,0.0212371862378000,0.0521250000000000,0.9999673667923858,0.9938551422500173,2.9010168195855783,114.4781403947880563,110.8323965989959419,0.3780977543477972,0.4432035866396852,0.0000000000000000,0.0000000000000000
45,581.4000402512415349,572.8921365776471930,1164.7143680099666199,87.0651454769307662,19.7589179853729959,494.3348947743106692,9.6923312324404254,9.6923312324404254,24748.7280635525166872,0.0000000000000000,0.0000000000000000,1.0148507949933103,1.1138394316627567,-2.8982187258975936,6.1461418862264354,9.4007971246665818,0.0286911834187149,0.5670712823170329,0.0212371862378000,0.0521250000000000,0.9999666507649275,0.9938575151205040,2.9000815588186413,114.4771513657831576,110.8326164015609834,0.3780963384374495,0.4432047118835060,0.0000000000000000,0.0000000000000000
46,581.3981456557637557,572.8880628365102439,1164.7100563389128638,87.0651689570236584,19.7588958203530076,494.3329766987401399,9.6923210361561871,9.6923210361561871,24748.7280648162741272,0.0000000000000000,0.0000000000000000,1.0148547043852127,1.1138246722035465,-2.8978052277110127,6.1463038562100065,9.4004970488923476,0.0286920033610086,0.5670671787649513,0.0212371862378000,0.0521250000000000,0.9999660089905438,0.9938596416131585,2.8992428830462984,114.4762433834627160,110.8327924533041795,0.3780950689219181,0.4432057210572621,0.0000000000000000,0.0000000000000000
47,581.3963456296652339,572.8843193078391778,1164.7059860120782560,87.0651839735828332,19.7588758157667996,494.3311616560823722,9.6923113880755167,9.6923113880755167,24748.7280661158802104,0.0000000000000000,0.0000000000000000,1.0148581939406376,1.1138114973867765,-2.8974355712430810,6.1464472683265710,9.4002273991285374,0.0286927353184730,0.5670635165246095,0.0212371862378000,0.0521250000000000,0.9999654337673873,0.9938615472949088,2.8984907902983252,114.4754091532074938,110.8329303758673632,0.3780939306069814,0.4432066261939854,0.0000000000000000,0.0000000000000000
48,581.3946355875339123,572.8808760200690813,1164.7021426421501928,87.0651916959830601,19.7588577597323116,494.3294438915509090,9.6923022587634087,9.6923022587634087,24748.7280674518806336,0.0000000000000000,0.0000000000000000,1.0148613087359659,1.1137997371173873,-2.8971050793118511,6.1465741748238480,9.3999850024405358,0.0286933887262307,0.5670602482040831,0.0212371862378000,0.0521250000000000,0.9999649181921434,0.9938632550819284,2.8978163153412737,114.4746420793516535,110.8330351521065609,0.3780929098775994,0.4432074380767591,0.0000000000000000,0.0000000000000000
49,581.3930111548214654,572.8777059413702091,1164.6985127837906475,87.0651931621530650,19.7588414611694283,494.3278179926684288,9.6922936204523005,9.6922936204523005,24748.7280688246355567,0.0000000000000000,0.0000000000000000,1.0148640890108624,1.1137892395482143,-2.8968095749880192,6.1466864047693024,9.3997670214936679,0.0286939720087703,0.5670573314947867,0.0212371862378000,0.0521250000000000,0.9999644560773145,0.9938647855141416,2.8972114222227816,114.4739361958013433,110.8331111952099519,0.3780919945338119,0.4432081663685650,0.0000000000000000,0.0000000000000000
50,581.3914681594734475,572.8747846784692683,1164.6950838651359845,87.0651892925375677,19.7588267477587820,494.3262788669359225,9.6922854469412556,9.6922854469412556,24748.7280702346324688,0.0000000000000000,0.0000000000000000,1.0148665706866191,1.1137798691244252,-2.8965453280717002,6.1467855880994451,9.3995709188316283,0.0286944926879765,0.5670547286270038,0.0212371862378000,0.0521250000000000,0.9999640418770496,0.9938661570013858,2.8966689079238535,114.4732861036569602,110.8331624105241673,0.3780911736436271,0.4432088197287045,0.0000000000000000,0.0000000000000000
51,581.3900026237524798,572.8720902070027705,1164.6918441248335512,87.0651809026502121,19.7588134641028965,494.3248217211023530,9.6922777135018716,9.6922777135018716,24748.7280716822933755,0.0000000000000000,0.0000000000000000,1.0148687858290877,1.1137715048370773,-2.8963090072863125,6.1468731770968947,9.3993944249644983,0.0286949574796587,0.5670524058835855,0.0212371862378000,0.0521250000000000,0.9999636706206601,0.9938673860440690,2.8961823160189653,114.4726869151564728,110.8331922508216962,0.3780904374112240,0.4432094059170868,0.0000000000000000,0.0000000000000000
52,581.3886107562918824,572.8696026301109896,1164.6887825541614347,87.0651687143554938,19.7588014700661638,494.3234420419364596,9.6922703967904340,9.6922703967904340,24748.7280731681348698,0.0000000000000000,0.0000000000000000,1.0148707630620810,1.1137640386635710,-2.8960976375833276,6.1469504655672154,9.3992355098621072,0.0286953723797916,0.5670503331656458,0.0212371862378000,0.0521250000000000,0.9999633378530126,0.9938684874310300,2.8957458592677483,114.4721342032709686,110.8332037657206115,0.3780897770588230,0.4432099318877144,0.0000000000000000,0.0000000000000000
53,581.3872889443796339,572.8673039622760825,1164.6858888437716359,87.0651533660140302,19.7587906392777910,494.3221355783655326,9.6922634747658503,9.6922634747658503,24748.7280746925462154,0.0000000000000000,0.0000000000000000,1.0148725279365300,1.1137573741750462,-2.8959085620125098,6.1470186059600564,9.3990923574888132,0.0286957427415572,0.5670484836047147,0.0212371862378000,0.0521250000000000,0.9999630395810882,0.9938694744169194,2.8953543502324663,114.4716239563855851,110.8331996458539237,0.3780891847208366,0.4432104038724466,0.0000000000000000,0.0000000000000000
54,581.3860337464791428,572.8651779357381884,1164.6831533346762626,87.0651354216051203,19.7587808577814101,494.3208983248739514,9.6922569266129290,9.6922569266129290,24748.7280762560149014,0.0000000000000000,0.0000000000000000,1.0148741032601161,1.1137514252928804,-2.8957394076702396,6.1470786246538278,9.3989633430551720,0.0286960733441649,0.5670468332163825,0.0212371862378000,0.0521250000000000,0.9999627722260829,0.9938703588812110,2.8950031390896385,114.4711525375522285,110.8331822623433567,0.3780886533490189,0.4432108274560642,0.0000000000000000,0.0000000000000000
55,581.3848418850067219,572.8632098271217501,1164.6805669731031685,87.0651153789305852,19.7587720228171371,494.3197265060761083,9.6922507326706455,9.6922507326706455,24748.7280778589920374,0.0000000000000000,0.0000000000000000,1.0148755093915991,1.1137461151784003,-2.8955880552917446,6.1471314355988627,9.3988470126969101,0.0286963684543206,0.5670453605910365,0.0212371862378000,0.0521250000000000,0.9999625325804679,0.9938711514707509,2.8946880578907184,114.4707166478450659,110.8331537020674489,0.3780881766274785,0.4432112076435224,0.0000000000000000,0.0000000000000000
56,581.3837102393487157,572.8613863021269026,1164.6781212688956657,87.0650936769994814,19.7587640417216974,494.3186165623493480,9.6922448743650129,9.6922448743650129,24748.7280795019833022,0.0000000000000000,0.0000000000000000,1.0148767645035988,1.1137413752415721,-2.8954526120983513,6.1471778524944369,9.3987420653225158,0.0286966318811277,0.5670440466176996,0.0212371862378000,0.0521250000000000,0.9999623177694865,0.9938718617275808,2.8944053705842663,114.4703132933912713,110.8331157991793532,0.3780877488965050,0.4432115489202430,0.0000000000000000,0.0000000000000000
57,581.3826358391222584,572.8596952763714398,1164.6758082571498107,87.0650707026649542,19.7587568309380472,494.3175651364572332,9.6922393341462385,9.6922393341462385,24748.7280811853634077,0.0000000000000000,0.0000000000000000,1.0148778848172220,1.1137371442559032,-2.8953313875504811,6.1472185996566484,9.3986473363966709,0.0286968670251189,0.5670428742374475,0.0212371862378000,0.0521250000000000,0.9999621252166548,0.9938724982034732,2.8941517282424201,114.4699397557260028,110.8330701632413735,0.3780873650843445,0.4432118553060984,0.0000000000000000,0.0000000000000000
58,581.3816158577019451,572.8581257907101190,1164.6736204628414271,87.0650467966162154,19.7587503151210058,494.3165690610858292,9.6922340954298694,9.6922340954298694,24748.7280829096562229,0.0000000000000000,0.0000000000000000,1.0148788848115351,1.1137333675682433,-2.8952228716974400,6.1472543217167672,9.3985617834542463,0.0286970769220453,0.5670418282232429,0.0212371862378000,0.0521250000000000,0.9999619526128281,0.9938730685626480,2.8939241289115358,114.4695935651115377,110.8330182043626877,0.3780870206460531,0.4432121304038116,0.0000000000000000,0.0000000000000000
59,581.3806476059879742,572.8566678994869790,1164.6715508681693336,87.0650222587641736,19.7587444263300647,494.3156253472237722,9.6922291425416347,9.6922291425416347,24748.7280846751273202,0.0000000000000000,0.0000000000000000,1.0148797774105627,1.1137299963933232,-2.8951257158462385,6.1472855922748648,9.3984844731594421,0.0286972642819763,0.5670408949833824,0.0212371862378000,0.0521250000000000,0.9999617978884712,0.9938735796738305,2.8937198816292664,114.4692724765303637,110.8329611556375909,0.3780867115087025,0.4432123774423230,0.0000000000000000,0.0000000000000000
60,581.3797285264187167,572.8553125703534761,1164.6695928823992290,87.0649973531071879,19.7587391033021547,494.3147311733115430,9.6922244606657628,9.6922244606657628,24748.7280864821586874,0.0000000000000000,0.0000000000000000,1.0148805741502456,1.1137269871839228,-2.8950387152999149,6.1473129216216327,9.3984145697446539,0.0286974315242181,0.5670400623859791,0.0212371862378000,0.0521250000000000,0.9999616591888085,0.9938740376927746,2.8935365741766219,114.4689744480822924,110.8329000931727819,0.3780864340222960,0.4432125993156350,0.0000000000000000,0.0000000000000000
61,581.3788561872387390,572.8540515944609979,1164.6677403140267870,87.0649723121266703,19.7587342907955588,494.3138838751120829,9.6922200357964936,9.6922200357964936,24748.7280883306120813,0.0000000000000000,0.0000000000000000,1.0148812853274760,1.1137243010686111,-2.8949607939457769,6.1473367636274396,9.3983513246826629,0.0286975808084916,0.5670393196022860,0.0212371862378000,0.0521250000000000,0.9999615348515452,0.9938744481362379,2.8933720441696380,114.4686976215386807,110.8328359539634675,0.3780861849157906,0.4432127986176228,0.0000000000000000,0.0000000000000000
62,581.3780282770024996,572.8528775059140798,1164.6659873450319083,87.0649473407553813,19.7587299389975328,494.3130809362470472,9.6922158546926038,9.6922158546926038,24748.7280902198835975,0.0000000000000000,0.0000000000000000,1.0148819201331505,1.1137219033497905,-2.8948909904940408,6.1473575218884653,9.3982940674594246,0.0286977140627717,0.5670386569668023,0.0212371862378000,0.0521250000000000,0.9999614233869004,0.9938748159482866,2.8932243531502309,114.4684403048345018,110.8327695518384530,0.3780859612576816,0.4432129776732308,0.0000000000000000,0.0000000000000000
63,581.3772425993278148,572.8517835095394730,1164.6643285071111222,87.0649226199848272,19.7587260029908620,494.3123199793429876,9.6922119048347284,9.6922119048347284,24748.7280921482924896,0.0000000000000000,0.0000000000000000,1.0148824867709370,1.1137197630556179,-2.8948284461918314,6.1473755552091980,9.3982421973310881,0.0286978330081442,0.5670380658523915,0.0212371862378000,0.0521250000000000,0.9999613234597091,0.9938751455597378,2.8930917633624773,114.4682009563087206,110.8327015916898119,0.3780857604207011,0.4432131385664118,0.0000000000000000,0.0000000000000000
64,581.3764970678821555,572.8507634160789621,1164.6627586596855508,87.0648983101354759,19.7587224422718002,494.3115987577466512,9.6922081743852999,9.6922081743852999,24748.7280941116987378,0.0000000000000000,0.0000000000000000,1.0148829925633016,1.1137178525399705,-2.8947723938524019,6.1473911824934921,9.3981951759587634,0.0286979391809991,0.5670375385587881,0.0212371862378000,0.0521250000000000,0.9999612338733784,0.9938754409414405,2.8929727169344375,114.4679781705063562,110.8326326821594279,0.3780855800501740,0.4432132831651794,0.0000000000000000,0.0000000000000000
65,581.3757897015979097,572.8498115840378659,1164.6612729695750659,87.0648745538366455,19.7587192203165642,494.3109151477611931,9.6922046521509362,9.6922046521509362,24748.7280961010546889,0.0000000000000000,0.0000000000000000,1.0148834440461525,1.1137161471253740,-2.8947221480609580,6.1474046871067749,9.3981525208287522,0.0286980339528457,0.5670370682130621,0.0212371862378000,0.0521250000000000,0.9999611535555123,0.9938757056520215,2.8928658172262800,114.4677706653995699,110.8325633469498968,0.3780854180356860,0.4432134131440271,0.0000000000000000,0.0000000000000000
66,581.3751186201329801,572.8489228675124423,1164.6598668922188153,87.0648514787591097,19.7587163041891749,494.3102671413739699,9.6922013275471102,9.6922013275471102,24748.7280980960495071,0.0000000000000000,0.0000000000000000,1.0148838470533224,1.1137146247842256,-2.8946770964292581,6.1474163207672579,9.3981137993733004,0.0286981185480036,0.5670366486807620,0.0212371862378000,0.0521250000000000,0.9999610815450192,0.9938759428807066,2.8927698121008660,114.4675772708695831,110.8324940349147454,0.3780852724856797,0.4432135300040429,0.0000000000000000,0.0000000000000000
67,581.3744820395538682,572.8480925693559129,1164.6585361543102408,87.0648292001188935,19.7587136641888641,494.3096528394348752,9.6921981905649819,9.6921981905649819,24748.7281000496805063,0.0000000000000000,0.0000000000000000,1.0148842067919877,1.1137132658542415,-2.8946366917876647,6.1474263070162447,9.3980786237177192,0.0286981940593974,0.5670362744865910,0.0212371862378000,0.0521250000000000,0.9999610169805693,0.9938761554856688,2.8926835789436041,114.4673969183393325,110.8324251290416100,0.3780851417047110,0.4432136350909066,0.0000000000000000,0.0000000000000000
68,581.3738782682402189,572.8473163991410502,1164.6572767377513173,87.0648078229954194,19.7587112735310306,494.3090704452448563,9.6921952317402162,9.6921952317402162,24748.7281018453832075,0.0000000000000000,0.0000000000000000,1.0148845279099785,1.1137120527844617,-2.8946004452143921,6.1474348443130351,9.3980466459872876,0.0286982614626561,0.5670359407435970,0.0212371862378000,0.0521250000000000,0.9999609590902321,0.9938763460284462,2.8926061112177024,114.4672286314247884,110.8323569544722460,0.3780850241730536,0.4432137296110434,0.0000000000000000,0.0000000000000000
69,581.3733057030232203,572.8465904354272880,1164.6560848648464344,87.0647874444833150,19.7587091080605823,494.3085182585399480,9.6921924421237176,9.6921924421237176,24748.7281031681013701,0.0000000000000000,0.0000000000000000,1.0148848145558738,1.1137109699084964,-2.8945679198110952,6.1474421087952873,9.3980175541134265,0.0286983216287041,0.5670356430899439,0.0212371862378000,0.0521250000000000,0.9999609071822063,0.9938765168047498,2.8925365064297353,114.4670715175206652,110.8322897856361067,0.3780849185284409,0.4432138146460663,0.0000000000000000,0.0000000000000000
70,581.3727628255331865,572.8459110918806800,1164.6549569846376926,87.0647681557106949,19.7587071459931423,494.3079946698225058,9.6921898132541084,9.6921898132541084,24748.7281030917911266,0.0000000000000000,0.0000000000000000,1.0148850704326400,1.1137100032421205,-2.8945387251457708,6.1474482567407476,9.3979910680866983,0.0286983753349982,0.5670353776324897,0.0212371862378000,0.0521250000000000,0.9999608606365009,0.9938766698721032,2.8924739553335712,114.4669247602172106,110.8322238526162806,0.3780848235497055,0.4432138911657333,0.0000000000000000,0.0000000000000000
71,581.3722481987776973,572.8452750868747216,1164.6538897603143141,87.0647500437450503,19.7587053676814968,494.3074981550325901,9.6921873371319158,9.6921873371319158,24748.7280987013691629,0.0000000000000000,0.0000000000000000,1.0148852988455039,1.1137091403026174,-2.8945125122919126,6.1474534267621888,9.3979669366091176,0.0286984232755613,0.5670351408963991,0.0212371862378000,0.0521250000000000,0.9999608188974815,0.9938768070746169,2.8924177322536622,114.4667876124674279,110.8321593468205464,0.3780847381421159,0.4432139600395529,0.0000000000000000,0.0000000000000000
72,581.3717604639377896,572.8446794162031210,1164.6528800576418234,87.0647331934150657,19.7587037554052003,494.3070272705226671,9.6921850061952863,9.6921850061952863,24748.7280009460264409,0.0000000000000000,0.0000000000000000,1.0148855027446966,1.1137083699474801,-2.8944889693982603,6.1474577417655665,9.3979449341024992,0.0286984660699398,0.5670349297801736,0.0212371862378000,0.0521250000000000,0.9999607814671917,0.9938769300651906,2.8923671864126135,114.4666593904368455,110.8320964260379498,0.3780846613242401,0.4432140220471835,0.0000000000000000,0.0000000000000000
73,581.3712983373679890,572.8441213285917684,1164.6519249343191404,87.0647176890569199,19.7587022931809244,494.3065806483109554,9.6921828132972330,9.6921828132972330,24748.7279929821052065,0.0000000000000000,0.0000000000000000,1.0148856847635952,1.1137076822304715,-2.8944678177347605,6.1474613106955687,9.3979248580361361,0.0286985042711991,0.5670347415155025,0.0212371862378000,0.0521250000000000,0.9999607478993676,0.9938770403254107,2.8923217341597223,114.4665394679641253,110.8320352189427922,0.3780845922161793,0.4432140778877461,0.0000000000000000,0.0000000000000000
74,581.3708606078370167,572.8435983037533106,1164.6510216302585832,87.0647036162305028,19.7587009665913698,494.3061569916065991,9.6921807516842442,9.6921807516842442,24748.7279901613328548,0.0000000000000000,0.0000000000000000,1.0148858472527820,1.1137070682731063,-2.8944488081614734,6.1474642300930729,9.3979065265389892,0.0286985383730622,0.5670345736314180,0.0212371862378000,0.0521250000000000,0.9999607177940713,0.9938771391834046,2.8922808519977679,114.4664272715754265,110.8319758291214754,0.3780845300290215,0.4432141281881736,0.0000000000000000,0.0000000000000000
75,581.3704461339656291,572.8431080327028440,1164.6501675587094269,87.0646910634036288,19.7586997626314975,494.3057550705619860,9.6921788149762520,9.6921788149762520,24748.7279890555037127,0.0000000000000000,0.0000000000000000,1.0148859923104390,1.1137065201499408,-2.8944317179765529,6.1474665854840103,9.3978897762667177,0.0286985688162822,0.5670344239222995,0.0212371862378000,0.0521250000000000,0.9999606907928847,0.9938772278298300,2.8922440703380943,114.4663222760015486,110.8319183386611968,0.3780844740554024,0.4432141735106776,0.0000000000000000,0.0000000000000000
76,581.3700538418989936,572.8426484001491872,1164.6493602981865934,87.0646801236343606,19.7586986695692204,494.3053737182646046,9.6921769971478469,9.6921769971478469,24748.7279885686657508,0.0000000000000000,0.0000000000000000,1.0148861218094800,1.1137060307861890,-2.8944163481024185,6.1474684526182379,9.3978744604966060,0.0286985959943305,0.5670342904193175,0.0212371862378000,0.0521250000000000,0.9999606665746029,0.9938773073322110,2.8922109679026562,114.4662240001495661,110.8318628113578228,0.3780844236610362,0.4432142143594566,0.0000000000000000,0.0000000000000000
77,581.3696827231992756,572.8422174687431152,1164.6485975852106094,87.0646708962804041,19.7586976768203364,494.3050118269188715,9.6921752925106937,9.6921752925106937,24748.7279883268965932,0.0000000000000000,0.0000000000000000,1.0148862374217755,1.1137055938663263,-2.8944025205739221,6.1474698985749789,9.3978604474264156,0.0286986202584753,0.5670341713649174,0.0212371862378000,0.0521250000000000,0.9999606448513657,0.9938773786478241,2.8921811666914721,114.4661320034800838,110.8318092955987453,0.3780843782771348,0.4432142511866916,0.0000000000000000,0.0000000000000000
78,581.3693318329598014,572.8418134650135016,1164.6478773077751612,87.0646634887407345,19.7586967748358191,494.3046683442190670,9.6921736956971021,9.6921736956971021,24748.7279881914510042,0.0000000000000000,0.0000000000000000,1.0148863406397743,1.1137052037524959,-2.8943900762958243,6.1474709827493621,9.3978476186552395,0.0286986419223147,0.5670340651900665,0.0212371862378000,0.0521250000000000,0.9999606253652078,0.9938774426351985,2.8921543274931167,114.4660458827714820,110.8317578269311952,0.3780843373936185,0.4432142843979178,0.0000000000000000,0.0000000000000000
79,581.3690002881597820,572.8414347668489199,1164.6471974995729397,87.0646580182614116,19.7586959549995456,494.3043422698982567,9.6921722016446648,9.6921722016446648,24748.7279881060239859,0.0000000000000000,0.0000000000000000,1.0148864327958078,1.1137048554116882,-2.8943788730414122,6.1474717577330953,9.3978358678279044,0.0286986612658230,0.5670339704939208,0.0212371862378000,0.0521250000000000,0.9999606078849474,0.9938775000644892,2.8921301458340878,114.4659652692112815,110.8317084303905773,0.3780843005530196,0.4432143143568499,0.0000000000000000,0.0000000000000000
80,581.3686872662514133,572.8410798923771381,1164.6465563349322565,87.0646546138248993,19.7586952095376205,494.3040326524265993,9.6921708055819700,9.6921708055819700,24748.7279880457754189,0.0000000000000000,0.0000000000000000,1.0148865150793243,1.1137045443507319,-2.8943687836663665,6.1474722701008968,9.3978250994256012,0.0286986785389637,0.5670338860256815,0.0212371862378000,0.0521250000000000,0.9999605922034168,0.9938775516267346,2.8921083483661363,114.4658898258122548,110.8316611225879598,0.3780842673450474,0.4432143413896723,0.0000000000000000,0.0000000000000000
81,581.3683920039943587,572.8407474901304113,1164.6459521244667030,87.0646534181452409,19.7586945314347489,494.3037385858490325,9.6921695030153110,9.6921695030153110,24748.7279879990273912,0.0000000000000000,0.0000000000000000,1.0148865885522764,1.1137042665582773,-2.8943596945148640,6.1474725611131404,9.3978152276875093,0.0286986939649120,0.5670338106683936,0.0212371862378000,0.0521250000000000,0.9999605781349683,0.9938775979421940,2.8920886896136437,114.4658192451058341,110.8316159136095536,0.3780842374016883,0.4432143657889239,0.0000000000000000,0.0000000000000000
82,581.3681137965479593,572.8404363303949367,1164.6453833114403551,87.0646545897938466,19.7586939143604674,494.3034592067540416,9.6921682897163635,9.6921682897163635,24748.7279879600682762,0.0000000000000000,0.0000000000000000,1.0148866541628612,1.1137040184529963,-2.8943515039974352,6.1474726673442914,9.3978061756501106,0.0286987077429348,0.5670337434244754,0.0212371862378000,0.0521250000000000,0.9999605655132418,0.9938776395678223,2.8920709490561762,114.4657532471001531,110.8315728087474525,0.3780842103928381,0.4432143878169406,0.0000000000000000,0.0000000000000000
83,581.3678519968224236,572.8401452976460178,1164.6448484688294229,87.0646583054784600,19.7586933526018065,494.3031936913440632,9.6921671617108167,9.6921671617108167,24748.7279879258821893,0.0000000000000000,0.0000000000000000,1.0148867127577894,1.1137037968373535,-2.8943441213223897,6.1474726212451944,9.3977978742918999,0.0286987200509577,0.5670336834028086,0.0212371862378000,0.0521250000000000,0.9999605541891703,0.9938776770039678,2.8920549285184620,114.4656915774860408,110.8315318100813869,0.3780841860223813,0.4432144077089546,0.0000000000000000,0.0000000000000000
84,581.3676060151249203,572.8398733840107298,1164.6443462971183180,87.0646647625094090,19.7586928410030183,494.3029412526154829,9.6921661152679146,9.6921661152679146,24748.7279878950212151,0.0000000000000000,0.0000000000000000,1.0148867650932489,1.1137035988563366,-2.8943374653645275,6.1474724516469195,9.3977902617730660,0.0286987310478581,0.5670336298071984,0.0212371862378000,0.0521250000000000,0.9999605440291869,0.9938777107004150,2.8920404498163208,114.4656340060606539,110.8314929179476565,0.3780841640246815,0.4432144256758627,0.0000000000000000,0.0000000000000000
85,581.3673753190813613,572.8396196836665695,1164.6438756228178590,87.0646741814771445,19.7586923749108720,494.3027011376042310,9.6921651468909076,9.6921651468909076,24748.7279878666522563,0.0000000000000000,0.0000000000000000,1.0148868118446901,1.1137034219606345,-2.8943314636570845,6.1474721842125755,9.3977832827607699,0.0286987408755099,0.5670335819260824,0.0212371862378000,0.0521250000000000,0.9999605349136175,0.9938777410617916,2.8920273526493077,114.4655803253685349,110.8314561323055898,0.3780841441614339,0.4432144419067086,0.0000000000000000,0.0000000000000000
86,581.3671594338865134,572.8393833881478940,1164.6434353977329010,87.0646868091673127,19.7586919501257867,494.3024726247191438,9.6921642533083752,9.6921642533083752,24748.7279878403824114,0.0000000000000000,0.0000000000000000,1.0148868536155802,1.1137032638737572,-2.8943260514929658,6.1474718418436289,9.3977768878310695,0.0286987496606096,0.5670335391233277,0.0212371862378000,0.0521250000000000,0.9999605267352486,0.9938777684524422,2.8920154927074151,114.4655303495372891,110.8314214540234843,0.3780841262188512,0.4432144565708982,0.0000000000000000,0.0000000000000000
87,581.3669579428745919,572.8391637824923919,1164.6430246990169053,87.0647029217621053,19.7586915628576314,494.3022550211125008,9.6921634314664402,9.6921634314664402,24748.7279878159279178,0.0000000000000000,0.0000000000000000,1.0148868909452222,1.1137031225626877,-2.8943211711246679,6.1474714450457357,9.3977710329405451,0.0286987575163032,0.5670335008300271,0.0212371862378000,0.0521250000000000,0.9999605193980371,0.9938777932008106,2.8920047399669926,114.4654839133028332,110.8313888861083285,0.3780841100051443,0.4432144698201791,0.0000000000000000,0.0000000000000000
88,581.3667704884524028,572.8389602422155349,1164.6426427300334581,87.0647228283521457,19.7586912096856437,494.3020476601002429,9.6921626785218464,9.6921626785218464,24748.7279877931905503,0.0000000000000000,0.0000000000000000,1.0148869243157466,1.1137029962117195,-2.8943167710528197,6.1474710122588911,9.3977656789613029,0.0286987645436393,0.5670334665371539,0.0212371862378000,0.0521250000000000,0.9999605128159526,0.9938778156033989,2.8919949771548943,114.4654408712099638,110.8313584348940708,0.3780840953482588,0.4432144817904201,0.0000000000000000,0.0000000000000000
89,581.3665967734148126,572.8387722310708341,1164.6422888220731693,87.0647468748055502,19.7586908875220928,494.3018498986093618,9.6921619918359010,9.6921619918359010,24748.7279877721412049,0.0000000000000000,0.0000000000000000,1.0148869541583752,1.1137028831990665,-2.8943128053929525,6.1474705601569832,9.3977607912727077,0.0286987708328635,0.5670334357890102,0.0212371862378000,0.0521250000000000,0.9999605069119448,0.9938778359283170,2.8919860983732093,114.4654010969881170,110.8313301111971043,0.3780840820938451,0.4432144926032027,0.0000000000000000,0.0000000000000000
90,581.3664365626590325,572.8385992995748666,1164.6419624369732446,87.0647754480362011,19.7586905935787875,494.3016611146227888,9.6921613689693231,9.6921613689693231,24748.7279877526634664,0.0000000000000000,0.0000000000000000,1.0148869808590260,1.1137027820760084,-2.8943092333136207,6.1474701039202815,9.3977563394057970,0.0286987764645752,0.5670334081773485,0.0212371862378000,0.0521250000000000,0.9999605016170073,0.9938778544184734,2.8919780078594357,114.4653644830860344,110.8313039314538315,0.3780840701034228,0.4432145023672655,0.0000000000000000,0.0000000000000000
91,581.3662896853375059,572.8384410842913894,1164.6416631706865701,87.0648089807117884,19.7586903253317452,494.3014807046256465,9.6921608076779666,9.6921608076779666,24748.7279877348919399,0.0000000000000000,0.0000000000000000,1.0148870047633398,1.1137026915482495,-2.8943060185379519,6.1474696574853436,9.3977522967359732,0.0286987815107603,0.5670333833360992,0.0212371862378000,0.0521250000000000,0.9999604968692906,0.9938778712944107,2.8919706188686689,114.4653309403413743,110.8312799188306883,0.3780840592526316,0.4432145111799268,0.0000000000000000,0.0000000000000000
92,581.3661560374339388,572.8382973078233817,1164.6413907578496492,87.0648479564314215,19.7586900804741603,494.3013080810026167,9.6921603059094661,9.6921603059094661,24748.7279877186992962,0.0000000000000000,0.0000000000000000,1.0148870261811913,1.1137026104592327,-2.8943031289022221,6.1474692337771000,9.3977486402217085,0.0286987860357215,0.5670333609366056,0.0212371862378000,0.0521250000000000,0.9999604926131905,0.9938778867565599,2.8919638527125215,114.4653003977239649,110.8312581041847551,0.3780840494293322,0.4432145191287608,0.0000000000000000,0.0000000000000000
93,581.3660355846603807,572.8381677794029656,1164.6411450773446177,87.0648929153431652,19.7586898568127900,494.3011426693173007,9.6921598618008495,9.6921598618008495,24748.7279877042965381,0.0000000000000000,0.0000000000000000,1.0148870453907000,1.1137025377752838,-2.8943005359705074,6.1474688449278494,9.3977453501931958,0.0286987900969177,0.5670333406835883,0.0212371862378000,0.0521250000000000,0.9999604887980429,0.9938779009863162,2.8919576380039729,114.4652728018802179,110.8312385264894573,0.3780840405306155,0.4432145262947019,0.0000000000000000,0.0000000000000000
94,581.3659283652131080,572.8380523957167725,1164.6409261586968569,87.0649444599373226,19.7586896519400455,494.3009839052757570,9.6921594736771421,9.6921594736771421,24748.7279876917273214,0.0000000000000000,0.0000000000000000,1.0148870626415811,1.1137024725730937,-2.8942982147257110,6.1474685024851494,9.3977424102163987,0.0286987937456799,0.5670333223134870,0.0212371862378000,0.0521250000000000,0.9999604853752642,0.9938779141433600,2.8919519104458971,114.4652481155214758,110.8312212311473672,0.3780840324552125,0.4432145327610126,0.0000000000000000,0.0000000000000000
95,581.3658344907389619,572.8379511407838436,1164.6407341887927487,87.0650032600164110,19.7586894619869931,494.3008312307224514,9.6921591400511620,9.6921591400511620,24748.7279876812863222,0.0000000000000000,0.0000000000000000,1.0148870781570463,1.1137024140330554,-2.8942961434468488,6.1474682175866304,9.3977398071365386,0.0286987970274859,0.5670333056046509,0.0212371862378000,0.0521250000000000,0.9999604822900240,0.9938779263503875,2.8919466143334063,114.4652263109809809,110.8312062603838655,0.3780840250769733,0.4432145386466765,0.0000000000000000,0.0000000000000000
96,581.3657541405110578,572.8378640817484211,1164.6405695189630478,87.0650700537433124,19.7586892763570923,494.3006840867677738,9.6921588596248629,9.6921588596248629,24748.7279876735410653,0.0000000000000000,0.0000000000000000,1.0148870921310915,1.1137023614564612,-2.8942943042875635,6.1474680009434906,9.3977375317323393,0.0286987999799903,0.5670332904470373,0.0212371862378000,0.0521250000000000,0.9999604794553223,0.9938779376363149,2.8919417096808360,114.4652073442131268,110.8311936139732126,0.3780840181356857,0.4432145442494740,0.0000000000000000,0.0000000000000000
97,581.3656875389440302,572.8377913570521969,1164.6404326875849620,87.0651456385652693,19.7586890530455648,494.3005419003786756,9.6921586312934114,9.6921586312934114,24748.7279876701613830,0.0000000000000000,0.0000000000000000,1.0148871047101993,1.1137023143892990,-2.8942926868035892,6.1474678619257785,9.3977355818700516,0.0286988026200144,0.5670332772023166,0.0212371862378000,0.0521250000000000,0.9999604766798718,0.9938779477565448,2.8919371966638892,114.4651910459377433,110.8311830968580551,0.3780840107281314,0.4432145507385167,0.0000000000000000,0.0000000000000000
98,581.3656349410883877,572.8377332055206352,1164.6403246239115106,87.0652308677417324,19.7586885889938415,494.3004040733466127,9.6921584541545904,9.6921584541545904,24748.7279876730281103,0.0000000000000000,0.0000000000000000,1.0148871159164863,1.1137022732579251,-2.8942913053222359,6.1474678042144895,9.3977339783662526,0.0286988048794595,0.5670332684554840,0.0212371862378000,0.0521250000000000,0.9999604735569478,0.9938779557705455,2.8919331801855037,114.4651766284129479,110.8311737198097831,0.3780839986271488,0.4432145639359845,0.0000000000000000,0.0000000000000000
99,581.3655971581426911,572.8376907155123945,1164.6402484384379932,87.0653269891824806,19.7586867612572625,494.3002701689601963,9.6921583275227263,9.6921583275227263,24748.7279876605425670,0.0000000000000000,0.0000000000000000,1.0148871252378284,1.1137022428627970,-2.8942902954989744,6.1474678115622305,9.3977328643284643,0.0286988063176042,0.5670332773384471,0.0212371862378000,0.0521250000000000,0.9999604701528784,0.9938779602091736,2.8919299204626299,114.4651601969989230,110.8311612145077305,0.3780839584975924,0.4432146172407265,0.0000000000000000,0.0000000000000000
100,581.3655807449781605,572.8376555769749530,1164.6402064209987657,87.0655099506246586,19.7586864760948799,494.3000707943535872,9.6921582508696993,9.6921582508696993,25243.7025472167842963,0.0000000000000000,0.0000000000000000,1.0148871588398178,1.1137020065256920,-2.8942833696965780,6.1474714543252311,9.3977289053220225,0.0286988197668452,0.5670331744424119,0.0212371862378000,0.0521250000000000,0.9999604622436896,0.9938779930164410,2.8919151891417556,114.4651457390446012,110.8311653857453933,0.3780839344202793,0.4432146295495979,0.0000000000000000,0.0000000000000000
