period,rgdp,ngdp,y,x,lf,c,W,sW,cW,ceW1,ceW2,rer0,tot0,nx0,rex0,rim0,exrate0,exitrate0,tau0,ntb0,rer1,tot1,nx1,rex1,rim1,exrate1,exitrate1,tau1,ntb1
0,2283.6422206756560627,2283.6422195926852510,4715.7684542781362325,335.1221309067714742,21.9934821541111312,1948.5200897688846453,38.2074735851566771,38.2069958743838569,97426.0045541613217210,0.0000000000000000,0.0000000000000000,1.0000000004742295,0.9999999662391845,1.0975563660986172,16.6010367488486352,15.5034803827500181,0.0410000016312821,0.4499999758839929,0.0000000000000000,0.0000000000000000,1.0000000042333628,0.9999999766111417,-1.0975525147059813,111.0969817775243342,112.1945342922303155,0.0999999921019760,0.4500001145404950,0.0000000000000000,0.0000000000000000
1,2283.6422204627460815,2283.6422210499154062,4715.7684536340202612,335.1221309547056535,21.9934820159009021,1948.5200895080406553,38.2074975322256947,38.2070102667484619,97426.0046013075334486,0.0000000000000000,0.0000000000000000,0.9999999997428803,0.9999999644976434,1.0975564054998621,16.6010367632505442,15.5034803577506821,0.0410000020910262,0.4499999788933803,0.0000000000000000,0.0000000000000000,1.0000000040252186,0.9999999780547448,-1.0975529762677496,111.0969808234538618,112.1945337997216114,0.0999999895503917,0.4500001099980481,0.0000000000000000,0.0000000000000000
2,2283.6422204450182107,2283.6422218720081219,4715.7684530900751270,335.1221311084918852,21.9934819564427109,1948.5200893365263255,38.2075219583693055,38.2070249470738261,97426.0046218303177739,0.0000000000000000,0.0000000000000000,0.9999999993751252,0.9999999648871720,1.0975563732514111,16.6010367535869818,15.5034803803355707,0.0410000021886089,0.4499999800317788,0.0000000000000000,0.0000000000000000,1.0000000038386814,0.9999999793538922,-1.0975534030617808,111.0969804509572469,112.1945338540190278,0.0999999886685591,0.4500001087591122,0.0000000000000000,0.0000000000000000
3,2283.6422204326522660,2283.6422225294036252,4715.7684525741678954,335.1221312517228625,21.9934819177577019,1948.5200891809295172,38.2075468731352359,38.2070399210845792,97426.0046365719026653,0.0000000000000000,0.0000000000000000,0.9999999990818391,0.9999999656689892,1.0975563276769478,16.6010367338620739,15.5034804061851261,0.0410000021689000,0.4499999806162347,0.0000000000000000,0.0000000000000000,1.0000000036176646,0.9999999803579737,-1.0975537597452814,111.0969802419138546,112.1945340016591359,0.0999999882939624,0.4500001085870699,0.0000000000000000,0.0000000000000000
4,2283.8212279694057543,2283.9801771874772385,4715.9731664742648718,335.1762816833397096,21.9793132981862094,1948.6449462860659878,38.2075722862909757,38.2070551946486674,97426.0046486660430674,38.2070546966442919,0.0000000000000000,0.9999304069187380,1.0005593182938193,1.0622478900359074,16.5740446113081603,15.5208279774107218,0.0409551541675888,0.4503220604760598,0.0000000000000000,0.0000000000000000,0.9999617370822237,1.0002333975291182,-1.1974823000932417,111.0290214807451434,112.2524895065909192,0.0999524251922825,0.4501780444217977,0.0000000000000000,0.0000000000000000
5,2284.2390329635891248,2286.0076289124049254,4716.3976733985900864,335.2755528530983042,21.9799511972267716,1948.9634801104912185,38.2075492439858948,38.2093357485011822,97426.0046588688564952,38.2070214270431237,38.2093733386687546,0.9992263385622832,1.0013517974027251,0.9722935225632554,16.5193363494591026,15.5690376052246133,0.0409585500663618,0.4499979245179305,0.0000000000000000,0.0000000000000000,0.9996592950370231,1.0006067519658202,-1.4663819588059255,110.8709800492649009,112.4041947634553225,0.0999385744836174,0.4501485487484673,0.0000000000000000,0.0000000000000000
6,2284.4129957358454703,2284.6557936721178521,4716.6558208409023791,335.3874140181316079,21.9455650299677174,1949.0255817177139761,38.2074008542984913,38.2092230764535188,97426.0046675196645083,38.2069865663541890,38.2092385105989720,0.9998937266887443,1.0010918842123955,1.0171596025376850,16.5618887961469774,15.5619244706907409,0.0410375663316224,0.4477717115852374,0.0000000000000000,0.0000000000000000,0.9998286543133655,1.0011874664612064,-1.5833750038362098,110.7822939717599411,112.4981418893512028,0.0997642884988708,0.4507796656378445,0.0000000000000000,0.0000000000000000
7,2284.4724933825305015,2283.0990591035420039,4716.7049730458638805,335.4305516318193554,21.9715067106927044,1949.0419417507114304,38.2072251550639521,38.2090838063401961,97426.0046748418972129,38.2069504869534740,38.2090971851272414,1.0006015657855352,0.9983518204949865,1.1735061817739680,16.7278114714489092,15.5256333932122583,0.0415165672671391,0.4417533621672353,0.0000000000000000,0.0000000000000000,0.9997667335158555,1.0017539232605259,-1.7668663190015508,110.7196918528936322,112.6838276060386903,0.0996983044786026,0.4506351063434039,0.0000000000000000,0.0000000000000000
8,2284.2690798028806967,2271.7903914596404320,4716.2939670285368265,335.4117126286780035,22.1083899216475821,1948.8573671742024089,38.2070395309342459,38.2070395309342459,97426.0046810096828267,38.2069126467137608,38.2089483855663161,1.0054928871915543,0.9917911062199820,1.7640059447844951,17.5408567231048806,15.6195948900363071,0.0430391965807561,0.4342833367273074,0.0000000000000000,0.0000000000000000,0.9999643999308508,1.0035517723197545,-2.1064362093386819,110.9176009593327308,113.4358914924196853,0.0997346486591486,0.4504537035661678,0.0000000000000000,0.0000000000000000
9,2283.9784386308219837,2275.7556774901577228,4716.1287254482922435,335.2361063274061621,22.0588967971736132,1948.7423323034154237,38.2069225487740241,38.2069225487740241,97426.0046861691516824,38.2068751943685854,38.2088009153014596,1.0036132003193188,0.9942526926943428,1.5273384945500510,17.1634930850041840,15.5312719321156720,0.0425299610042090,0.4457892523773136,0.0000000000000000,0.0000000000000000,0.9999994024142739,1.0018670214988921,-1.6452774332246349,111.0092889927027642,112.8704527155819619,0.0998736536308585,0.4499945871582157,0.0000000000000000,0.0000000000000000
10,2283.9366313822706616,2276.3595132966547681,4716.1034114991098249,335.2143520883813608,22.0542027441407846,1948.7222792938896418,38.2068483277688529,38.2068483277688529,97426.0046904469345463,38.2068386893617600,38.2086570730567061,1.0033286122167224,0.9950909816949066,1.4741162678488813,17.0979744299890868,15.5342425062457110,0.0422932778153323,0.4454629897960176,0.0000000000000000,0.0000000000000000,1.0000016250943902,1.0015745598340247,-1.5594639956862721,111.0377522099514920,112.7794427210555455,0.0999222565752847,0.4500612428610056,0.0000000000000000,0.0000000000000000
11,2283.9156020496502606,2276.4013741868138823,4716.0870866257928355,335.2054977983728463,22.0540020777765662,1948.7101042512776985,38.2067804850591841,38.2067804850591841,97426.0046939538588049,38.2068036809873917,38.2085190760783746,1.0033009239706336,0.9953069496251011,1.4622044924839415,17.0801599939348527,15.5322526032648334,0.0422038533391067,0.4451682151636980,0.0000000000000000,0.0000000000000000,1.0000087604353221,1.0014814008784754,-1.5299470228037393,111.0517502356724151,112.7533219454266060,0.0999417122597277,0.4500765335393984,0.0000000000000000,0.0000000000000000
12,2283.8982825378534471,2276.3192305324550944,4716.0710726998104292,335.1989530569870794,22.0548228950499130,1948.6993294808662540,38.2067160594184685,38.2067160594184685,97426.0046967880189186,38.2067701571539970,38.2083868882689686,1.0033295207033093,0.9952814023116259,1.4640292492770755,17.0778622977936152,15.5277706620635012,0.0421777164373896,0.4449974198102211,0.0000000000000000,0.0000000000000000,1.0000140278308201,1.0014437971535095,-1.5172010731969294,111.0587962069643879,112.7434050582762382,0.0999504450494887,0.4500792447140056,0.0000000000000000,0.0000000000000000
13,2283.8822861477028709,2276.2173653904492312,4716.0549105191248600,335.1932114079085068,22.0558387432661434,1948.6890747397947052,38.2066545701715086,38.2066545701715086,97426.0046990357222967,38.2067380627857958,38.2082602990053672,1.0033673940256316,0.9951813669544048,1.4697310719010499,17.0804073353175170,15.5229405558334825,0.0421758371285451,0.4449001155563307,0.0000000000000000,0.0000000000000000,1.0000181467984783,1.0014234404789750,-1.5098555181763373,111.0630041927587968,112.7380173253401665,0.0999550816740801,0.4500778250124880,0.0000000000000000,0.0000000000000000
14,2283.8672571863276062,2276.1195132312245732,4716.0388215914717875,335.1880301961501800,22.0568327030506701,1948.6792269901775398,38.2065958721588430,38.2065958721588430,97426.0047007741377456,38.2067073487445015,38.2081391202101344,1.0034039266875336,0.9950658775950376,1.4761304494751428,17.0842355512633439,15.5184172201712087,0.0421822928315393,0.4448381805046960,0.0000000000000000,0.0000000000000000,1.0000216474127404,1.0014092244208972,-1.5045067415130831,111.0660117515217991,112.7341185619392689,0.0999580888710955,0.4500750739887621,0.0000000000000000,0.0000000000000000
15,2283.8531132683847318,2276.0302253038971685,4716.0229623869863644,335.1833409847400276,22.0577488423856778,1948.6697722836443063,38.2065398616369691,38.2065398616369691,97426.0047020706988405,38.2066779703645025,38.2080231809091373,1.0034370756053752,0.9949540239867163,1.4822631116911325,17.0881780039579851,15.5143306099224603,0.0421910410225461,0.4447929945186800,0.0000000000000000,0.0000000000000000,1.0000247365166706,1.0013977150550595,-1.5000875958576927,111.0684277426083924,112.7308589194986865,0.0999603809417575,0.4500720438539376,0.0000000000000000,0.0000000000000000
16,2283.8398029589907310,2275.9496715557734206,4716.0074186762767567,335.1790980417059700,22.0585772335085828,1948.6607049172844199,38.2064864382547640,38.2064864382547640,97426.0047029855049914,38.2066498844294244,38.2079123152926314,1.0034667424775803,0.9948512680559068,1.4878721599670310,17.0918722495442452,15.5106716023105999,0.0421999223558300,0.4447565282199795,0.0000000000000000,0.0000000000000000,1.0000274983125770,1.0013877696358786,-1.4962373338045865,111.0704823116451365,112.7279785075713221,0.0999622981182998,0.4500691161251078,0.0000000000000000,0.0000000000000000
17,2283.8272767780981667,2275.8771395826470325,4715.9922401643107150,335.1752595524617959,22.0593213029438608,1948.6520172256359729,38.2064355018883717,38.2064355018883717,97426.0047035712050274,38.2066230479365601,38.2078063578523555,1.0034932189691528,0.9947585888390456,1.4929217728075752,17.0952261244808845,15.5074018341164575,0.0422082292173889,0.4447254125045121,0.0000000000000000,0.0000000000000000,1.0000299776300443,1.0013789570949938,-1.4928151150717923,111.0722711381583707,112.7253839265004132,0.0999639722779946,0.4500664122964780,0.0000000000000000,0.0000000000000000
18,2283.8154861776047255,2275.8118207353832076,4715.9774586693338279,335.1717864910151548,22.0599880186533852,1948.6436996865895708,38.2063869534154179,38.2063869534154179,97426.0047038747288752,38.2065974178164325,38.2077051423140546,1.0035168397357370,0.9946755572731590,1.4974421914806140,17.0982359545890397,15.5044806310032399,0.0422157763190716,0.4446981625943048,0.0000000000000000,0.0000000000000000,1.0000322060791482,1.0013710763669565,-1.4897513959828643,111.0738420286007084,112.7230312406779973,0.0999654604405160,0.4500639575262468,0.0000000000000000,0.0000000000000000
19,2283.8043847437979821,2275.7529660116692867,4715.9630959365022136,335.1686430243942709,22.0605848794534509,1948.6357417194035406,38.2063406954631262,38.2063406954631262,97426.0047039370256243,38.2065729510108127,38.2076085019939171,1.0035379141991143,0.9946013549713655,1.5014805405064582,17.1009251414993280,15.5018705965931662,0.0422225582992386,0.4446740318034528,0.0000000000000000,0.0000000000000000,1.0000342097123589,1.0013640057323587,-1.4870016106431621,111.0752249494582031,112.7208925655266398,0.0999667924584721,0.4500617435938140,0.0000000000000000,0.0000000000000000
20,2283.7939288078414393,2275.6999052682235742,4715.9491670245051864,335.1657966268991800,22.0611190123099377,1948.6281321809419751,38.2062966328585318,38.2062966328585318,97426.0047037942276802,38.2065496046549882,38.2075162705663516,1.0035567183181229,0.9945351057751640,1.5050854434010876,17.1033236295836595,15.4995382805308655,0.0422286269496703,0.4446525663921277,0.0000000000000000,0.0000000000000000,1.0000360113272866,1.0013576546032816,-1.4845313891886747,111.0764424107684931,112.7189462140310496,0.0999679878175831,0.4500597520849561,0.0000000000000000,0.0000000000000000
21,2283.7840775787417442,2275.6520411123933627,4715.9356819553968307,335.1632179422545050,22.0615969351294616,1948.6208596364867844,38.2062546728931167,38.2062546728931167,97426.0047034785820870,38.2065273362711650,38.2074282828726979,1.0035734973183219,0.9944759788072228,1.5083024553826192,17.1054612231628127,15.4974538807939020,0.0422340483146008,0.4446334378651976,0.0000000000000000,0.0000000000000000,1.0000376312673600,1.0013519475700023,-1.4823116476658669,111.0775131208916520,112.7171736466366667,0.0999690615390667,0.4500579625721909,0.0000000000000000,0.0000000000000000
22,2283.7747930583636844,2275.6088402398850121,4715.9226466805184828,335.1608805410680816,22.0620245293191637,1948.6139125172958302,38.2062147254865536,38.2062147254865536,97426.0047030175337568,38.2065061039431058,38.2073443756510400,1.0035884694566479,0.9944232160403699,1.5111729519026991,17.1073655724615570,15.4955908348512494,0.0422388882474142,0.4446163801048526,0.0000000000000000,0.0000000000000000,1.0000390877956571,1.0013468187589523,-1.4803168165441463,111.0784533479286580,112.7155584316274002,0.0999700262900279,0.4500563553426916,0.0000000000000000,0.0000000000000000
23,2283.7660398774505666,2275.5698258682991764,4715.9100637570472827,335.1587606532115728,22.0624070758866466,1948.6072792242393916,38.2061767032919377,38.2061767032919377,97426.0047024359082570,38.2064858664643054,38.2072643881578884,1.0036018292719382,0.9943761353631607,1.5137341024938529,17.1090617153638007,15.4939254500182582,0.0422432079315630,0.4446011650717506,0.0000000000000000,0.0000000000000000,1.0000403973371603,1.0013422095467943,-1.4785240891564655,111.0792774954058615,112.7140858172709841,0.0999708931834877,0.4500549122043326,0.0000000000000000,0.0000000000000000
24,2283.7577851115474914,2275.5345713716942555,4715.8979328812620224,335.1568369077970715,22.0627493078647277,1948.6009482037507041,38.2061405217624852,38.2061405217624852,97426.0047017549804877,38.2064665834599992,38.2071881626823000,1.0036137502999554,0.9943341260980929,1.5160191642060408,17.1105721224672855,15.4924365837462616,0.0422470628210226,0.4445875925307785,0.0000000000000000,0.0000000000000000,1.0000415746711031,1.0013380674035972,-1.4769130157527712,111.0799984020977718,112.7127425000016672,0.0999716721240588,0.4500536166353840,0.0000000000000000,0.0000000000000000
25,2283.7499980997563398,2275.5026948154259117,4715.8862513362237223,335.1550900923665495,22.0630554640120167,1948.5949080073896766,38.2061060991897961,38.2061060991897961,97426.0047009935515234,38.2064482154854801,38.2071155449628463,1.0036243873949793,0.9942966425759913,1.5180578482072349,17.1119168914605488,15.4911053648564856,0.0422505027139345,0.4445754849138032,0.0000000000000000,0.0000000000000000,1.0000426330971874,1.0013343451433976,-1.4754652254230223,111.0806275387009947,112.7115164624710673,0.0999723719924417,0.4500524537205418,0.0000000000000000,0.0000000000000000
26,2283.7426502736989278,2275.4738541699753114,4715.8750143768329508,335.1535029338317031,22.0633293392039498,1948.5891473398669405,38.2060733567194717,38.2060733567194717,97426.0047001676575746,38.2064307241034840,38.2070463845191881,1.0036338787582950,0.9942631975820848,1.5198766819578520,17.1131139731965298,15.4899149477495257,0.0422535721706150,0.4445646841433483,0.0000000000000000,0.0000000000000000,1.0000435845834152,1.0013310003443783,-1.4741642040874297,111.0811751602749666,112.7103968419652631,0.0999730007688646,0.4500514100254762,0.0000000000000000,0.0000000000000000
27,2283.7357149990925791,2275.4477430720180564,4715.8642155650995846,335.1520599007848773,22.0635743303619165,1948.5836550983080997,38.2060422183482515,38.2060422183482515,97426.0046992921561468,38.2064140719436836,38.2069805349096541,1.0036423477323568,0.9942333562276714,1.5214993443385989,17.1141793916054858,15.4888502942307298,0.0422563110083999,0.4445550492852019,0.0000000000000000,0.0000000000000000,1.0000444398987434,1.0013279948579035,-1.4729951039483211,111.0816504351002720,112.7093738162530343,0.0999735656299126,0.4500504734608531,0.0000000000000000,0.0000000000000000
28,2283.7291674296607198,2275.4240870493736111,4715.8538470625162518,335.1507470257133718,22.0637934778942721,1948.5784204039468932,38.2060126109056810,38.2060126109056810,97426.0046983786596684,38.2063982227466710,38.2069178539253187,1.0036499043969676,0.9942067303834541,1.5229469689515227,17.1151274464061700,15.4878979791988041,0.0422587547857107,0.4445464546203980,0.0000000000000000,0.0000000000000000,1.0000452087325347,1.0013252943762607,-1.4719445748650770,111.0820615578646624,112.7084385019206110,0.0999740730309990,0.4500496331519048,0.0000000000000000,0.0000000000000000
29,2283.7229843729960521,2275.4026401515438920,4715.8438998854844613,335.1495517451432420,22.0639895029229862,1948.5734326278529807,38.2059844640229684,38.2059844640229684,97426.0046974384458736,38.2063831413947099,38.2068582037294604,1.0036566469927704,0.9941829736764117,1.5242384163821843,17.1159708964256296,15.4870460173474438,0.0422609352491555,0.4445387879812197,0.0000000000000000,0.0000000000000000,1.0000458998021493,1.0013228680467550,-1.4710006135848772,111.0824158504572239,112.7075828630730996,0.0999745287790541,0.4500488793184225,0.0000000000000000,0.0000000000000000
30,2283.7171441672298897,2275.3831819391220961,4715.8343641277569986,335.1484627562140872,22.0641648406771189,1948.5686814110158593,38.2059577100911412,38.2059577100911412,97426.0046964800712885,38.2063687939311620,38.2068014509505076,1.0036626631919663,0.9941617770109169,1.5253905178562270,17.1167211242059345,15.4862837085128469,0.0422628807381867,0.4445319492849305,0.0000000000000000,0.0000000000000000,1.0000465209498979,1.0013206881251884,-1.4701524283167515,111.0827198522659103,112.7067996290468415,0.0999749380974853,0.4500482031657337,0.0000000000000000,0.0000000000000000
31,2283.7116265678814671,2275.3655147931394822,4715.8252291542703460,335.1474698879131324,22.0643216704273719,1948.5641566799686188,38.2059322842104550,38.2059322842104550,97426.0046955118596088,38.2063551475703775,38.2067474667352371,1.0036680312329955,0.9941428645654304,1.5264182930248378,17.1173882833917226,15.4856014996361875,0.0422646165485502,0.4445258492312126,0.0000000000000000,0.0000000000000000,1.0000470792303977,1.0013187296641179,-1.4693903169239491,111.0829794012298493,112.7060822201778478,0.0999753056845340,0.4500475967861859,0.0000000000000000,0.0000000000000000
32,2283.7064126439145184,2275.3494615099853036,4715.8164837693693698,335.1465639854969254,22.0644619423037227,1948.5598486584176499,38.2059081241326979,38.2059081241326979,97426.0046945404174039,38.2063421706994291,38.2066961267683283,1.0036728209337933,0.9941259902167131,1.5273351445159697,17.1179814305337601,15.4849908615496528,0.0422661652577314,0.4445204081414953,0.0000000000000000,0.0000000000000000,1.0000475809892648,1.0013169702323439,-1.4687055573548378,111.0831997065944563,112.7054246808266811,0.0999756357657747,0.4500470530703816,0.0000000000000000,0.0000000000000000
33,2283.7014846821984975,2275.3348631514868430,4715.8081163625647605,335.1457368067946163,22.0645874013224201,1948.5557478754035401,38.2058851701977460,38.2058851701977460,97426.0046935716673033,38.2063298328729744,38.2066473112634739,1.0036770945965832,0.9941109343467175,1.5281530316901506,17.1185086428962094,15.4844441789932237,0.0422675470160114,0.4445155549234626,0.0000000000000000,0.0000000000000000,1.0000480319340055,1.0013153896623026,-1.4680903090136610,111.0833854142814801,112.7048216189253083,0.0999759321413944,0.4500465656271502,0.0000000000000000,0.0000000000000000
34,2283.6968260997555262,2275.3215771231434701,4715.8001150344252892,335.1449809291983684,22.0646996089065404,1948.5518451705574989,38.2058633652656496,38.2058633652656496,97426.0046926100476412,38.2063181048024560,38.2066009049305535,1.0036809078157654,0.9940975009917448,1.5288826257952728,17.1189771237144903,15.4839546524437583,0.0422687798066098,0.4445112261469386,0.0000000000000000,0.0000000000000000,1.0000484371978799,1.0013139698226703,-1.4675375240056638,111.0835406655862840,112.7042681514126627,0.0999761982287746,0.4500461287114865,0.0000000000000000,0.0000000000000000
35,2283.6924213629413316,2275.3094754562011985,4715.7924677048349622,335.1442896661564532,22.0647999621552593,1948.5481316967848215,38.2058426546452878,38.2058426546452878,97426.0046916602150304,38.2063069583404555,38.2065567969228752,1.0036843101991912,0.9940855152974765,1.5295334484925025,17.1193932962179538,15.4835162104925139,0.0422698796781190,0.4445073652190945,0.0000000000000000,0.0000000000000000,1.0000488013973943,1.0013126944137085,-1.4670408672902795,111.0836691498778777,112.7037598550090678,0.0999764371008249,0.4500457371597041,0.0000000000000000,0.0000000000000000
36,2283.6882559132941424,2275.2984432721536905,4715.7851622060907175,335.1436569923666298,22.0648897111031843,1948.5445989209279105,38.2058229860205714,38.2058229860205714,97426.0046907250653021,38.2062963664611601,38.2065148807678909,1.0036873460121016,0.9940748212471615,1.5301139955295486,17.1197628876064165,15.4831234316374946,0.0422708609521433,0.4445039216482363,0.0000000000000000,0.0000000000000000,1.0000491286840940,1.0013115487830222,-1.4665946448255767,111.0837741519216877,112.7032927217879745,0.0999766515205180,0.4500453863309913,0.0000000000000000,0.0000000000000000
37,2283.6843160989978969,2275.2883774099209404,4715.7781863619957221,335.1430774765365186,22.0649699741681005,1948.5412386224611510,38.2058043093748836,38.2058043093748836,97426.0046898076252546,38.2062863032376256,38.2064750542843115,1.0036900547519318,0.9940652796338871,1.5306318471385865,17.1200910040358281,15.4827714744823055,0.0422717364087498,0.4445008503867751,0.0000000000000000,0.0000000000000000,1.0000494227911754,1.0013105197597940,-1.4661937389373207,111.0838585943382242,112.7028631190877093,0.0999768439719674,0.4500450720548726,0.0000000000000000,0.0000000000000000
38,2283.6805891119583976,2275.2791851987813061,4715.7715280552847616,335.1425462211619788,22.0650417519860724,1948.5380428907965324,38.2057865769144982,38.2057865769144982,97426.0046889102231944,38.2062767438164457,38.2064372194883219,1.0036924716614253,0.9940567662506825,1.5310937665844264,17.1203821975741697,15.4824560154368864,0.0422725174520891,0.4444981112447798,0.0000000000000000,0.0000000000000000,1.0000496870754754,1.0013095955055451,-1.4658335501512170,111.0839250757316705,112.7024677533285484,0.0999770166884225,0.4500447905838463,0.0000000000000000,0.0000000000000000
39,2283.6770629296897823,2275.2707833613262665,4715.7651752844285511,335.1420588084698693,22.0651059397931277,1948.5350041212195720,38.2057697429915422,38.2057697429915422,97426.0046880347363185,38.2062676643903814,38.2064012824909653,1.0036946281866044,0.9940491702752453,1.5315057881224057,17.1206405259745047,15.4821731931177862,0.0422732142582831,0.4444956683666516,0.0000000000000000,0.0000000000000000,1.0000499245552483,1.0013087653799218,-1.4655099448995372,111.0839759048742081,112.7021036373749610,0.0999771716774613,0.4500445385508132,0.0000000000000000,0.0000000000000000
40,2283.6737262617525630,2275.2630970326981696,4715.7591162112385064,335.1416112519286798,22.0651633385101889,1948.5321150098234284,38.2057537640270297,38.2057537640270297,97426.0046871823724359,38.2062590421694495,38.2063671533887970,1.0036965523855343,0.9940423928283461,1.5318732955051200,17.1208696060336116,15.4819195587251173,0.0422738359074676,0.4444934897640712,0.0000000000000000,0.0000000000000000,1.0000501379441853,1.0013080198198701,-1.4652192084565314,111.0840131313982795,112.7017680610736079,0.0999773107436715,0.4500443129307330,0.0000000000000000,0.0000000000000000
41,2283.6705685002552855,2275.2560588836604438,4715.7533392003115296,335.1411999527214789,22.0652146646647864,1948.5293685475335224,38.2057385984342659,38.2057385984342659,97426.0046863542956999,38.2062508553508238,38.2063347461493095,1.0036982692931378,0.9940363456873408,1.5322010920471438,17.1210726612179798,15.4816920317560012,0.0422743905016781,0.4444915468992268,0.0000000000000000,0.0000000000000000,1.0000503296820262,1.0013073502309882,-1.4649580026274833,111.0840385733034736,112.7014585646711708,0.0999774355090650,0.4500441110061306,0.0000000000000000,0.0000000000000000
42,2283.6675796742106286,2275.2496083365799677,4715.7478328515353496,335.1408216607459849,22.0652605592708433,1948.5267580134645868,38.2057242065431524,38.2057242065431524,97426.0046855514810886,38.2062430830879407,38.2063039784926985,1.0036998012467675,0.9940309501381174,1.5324934631531661,17.1212525641695308,15.4814878604803852,0.0422748852700854,0.4444898143129014,0.0000000000000000,0.0000000000000000,1.0000505019621113,1.0013067488897578,-1.4647233276882616,111.0840538416343293,112.7011729148264010,0.0999775474314498,0.4500439303360562,0.0000000000000000,0.0000000000000000
43,2283.6647504072525408,2275.2436908642330309,4715.7425860262974311,335.1404734395891296,22.0653015957767629,1948.5242769676633543,38.2057105505255166,38.2057105505255166,97426.0046847741614329,38.2062357054590720,38.2062747717711417,1.0037011681767680,0.9940261359505815,1.5327542321211762,17.1214118746407813,15.4813045866658854,0.0422753266629363,0.4444882692926007,0.0000000000000000,0.0000000000000000,1.0000506567561764,1.0013062088556013,-1.4645124881552789,111.0840603626021448,112.7009090829561018,0.0999776478209653,0.4500437687281569,0.0000000000000000,0.0000000000000000
44,2283.6620718786052748,2275.2382573628360660,4715.7375878684042618,335.1401526351069720,22.0653382871779229,1948.5219192434979050,38.2056975943218049,38.2056975943218049,97426.0046840228169458,38.2062287034356416,38.2062470508465779,1.0037023878657583,0.9940218404644875,1.5329868099371300,17.1215528733441147,15.4811400140969777,0.0422757204354026,0.4444868915764275,0.0000000000000000,0.0000000000000000,1.0000507958366645,1.0013057238917902,-1.4643230620102372,111.0840593974130428,112.7006652256984154,0.0999777378549607,0.4500436242135561,0.0000000000000000,0.0000000000000000
45,2283.6595357868582141,2275.2332635911830039,4715.7328278202539877,335.1398568472325792,22.0653710923813833,1948.5196789396259192,38.2056853035693109,38.2056853035693109,97426.0046832976659061,38.2062220588505141,38.2062207439680819,1.0037034761800094,0.9940180077736772,1.5331942397107312,17.1216775921566331,15.4809921804785766,0.0422760717224193,0.4444856630888601,0.0000000000000000,0.0000000000000000,1.0000509207967936,1.0013052883943143,-1.4641528730282118,111.0840520600325192,112.7004396672761288,0.0999778185913805,0.4500434950242486,0.0000000000000000,0.0000000000000000
46,2283.6571343165123835,2275.2286696690521239,4715.7282956350591121,335.1395839046978153,22.0654004219031350,1948.5175504118142271,38.2056736455320731,38.2056736455320731,97426.0046825985336909,38.2062157543664043,38.2061957826492815,1.0037044472759242,0.9940145879981725,1.5333792363273151,17.1217878410704536,15.4808593323602253,0.0422763851054793,0.4444845677049811,0.0000000000000000,0.0000000000000000,1.0000510330686314,1.0013048973278800,-1.4639999658835592,111.0840393331131821,112.7002308835719049,0.0999778909808144,0.4500433795727591,0.0000000000000000,0.0000000000000000
47,2283.6548601068848257,2275.2244396284322647,4715.7239813854575914,335.1393318423249070,22.0654266429636330,1948.5155282645596344,38.2056625890326416,38.2056625890326416,97426.0046819252165733,38.2062097734445416,38.2061721015468478,1.0037053137842653,0.9940115366346984,1.5335442218279010,17.1218852322361847,15.4807399027571062,0.0422766646722431,0.4444835910401302,0.0000000000000000,0.0000000000000000,1.0000511339393314,1.0013045461683945,-1.4638625837863657,111.0840220822474151,112.7000374877613211,0.0999779558773279,0.4500432764338800,0.0000000000000000,0.0000000000000000
48,2283.6527062232607932,2275.2205410119713633,4715.7198754691462455,335.1390988806482483,22.0654500840496013,1948.5136073426128860,38.2056521043856989,38.2056521043856989,97426.0046812777436571,38.2062041003138333,38.2061496383402286,1.0037060869745569,0.9940088139771620,1.5336913569790944,17.1219712014130749,15.4806324911760189,0.0422769140697373,0.4444827202622074,0.0000000000000000,0.0000000000000000,1.0000512245657527,1.0013042308512292,-1.4637391483668694,111.0840010687360575,112.6998582173355317,0.0999780140482140,0.4500431843282019,0.0000000000000000,0.0000000000000000
49,2283.6506661301646091,2275.2169445136969443,4715.7159686119812250,335.1388834076632293,22.0654710389955433,1948.5117827225012661,38.2056421633337138,38.2056421633337138,97426.0046806553582428,38.2061987199404527,38.2061283336133144,1.0037067769017827,0.9940063845995470,1.5338225694435401,17.1220470271059284,15.4805358457879674,0.0422771365518294,0.4444819439242112,0.0000000000000000,0.0000000000000000,1.0000513059876159,1.0013039477246832,-1.4636282415865622,111.0839769610254706,112.6996919223828542,0.0999780661827631,0.4500431021073267,0.0000000000000000,0.0000000000000000
50,2283.6487336664877148,2275.2136236574601753,4715.7122518687947377,335.1386839623919514,22.0654897706343434,1948.5100497040957634,38.2056327389846402,38.2056327389846402,97426.0046800577547401,38.2061936179981529,38.2061081307383077,1.0037073925372633,0.9940042168945760,1.5339395789119177,17.1221138476331944,15.4804488475179767,0.0422773350215892,0.4444812518148441,0.0000000000000000,0.0000000000000000,1.0000513791393202,1.0013036935081683,-1.4635285894888170,111.0839503449334558,112.6995375550105791,0.0999781129001485,0.4500430287405753,0.0000000000000000,0.0000000000000000
51,2283.6469030223747723,2275.2105545090803389,4715.7087166224109751,335.1384992201939212,22.0655065140656923,1948.5084038021809647,38.2056238057516069,38.2056238057516069,97426.0046794842783129,38.2061887808391774,38.2060889757621638,1.0037079418854555,0.9940022826620434,1.5340439195299513,17.1221726763540616,15.4803704958431503,0.0422775120690945,0.4444806348251930,0.0000000000000000,0.0000000000000000,1.0000514448605893,1.0013034652545947,-1.4634390475824119,111.0839217328074682,112.6993941597878575,0.0999781547565231,0.4500429633030167,0.0000000000000000,0.0000000000000000
52,2283.6451687177141139,2275.2077154186536063,4715.7053545809621937,335.1383279795124395,22.0655214795773880,1948.5068407382013902,38.2056153392948019,38.2056153392948019,97426.0046789346233709,38.2061841954659158,38.2060708172957106,1.0037084320881480,0.9940005567415535,1.5341369599058581,17.1222244152478851,15.4802998961173817,0.0422776700051610,0.4444800848298197,0.0000000000000000,0.0000000000000000,1.0000515039060260,1.0013032603165817,-1.4633585877155184,111.0838915717056778,112.6992608651173526,0.0999781922513927,0.4500429049647328,0.0000000000000000,0.0000000000000000
53,2283.6435255821274950,2275.2050867897910393,4715.7021577740606517,335.1381691500789657,22.0655348552644242,1948.5053564320483019,38.2056073164653611,38.2056073164653611,97426.0046784079167992,38.2061798495034139,38.2060536064058169,1.0037088695174479,0.9939990166847933,1.5342199209642864,17.1222698670286775,15.4802362482567961,0.0422778108914456,0.4444795945806211,0.0000000000000000,0.0000000000000000,1.0000515569537332,1.0013030763160253,-1.4632862862537763,111.0838602507327408,112.6991368754299998,0.0999782258333660,0.4500428529811125,0.0000000000000000,0.0000000000000000
54,2283.6419687363268167,2275.2026508729677516,4715.6991185476699684,335.1380217422267833,22.0655468093653511,1948.5039469941002608,38.2055997152513811,38.2055997152513811,97426.0046779036201769,38.2061757311725998,38.2060372965106154,1.0037092598587296,0.9939976424631849,1.5342938918725331,17.1223097459461293,15.4801788366410680,0.0422779365672996,0.4444791576122043,0.0000000000000000,0.0000000000000000,1.0000516046130339,1.0013029111168172,-1.4632213134864003,111.0838281075712075,112.6990214641463410,0.0999782559053024,0.4500428066842041,0.0000000000000000,0.0000000000000000
55,2283.6404935747373202,2275.2003915803866221,4715.6962295582607112,335.1378848573886557,22.0655574923589342,1948.5026087173487213,38.2055925147259714,38.2055925147259714,97426.0046774210059084,38.2061718292644485,38.2060218432779379,1.0037096081846610,0.9939964162070067,1.5343598442526591,17.1223446874210694,15.4801270210983333,0.0422780486737374,0.4444787681573883,0.0000000000000000,0.0000000000000000,1.0000516474314407,1.0013027628002553,-1.4631629240766131,111.0837954343411553,112.6989139673027154,0.0999782828289596,0.4500427654748681,0.0000000000000000,0.0000000000000000
56,2283.6390957493126734,2275.1982943201323906,4715.6934837661165147,335.1377576795247819,22.0655670388349918,1948.5013380697878347,38.2055856949973389,38.2055856949973389,97426.0046769595501246,38.2061681331149074,38.2060072045270545,1.0037099190212351,0.9939953219726638,1.5344186448594250,17.1223752566361576,15.4800802288583181,0.0422781486748143,0.4444784210718854,0.0000000000000000,0.0000000000000000,1.0000516859009030,1.0013026296429843,-1.4631104484993500,111.0837624828197221,112.6988137778001686,0.0999783069291589,0.4500427288157766,0.0000000000000000,0.0000000000000000
57,2283.6377711543937039,2275.1963458474924664,4715.6908744281063264,335.1376394674638277,22.0655755691719762,1948.5001316869302173,38.2055792371608831,38.2055792371608831,97426.0046765182487434,38.2061646325807516,38.2059933401337233,1.0037101964067003,0.9939943455350306,1.5344710668929942,17.1224019561977165,15.4800379473682703,0.0422782378767084,0.4444781117670555,0.0000000000000000,0.0000000000000000,1.0000517204634352,1.0013025100971553,-1.4630632853359771,111.0837294691084196,112.6987203401993867,0.0999783284975405,0.4500426962250826,0.0000000000000000,0.0000000000000000
58,2283.6365159126362414,2275.1945341317468774,4715.6883950900564741,335.1375295480349337,22.0655831910356035,1948.4989863646014783,38.2055731232532381,38.2055731232532381,97426.0046760967379669,38.2061613180162851,38.2059802119385807,1.0037104439441311,0.9939934742021808,1.5345178000911215,17.1224252329675508,15.4799997178801938,0.0422783174447418,0.4444778361499387,0.0000000000000000,0.0000000000000000,1.0000517515161755,1.0013024027725790,-1.4630208943496683,111.0836965778009358,112.6986331460141315,0.0999783477959340,0.4500426672707524,0.0000000000000000,0.0000000000000000
59,2283.6353263618248093,2275.1928482366988646,4715.6860395787398375,335.1374273099249876,22.0655900007204444,1948.4978990518993669,38.2055673362082615,38.2055673362082615,97426.0046756938681938,38.2061581802508883,38.2059677836588989,1.0037106648483312,0.9939926966500990,1.5345594597331136,17.1224454841541487,15.4799651297256187,0.0422783884185677,0.4444775905697562,0.0000000000000000,0.0000000000000000,1.0000517794159296,1.0013023064207087,-1.4629827902679580,111.0836639656987046,112.6985517294586145,0.0999783650593908,0.4500426415654681,0.0000000000000000,0.0000000000000000
60,2283.6341990425839867,2275.1912782135514135,4715.6838019936658384,335.1373321981748745,22.0655960843489574,1948.4968668444093964,38.2055618598148570,38.2055618598148570,97426.0046753095230088,38.2061552105674451,38.2059560208036970,1.0037108619876840,0.9939920027752123,1.5345965946727169,17.1224630627436696,15.4799338152043866,0.0422784517257215,0.4444773717701675,0.0000000000000000,0.0000000000000000,1.0000518044832558,1.0013022199202424,-1.4629485371962829,111.0836317651229734,112.6984756635990550,0.0999783804989051,0.4500426187620483,0.0000000000000000,0.0000000000000000
61,2283.6331306869055879,2275.1898150048200478,4715.6816766987667506,335.1372437092821883,22.0656015189468384,1948.4958869776232859,38.2055566786766221,38.2055566786766221,97426.0046749426255701,38.2061524006815887,38.2059448905921002,1.0037110379214966,0.9939913835627934,1.5346296945064175,17.1224782823433053,15.4799054450204459,0.0422785081937130,0.4444771768466753,0.0000000000000000,0.0000000000000000,1.0000518270061471,1.0013021422641590,-1.4629177435873117,111.0836000868773965,112.6984045568678567,0.0999783943038695,0.4500425985493128,0.0000000000000000,0.0000000000000000
62,2283.6321182073947966,2275.1884503581050012,4715.6796583139694121,335.1371613868203099,22.0656063734022148,1948.4949568205743162,38.2055517781733371,38.2055517781733371,97426.0046745924337301,38.2061497427217489,38.2059343618749807,1.0037111949333080,0.9939908309695947,1.5346591959662010,17.1224914214974469,15.4798797242080823,0.0422785585608123,0.4444770032086492,0.0000000000000000,0.0000000000000000,1.0000518472433246,1.0013020725481092,-1.4628900577361463,111.0835690228770005,112.6983380499175240,0.0999784066442737,0.4500425806483982,0.0000000000000000,0.0000000000000000
63,2283.6311586872648149,2275.1871767487368743,4715.6777417068415161,335.1370848175425294,22.0656107093252452,1948.4940738697218876,38.2055471444240666,38.2055471444240666,97426.0046742585400352,38.2061472292100532,38.2059244050598465,1.0037113350606144,0.9939903378190992,1.5346854886248309,17.1225027275368866,15.4798563884933724,0.0422786034856740,0.4444768485454229,0.0000000000000000,0.0000000000000000,1.0000518654272110,1.0013020099599517,-1.4628651637234071,111.0835386484968126,112.6982758127674202,0.0999784176726841,0.4500425648094253,0.0000000000000000,0.0000000000000000
64,2283.6302493709695227,2275.1859873103221616,4715.6759219842315360,335.1370136279458052,22.0656145818169875,1948.4932357430238881,38.2055427642519945,38.2055427642519945,97426.0046739401150262,38.2061448530438739,38.2059149920387995,1.0037114601213899,0.9939898977080793,1.5347089199853894,17.1225124200097802,15.4798352010455371,0.0422786435559243,0.4444767107960471,0.0000000000000000,0.0000000000000000,1.0000518817665998,1.0013019537703571,-1.4628427777681168,111.0835090246637122,112.6982175422198793,0.0999784275260239,0.4500425508085087,0.0000000000000000,0.0000000000000000
65,2283.6293876554445887,2275.1848757723864765,4715.6741944840969154,335.1369474811951932,22.0656180401568953,1948.4924401742491682,38.2055386251508722,38.2055386251508722,97426.0046736367221456,38.2061426074780357,38.2059060961196408,1.0037115717377432,0.9939895049232318,1.5347298000214131,17.1225206937398369,15.4798159495763805,0.0422786792958236,0.4444765881223174,0.0000000000000000,0.0000000000000000,1.0000518964490490,1.0013019033243860,-1.4628226449620882,111.0834801997133638,112.6981629595291281,0.0999784363271701,0.4500425384450772,0.0000000000000000,0.0000000000000000
66,2283.6285710819702217,2275.1838364043956062,4715.6725547674641348,335.1368860744790936,22.0656211284183925,1948.4916850074914692,38.2055347152530231,38.2055347152530231,97426.0046733475755900,38.2061404861075502,38.2058976919599473,1.0037116713570364,0.9939891543667791,1.5347484052289087,17.1225277215533396,15.4797984437492584,0.0422787111731012,0.4444764788847023,0.0000000000000000,0.0000000000000000,1.0000519096430442,1.0013018580338773,-1.4628045363181315,111.0834522110523181,112.6981118082780569,0.0999784441863930,0.4500425275394515,0.0000000000000000,0.0000000000000000
67,2283.6277973285236840,2275.1828639654549988,4715.6709986105679491,335.1368291366412677,22.0656238860192566,1948.4909681918820752,38.2055310232988248,38.2055310232988248,97426.0046730718750041,38.2061384828503634,38.2058897555040957,1.0037117602707106,0.9939888414901237,1.5347649822393450,17.1225336567084483,15.4797825128663735,0.0422787396050542,0.4444763816208693,0.0000000000000000,0.0000000000000000,1.0000519214999266,1.0013018173706643,-1.4627882461386434,111.0834250866240893,112.6980638524694172,0.0999784512026472,0.4500425179306823,0.0000000000000000,0.0000000000000000
68,2283.6270642026966016,2275.1819536591492579,4715.6695219972625637,335.1367764261586331,22.0656263482140318,1948.4902877765380254,38.2055275386077255,38.2055275386077255,97426.0046728092856938,38.2061365919297344,38.2058822639231366,1.0037118396310964,0.9939885622346268,1.5347797510446721,17.1225386350617228,15.4797680038025423,0.0422787649639885,0.4444762950265287,0.0000000000000000,0.0000000000000000,1.0000519321556414,1.0013017808604328,-1.4627735896339402,111.0833988462242701,112.6980188747861007,0.0999784574647324,0.4500425094745986,0.0000000000000000,0.0000000000000000
69,2283.6263696350633836,2275.1811010929473014,4715.6681211116883787,335.1367277294153268,22.0656285465348994,1948.4896419056476589,38.2055242510505693,38.2055242510505693,97426.0046725595166208,38.2061348078547454,38.2058751955574749,1.0037119104664061,0.9939883129787818,1.5347929078738449,17.1225427769986851,15.4797547791602526,0.0422787875820747,0.4444762179383346,0.0000000000000000,0.0000000000000000,1.0000519417322962,1.0013017480772326,-1.4627604007944370,111.0833735026627949,112.6979766750239520,0.0999784630523380,0.4500425020420516,0.0000000000000000,0.0000000000000000
70,2283.6257116730457710,2275.1803022417611828,4715.6667923312043058,335.1366828592261413,22.0656305091858087,1948.4890288138194592,38.2055211510233690,38.2055211510233690,97426.0046723214181839,38.2061331253965477,38.2058685298622152,1.0037119736941125,0.9939880904910768,1.5348046277596481,17.1225461891548427,15.4797427156217662,0.0422788077556795,0.4444761493186352,0.0000000000000000,0.0000000000000000,1.0000519503395722,1.0013017186385231,-1.4627485304698098,111.0833490628021849,112.6979370686657518,0.0999784680369806,0.4500424955173465,0.0000000000000000,0.0000000000000000
71,2283.6250884751761987,2275.1795534151788161,4715.6655322196420457,335.1366416536492352,22.0656322613954501,1948.4884468215268498,38.2055182294223528,38.2055182294223528,97426.0046720947866561,38.2061315395551730,38.2058622473551566,1.0037120301328835,0.9939878918879504,1.5348150668279477,17.1225489659490719,15.4797317024777730,0.0422788257492298,0.4444760882418720,0.0000000000000000,0.0000000000000000,1.0000519580759843,1.0013016922007423,-1.4627378446494959,111.0833255284779284,112.6978998855960299,0.0999784724828483,0.4500424897968192,0.0000000000000000,0.0000000000000000
72,2283.6244983058204525,2275.1788512280595569,4715.6643375209314399,335.1366039750145660,22.0656338257325970,1948.4878943308058297,38.2055154776203096,38.2055154776203096,97426.0046718792145839,38.2061300455066188,38.2058563295673750,1.0037120805132316,0.9939877145962561,1.5348243643411354,17.1225511909513664,15.4797216403129685,0.0422788417986623,0.4444760338824278,0.0000000000000000,0.0000000000000000,1.0000519650300137,1.0013016684553160,-1.4627282229186420,111.0833028973167700,112.6978649689374521,0.0999784764475580,0.4500424847875683,0.0000000000000000,0.0000000000000000
73,2283.6239395302927733,2275.1781925741270243,4715.6632051530486933,335.1365697092141431,22.0656352223892327,1948.4873698210785733,38.2055128874441010,38.2055128874441010,97426.0046716741053388,38.2061286385093695,38.2058507589961778,1.0037121254870200,0.9939875563197921,1.5348326445206339,17.1225529381012613,15.4797124398324204,0.0422788561144994,0.4444759855038019,0.0000000000000000,0.0000000000000000,1.0000519712811344,1.0013016471250618,-1.4627195570606801,111.0832811634705024,112.6978321739924951,0.0999784799828387,0.4500424804063021,0.0000000000000000,0.0000000000000000
74,2283.6234106103352133,2275.1775746022462954,4715.6621322023256653,335.1365387652055006,22.0656364694328495,1948.4868718451293716,38.2055104511534225,38.2055104511534225,97426.0046714789350517,38.2061272841551656,38.2058455190606239,1.0037121656359351,0.9939874150094294,1.5348400181729094,17.1225542727941686,15.4797040208135979,0.0422788688845954,0.4444759424489347,0.0000000000000000,0.0000000000000000,1.0000519769007219,1.0013016279609788,-1.4627117498153552,111.0832603182636831,112.6978013672966057,0.0999784831351441,0.4500424765783120,0.0000000000000000,0.0000000000000000
75,2283.6229100999921684,2275.1769946951640122,4715.6611159181811672,335.1365110747474318,22.0656375830330980,1948.4863990252447365,38.2055081614206884,38.2055081614206884,97426.0046712933981325,38.2061260392839017,38.2058405940592465,1.0037122014790589,0.9939872888364512,1.5348465841411336,17.1225552528505105,15.4796963111701356,0.0422788802765860,0.4444759041315822,0.0000000000000000,0.0000000000000000,1.0000519819528795,1.0013016107393486,-1.4627047137537090,111.0832403507725985,112.6977724257540103,0.0999784859462045,0.4500424732365401,0.0000000000000000,0.0000000000000000
76,2283.6224366418778118,2275.1764504504835713,4715.6601537083106450,335.1364865923725915,22.0656385776651689,1948.4859500495053908,38.2055060113120319,38.2055060113120319,97426.0046711168834008,38.2061248708836629,38.2058359691301348,1.0037122334796154,0.9939871761687742,1.5348524305992868,17.1225559293793097,15.4796892461167328,0.0422788904400750,0.4444758700286163,0.0000000000000000,0.0000000000000000,1.0000519864951800,1.0013015952591229,-1.4626983702660965,111.0832212483512649,112.6977452358645166,0.0999784884535268,0.4500424703207327,0.0000000000000000,0.0000000000000000
77,2283.6219889637391134,2275.1759396635911799,4715.6592431341832707,335.1364652955455767,22.0656394662896567,1948.4855236681937640,38.2055039942693924,38.2055039942693924,97426.0046709492744412,38.2061237750560139,38.2058316302131828,1.0037122620509940,0.9939870755497293,1.5348576362074944,17.1225563475485671,15.4796827674230890,0.0422788995085834,0.4444758396731548,0.0000000000000000,0.0000000000000000,1.0000519905793248,1.0013015813395956,-1.4626926486607061,111.0832029970897707,112.6977196930248226,0.0999784906908364,0.4500424677767039,0.0000000000000000,0.0000000000000000
78,2283.6215658754308606,2275.1754603124500136,4715.6583819071320249,335.1364471851101712,22.0656402605170392,1948.4851186903206326,38.2055021040935827,38.2055021040935827,97426.0046707900764886,38.2061227482678873,38.2058275640145553,1.0037122875621298,0.9939869856791196,1.5348622711430817,17.1225565472730885,15.4796768227483650,0.0422789076012924,0.4444758126484153,0.0000000000000000,0.0000000000000000,1.0000519942517458,1.0013015688182876,-1.4626874853419594,111.0831855822400627,112.6976957009000841,0.0999784926884863,0.4500424655556277,0.0000000000000000,0.0000000000000000
79,2283.6211662661821720,2275.1750105440082734,4715.6575678848321331,335.1364322859117237,22.0656409707519536,1948.4847339802704482,38.2055003349285300,38.2055003349285300,97426.0046706389111932,38.2061217872580983,38.2058237579732491,1.0037123103422951,0.9939869053963304,1.5348663980198722,17.1225565638277004,15.4796713650476807,0.0422789148245955,0.4444757885822475,0.0000000000000000,0.0000000000000000,1.0000519975541353,1.0013015575490667,-1.4626828230848616,111.0831689885904296,112.6976731708660964,0.0999784944738165,0.4500424636134372,0.0000000000000000,0.0000000000000000
80,2283.6207891023000229,2275.1745886621970385,4715.6567990683224707,335.1364206477007883,22.0656416063243519,1948.4843684545990072,38.2054986812463255,38.2054986812463255,97426.0046704954438610,38.2061208889865753,38.2058202002296952,1.0037123306853868,0.9939868336652358,1.5348700727100173,17.1225564283960914,15.4796663520422833,0.0422789212734853,0.4444757671422387,0.0000000000000000,0.0000000000000000,1.0000520005239319,1.0013015474004314,-1.4626786103679166,111.0831532008161702,112.6976520215042825,0.0999784960714840,0.4500424619102547,0.0000000000000000,0.0000000000000000
81,2283.6204334250928696,2275.1741931172073237,4715.6560735995299183,335.1364123462811904,22.0656421756071488,1948.4840210788120203,38.2054971378334116,38.2054971378334116,97426.0046703593689017,38.2061200506052145,38.2058168795964477,1.0037123488537434,0.9939867695607528,1.5348733450757770,17.1225561685600773,15.4796617457482135,0.0422789270327915,0.4444757480313393,0.0000000000000000,0.0000000000000000,1.0000520031947511,1.0013015382539865,-1.4626748007837875,111.0831382037936521,112.6976321781585710,0.0999784975037611,0.4500424604098783,0.0000000000000000,0.0000000000000000
82,2283.6200983492949490,2275.1738224961786727,4715.6553897593967122,335.1364074849257690,22.0656426861204054,1948.4836908643687821,38.2054956997776145,38.2054956997776145,97426.0046702306426596,38.2061192694400660,38.2058137855308360,1.0037123650815609,0.9939867122568251,1.5348762596238608,17.1225558087382623,15.4796575120561375,0.0422789321782854,0.4444757309839650,0.0000000000000000,0.0000000000000000,1.0000520055967725,1.0013015300030599,-1.4626713525038753,111.0831239828962396,112.6976135725439292,0.0999784987908013,0.4500424590793261,0.0000000000000000,0.0000000000000000
83,2283.6197830617211366,2275.1734755149623197,4715.6547459665116548,335.1364061960718459,22.0656431446263142,1948.4833768656490065,38.2054943624561929,38.2054943624561929,97426.0046701086539542,38.2061185429793326,38.2058109081095907,1.0037123795779339,0.9939866610157060,1.5348788560889588,17.1225553705782652,15.4796536203576451,0.0422789367776663,0.4444757157625029,0.0000000000000000,0.0000000000000000,1.0000520077570874,1.0013015225514597,-1.4626682277970673,111.0831105242676813,112.6975961424016361,0.0999784999508841,0.4500424578884054,0.0000000000000000,0.0000000000000000
84,2283.6194868203920123,2275.1731510110680574,4715.6541407764752876,335.1364086433488865,22.0656435572142016,1948.4830781770433532,38.2054931215247677,38.2054931215247677,97426.0046699934609933,38.2061178688646663,38.2058082380054955,1.0037123925295839,0.9939866151783788,1.5348811699554528,17.1225548733093937,15.4796500432131534,0.0422789408914412,0.4444757021541944,0.0000000000000000,0.0000000000000000,1.0000520097000161,1.0013015158123464,-1.4626653925933937,111.0830978150860346,112.6975798312028161,0.0999785010006370,0.4500424568093174,0.0000000000000000,0.0000000000000000
85,2283.6192089539781591,2275.1728479376233736,4715.6535728818489588,335.1364150239031687,22.0656439293767193,1948.4827939300748767,38.2054919729072040,38.2054919729072040,97426.0046698847727384,38.2061172448843323,38.2058057664658932,1.0037124041032799,0.9939865741560340,1.5348832329217093,17.1225543340583357,15.4796467560582265,0.0422789445737122,0.4444756899683431,0.0000000000000000,0.0000000000000000,1.0000520114473810,1.0013015097072340,-1.4626628160981738,111.0830858438103093,112.6975645878993362,0.0999785019552365,0.4500424558163028,0.0000000000000000,0.0000000000000000
86,2283.6189488616655581,2275.1725653582984705,4715.6530411128478590,335.1364255711059172,22.0656442660786141,1948.4825232905595840,38.2054909127864235,38.2054909127864235,97426.0046697826037416,38.2061166689675247,38.2058034852932238,1.0037124144480165,0.9939865374224238,1.5348850733166710,17.1225537681347824,15.4796437369424531,0.0422789478728772,0.4444756790338227,0.0000000000000000,0.0000000000000000,1.0000520130187645,1.0013015041650577,-1.4626604704317856,111.0830746004296259,112.6975503667100043,0.0999785028285919,0.4500424548853076,0.0000000000000000,0.0000000000000000
87,2283.6187060134575404,2275.1723024432194507,4715.6525444388189499,335.1364405576508716,22.0656445718193730,1948.4822654558070099,38.2054899375961412,38.2054899375961412,97426.0046696866484126,38.2061161391795991,38.2058013868275097,1.0037124236969515,0.9939865045070724,1.5348867164700764,17.1225531892880340,15.4796409663002184,0.0422789508322575,0.4444756691968375,0.0000000000000000,0.0000000000000000,1.0000520144317315,1.0013014991213574,-1.4626583303146390,111.0830640767022857,112.6975371269549271,0.0999785036335162,0.4500424539936611,0.0000000000000000,0.0000000000000000
88,2283.6184799508882861,2275.1720584657350628,4715.6520819705156100,335.1364602990647086,22.0656448506891358,1948.4820196518239754,38.2054890440135182,38.2054890440135182,97426.0046695968921995,38.2061156537179372,38.2057994639307879,1.0037124319691451,0.9939864749891850,1.5348881850446219,17.1225526099406125,15.4796384267483980,0.0422789534906567,0.4444756603189299,0.0000000000000000,0.0000000000000000,1.0000520157020347,1.0013014945175189,-1.4626563727740347,111.0830542664023284,112.6975248329252395,0.0999785043818811,0.4500424531197909,0.0000000000000000,0.0000000000000000
89,2283.6182702882224476,2275.1718328000906695,4715.6516529632490347,335.1364851577019408,22.0656451064188417,1948.4817851305206204,38.2054882289527811,38.2054882289527811,97426.0046695134806214,38.2061152109084432,38.2057977099736021,1.0037124393711119,0.9939864484922308,1.5348894993319107,17.1225520413998495,15.4796361029097209,0.0422789558828591,0.4444756522752114,0.0000000000000000,0.0000000000000000,1.0000520168437930,1.0013014903001012,-1.4626545768849013,111.0830451655650819,112.6975134537954375,0.0999785050847569,0.4500424522429675,0.0000000000000000,0.0000000000000000
90,2283.6180767141613615,2275.1716249199594131,4715.6512568210855534,335.1365155472551578,22.0656453424259560,1948.4815611669064310,38.2054874895598147,38.2054874895598147,97426.0046694360498805,38.2061148092026031,38.2057961188235424,1.0037124459982218,0.9939864246790981,1.5348906775172910,17.1225514940512547,15.4796339812587309,0.0422789580400718,0.4444756449528270,0.0000000000000000,0.0000000000000000,1.0000520178696637,1.0013014864202121,-1.4626529235277985,111.0830367727443360,112.6975029635700025,0.0999785057525416,0.4500424513430858,0.0000000000000000,0.0000000000000000
91,2283.6178989940790416,2275.1714343977987483,4715.6508931019961892,335.1365519378159661,22.0656455618479725,1948.4813470562630755,38.2054868232077212,38.2054868232077212,97426.0046693651675014,38.2061144471750538,38.2057946848358583,1.0037124519359641,0.9939864032477983,1.5348917359158403,17.1225509775338729,15.4796320499879290,0.0422789599903054,0.4444756382498048,0.0000000000000000,0.0000000000000000,1.0000520187909976,1.0013014828329803,-1.4626513951785114,111.0830290892611316,112.6974933410634634,0.0999785063950417,0.4500424504006825,0.0000000000000000,0.0000000000000000
92,2283.6177369728943631,2275.1712609050387073,4715.6505615243149805,335.1365948616266337,22.0656457675569797,1948.4811421112676726,38.2054862274934237,38.2054862274934237,97426.0046693003823748,38.2061141235218074,38.2057934028463251,1.0037124572611276,0.9939863839276722,1.5348926891833017,17.1225505008977663,15.4796302988897221,0.0422789617586741,0.4444756320746663,0.0000000000000000,0.0000000000000000,1.0000520196180269,1.0013014794971480,-1.4626499757218880,111.0830221194269285,112.6974845698928789,0.0999785070214519,0.4500424493975804,0.0000000000000000,0.0000000000000000
93,2283.6175905786917610,2275.1711042129404632,4715.6502619746579512,335.1366449195681412,22.0656459621024652,1948.4809456591233356,38.2054857002353145,38.2054857002353145,97426.0046692425239598,38.2061138370589504,38.2057922681662987,1.0037124620430133,0.9939863664761516,1.5348935505040924,17.1225500727337483,15.4796287192432089,0.0422789633675299,0.4444756263483273,0.0000000000000000,0.0000000000000000,1.0000520203601755,1.0013014763750228,-1.4626486503279637,111.0830158706018551,112.6974766384071103,0.0999785076399402,0.4500424483199991,0.0000000000000000,0.0000000000000000
94,2283.6174598274187701,2275.1709641936140542,4715.6499945180639770,335.1367027887023369,22.0656461474110159,1948.4807570387160922,38.2054852394720257,38.2054852394720257,97426.0046691917377757,38.2061135867220472,38.2057912765801433,1.0037124663450505,0.9939863506762752,1.5348943317630379,17.1225497012421854,15.4796273036701084,0.0422789648361427,0.4444756210132312,0.0000000000000000,0.0000000000000000,1.0000520210268509,1.0013014734336061,-1.4626474055030343,111.0830103526078574,112.6974695392759713,0.0999785082558373,0.4500424471704600,0.0000000000000000,0.0000000000000000
95,2283.6173448300373821,2275.1708408198119287,4715.6497594129386925,335.1367692316987359,22.0656463236158373,1948.4805755983384188,38.2054848434621732,38.2054848434621732,97426.0046691491734236,38.2061133715659764,38.2057904243449187,1.0037124702280300,0.9939863363354651,1.5348950437261504,17.1225493941284945,15.4796260458331432,0.0422789661789486,0.4444756160664893,0.0000000000000000,0.0000000000000000,1.0000520216299293,1.0013014706497141,-1.4626462297118366,111.0830055747259593,112.6974632676745927,0.0999785088647771,0.4500424460114492,0.0000000000000000,0.0000000000000000
96,2283.6172458057958465,2275.1707341584328788,4715.6495571388595636,335.1368451105835220,22.0656464847576430,1948.4804006952122108,38.2054845106851602,38.2054845106851602,97426.0046691170864506,38.2061131907654286,38.2057897081920572,1.0037124737588043,0.9939863232860836,1.5348956963581486,17.1225491579329336,15.4796249394761443,0.0422789673990838,0.4444756116732734,0.0000000000000000,0.0000000000000000,1.0000520221916847,1.0013014680285206,-1.4626451159626157,111.0830015336088934,112.6974578138216856,0.0999785094276160,0.4500424451228952,0.0000000000000000,0.0000000000000000
97,2283.6171631137053737,2275.1706443473458421,4715.6493884646170045,335.1369314124690959,22.0656466032165319,1948.4802317012358799,38.2054842398420078,38.2054842398420078,97426.0046691019670106,38.2061130436153888,38.2057891253295310,1.0037124770343466,0.9939863113802266,1.5348962999481390,17.1225489952868415,15.4796239745529167,0.0422789684660656,0.4444756085470100,0.0000000000000000,0.0000000000000000,1.0000520227675289,1.0013014656623305,-1.4626440704751786,111.0829981667964006,112.6974531315912884,0.0999785097799396,0.4500424455620941,0.0000000000000000,0.0000000000000000
98,2283.6170973298062563,2275.1705715737371065,4715.6492546389181371,335.1370293048815938,22.0656465735443774,1948.4800680249250036,38.2054840298541052,38.2054840298541052,97426.0046691112511326,38.2061129295305619,38.2057886734394145,1.0037124802252635,0.9939863003750057,1.5348968712169828,17.1225488931223921,15.4796231178934107,0.0422789692397067,0.4444756091874072,0.0000000000000000,0.0000000000000000,1.0000520234859334,1.0013014638749878,-1.4626431364355028,111.0829951711170338,112.6974489961304755,0.0999785093093049,0.4500424511074607,0.0000000000000000,0.0000000000000000
99,2283.6170493561025978,2275.1705165956636847,4715.6491578855157059,335.1371402131064201,22.0656460100388934,1948.4799091429963482,38.2054838798532117,38.2054838798532117,97426.0046690601884620,38.2061128480403696,38.2057883506584588,1.0037124833935862,0.9939862886563963,1.5348974757924676,17.1225487617457617,15.4796221918096482,0.0422789692109492,0.4444756215929352,0.0000000000000000,0.0000000000000000,1.0000520243821793,1.0013014632395707,-1.4626424231755237,111.0829912556688157,112.6974442842770401,0.0999785058265881,0.4500424746650651,0.0000000000000000,0.0000000000000000
100,2283.6170124050995582,2275.1704607058604779,4715.6490890526301882,335.1373391579990653,22.0656466519479295,1948.4796732471004361,38.2054837891589187,38.2054837891589187,99374.5247616660053609,38.2061127987788467,38.2057881555388761,1.0037124918089078,0.9939862378149754,1.5349006968877728,17.1225510741464397,15.4796204173515441,0.0422789733752893,0.4444755923854014,0.0000000000000000,0.0000000000000000,1.0000520260646337,1.0013014568644347,-1.4626395967272998,111.0829913512101683,112.6974408372186502,0.0999785063194239,0.4500424658824361,0.0000000000000000,0.0000000000000000
